start_city,destination_city,distance_km,vehicle_type,fuel_type,mileage,fuel_price,passengers,departure_hour,traffic_level,weather_condition,toll_cost,parking_cost,estimated_time_minutes,fuel_consumption_litres,total_trip_cost
Bengaluru,Mysuru,148.27,Sedan,Petrol,15.67,94.89,5,19,Medium,Cloudy,252.47,120.0,173.91,9.677,1393.39
Rajkot,Ahmedabad,215.59,Hatchback,Diesel,21.43,97.64,1,9,Medium,Clear,217.57,60.0,233.59,10.641,1435.61
Ahmedabad,Vadodara,118.93,SUV,CNG,9.79,83.65,3,19,Medium,Clear,113.29,40.0,118.0,12.956,1345.6
Rajkot,Ahmedabad,225.28,SUV,Diesel,13.16,88.54,4,5,Medium,Clear,341.6,80.0,256.44,17.97,2187.79
Rajkot,Ahmedabad,223.63,SUV,Petrol,8.77,95.26,3,18,Medium,Clear,221.95,80.0,252.12,26.428,2989.54
Pune,Mumbai,156.85,Sedan,Petrol,12.98,95.65,2,23,High,Cloudy,393.79,120.0,250.21,14.032,1951.9
Ahmedabad,Udaipur,272.64,SUV,Diesel,14.52,87.91,1,6,Medium,Rain,238.76,40.0,322.16,19.656,2231.1
Ahmedabad,Vadodara,121.51,SUV,Petrol,9.35,105.64,2,21,Low,Clear,119.0,40.0,112.5,12.685,1602.66
Ahmedabad,Vadodara,121.42,Sedan,CNG,14.96,77.78,3,2,Medium,Cloudy,144.95,40.0,122.95,8.63,951.5
Pune,Mumbai,168.18,Hatchback,Petrol,18.37,103.53,1,19,Medium,Clear,369.99,0.0,211.65,9.392,1425.83
Ahmedabad,Vadodara,110.46,Sedan,Diesel,14.09,91.11,5,12,Low,Rain,192.42,0.0,113.64,7.612,979.59
Ahmedabad,Vadodara,115.98,SUV,Diesel,14.49,88.48,5,19,Medium,Rain,138.02,80.0,135.54,8.154,1036.33
Bengaluru,Mysuru,154.19,Sedan,CNG,14.58,80.86,5,1,Medium,Clear,238.26,0.0,171.4,10.744,1224.49
Ahmedabad,Surat,278.77,Sedan,Diesel,16.74,92.75,1,17,High,Clear,434.4,0.0,294.56,18.852,2391.52
Pune,Mumbai,158.67,Hatchback,CNG,17.73,76.67,4,21,High,Clear,261.79,0.0,235.94,10.751,1173.73
Pune,Mumbai,165.25,Sedan,Diesel,19.73,95.58,2,14,Medium,Fog,390.16,0.0,263.99,8.836,1332.65
Rajkot,Ahmedabad,222.11,Sedan,Diesel,13.86,92.0,4,19,Medium,Clear,251.17,150.0,247.84,16.297,2092.35
Surat,Mumbai,292.5,SUV,Diesel,9.77,87.06,1,1,Medium,Rain,496.7,0.0,283.54,32.224,3584.59
Delhi,Jaipur,303.0,SUV,Petrol,9.8,95.75,4,16,Medium,Cloudy,279.94,80.0,302.93,31.792,3688.44
Ahmedabad,Udaipur,284.15,Sedan,Petrol,17.93,98.22,4,10,Medium,Cloudy,185.51,60.0,293.65,16.535,2040.44
Rajkot,Ahmedabad,231.02,Hatchback,Diesel,20.1,94.72,3,13,Medium,Clear,299.45,60.0,259.47,11.897,1618.21
Bengaluru,Mysuru,155.24,Sedan,CNG,17.05,73.98,5,12,Medium,Clear,183.12,60.0,165.48,9.306,1054.57
Surat,Mumbai,301.77,Hatchback,Diesel,18.41,96.29,1,7,High,Rain,513.0,80.0,341.35,18.896,2584.75
Rajkot,Ahmedabad,215.64,Sedan,Petrol,14.78,106.84,4,15,Low,Clear,197.05,150.0,203.34,13.603,1958.6
Vadodara,Mumbai,457.13,Hatchback,CNG,17.49,85.75,1,19,Medium,Cloudy,655.16,150.0,371.59,28.011,3420.37
Surat,Mumbai,309.73,Sedan,Diesel,17.3,94.2,3,23,High,Clear,469.77,60.0,279.74,20.207,2676.11
Bengaluru,Mysuru,156.06,SUV,Diesel,15.76,91.53,3,1,Low,Clear,246.53,120.0,149.11,9.272,1325.25
Ahmedabad,Udaipur,267.53,Hatchback,Petrol,16.7,104.05,3,19,High,Clear,183.61,80.0,338.74,18.94,2395.24
Ahmedabad,Surat,291.33,SUV,Petrol,11.87,105.09,1,14,Medium,Clear,376.2,120.0,290.03,26.158,3454.24
Pune,Mumbai,169.75,Sedan,Petrol,16.24,107.37,4,12,Medium,Clear,219.17,0.0,210.61,10.594,1473.49
Ahmedabad,Udaipur,264.22,Hatchback,Petrol,15.15,99.38,3,18,Medium,Clear,225.76,60.0,258.18,17.736,2227.12
Pune,Mumbai,168.99,SUV,Petrol,11.29,103.96,2,4,Low,Clear,200.27,40.0,186.2,13.752,1820.65
Ahmedabad,Surat,264.88,Hatchback,Diesel,20.28,96.34,3,0,High,Cloudy,398.5,120.0,300.79,15.671,2175.97
Bengaluru,Mysuru,149.3,SUV,Petrol,13.32,98.46,4,13,Medium,Clear,168.12,0.0,163.8,11.587,1410.87
Pune,Mumbai,154.24,Hatchback,CNG,17.96,82.34,5,7,High,Clear,227.37,80.0,229.89,10.017,1240.97
Delhi,Jaipur,293.0,SUV,Petrol,12.07,97.24,5,20,Low,Cloudy,339.14,80.0,267.47,23.037,2932.94
Pune,Mumbai,168.45,Hatchback,Diesel,15.99,95.76,5,8,Medium,Clear,278.03,80.0,211.37,11.363,1525.28
Vadodara,Mumbai,430.7,Hatchback,CNG,19.25,74.97,2,11,Medium,Rain,576.89,120.0,385.42,23.847,2735.08
Rajkot,Ahmedabad,235.96,SUV,CNG,12.41,73.4,1,0,Medium,Clear,265.86,80.0,276.59,19.728,1979.73
Ahmedabad,Udaipur,266.57,Sedan,Diesel,16.38,93.62,3,22,Medium,Clear,225.75,0.0,259.12,17.226,2013.42
Ahmedabad,Udaipur,282.93,Sedan,Diesel,14.48,89.78,1,7,High,Rain,322.47,150.0,402.2,22.094,2621.41
Bengaluru,Mysuru,144.89,Sedan,Petrol,17.35,102.63,2,9,Low,Clear,237.13,80.0,141.69,7.776,1211.33
Vadodara,Mumbai,416.66,Hatchback,CNG,18.37,74.9,4,22,Low,Rain,479.86,120.0,308.82,21.303,2426.34
Ahmedabad,Surat,264.83,Sedan,CNG,16.42,76.75,2,12,Low,Clear,436.4,120.0,218.08,15.253,1911.27
Vadodara,Mumbai,459.64,Sedan,Diesel,16.54,88.45,2,3,High,Clear,441.06,80.0,396.35,31.833,3598.32
Ahmedabad,Vadodara,123.05,SUV,Petrol,12.14,100.51,1,23,Medium,Clear,181.69,120.0,127.35,10.335,1466.21
Rajkot,Ahmedabad,216.17,Hatchback,Petrol,16.7,105.12,4,14,Medium,Cloudy,372.61,60.0,252.8,13.06,1962.4
Surat,Mumbai,315.26,SUV,Petrol,9.66,103.49,5,20,Low,Clear,469.67,150.0,225.85,31.171,4086.11
Ahmedabad,Vadodara,115.4,Hatchback,CNG,16.04,79.87,5,3,Medium,Rain,164.42,60.0,133.92,7.488,876.55
Pune,Mumbai,163.25,Hatchback,Diesel,22.65,89.23,1,23,Medium,Fog,249.83,80.0,253.86,7.781,1112.8
Vadodara,Mumbai,454.64,Sedan,Petrol,14.78,106.25,5,14,Medium,Rain,502.03,80.0,390.26,32.437,4323.37
Pune,Mumbai,158.15,Sedan,Diesel,15.17,95.98,2,20,Low,Clear,359.18,120.0,169.1,10.036,1532.94
Ahmedabad,Surat,261.91,SUV,Petrol,9.53,99.92,2,9,High,Fog,254.5,120.0,356.42,32.91,3909.45
Ahmedabad,Surat,286.16,Hatchback,Diesel,19.05,87.57,5,8,Medium,Cloudy,409.46,60.0,275.88,15.971,2051.79
Ahmedabad,Vadodara,111.01,SUV,Petrol,9.49,106.05,4,6,Medium,Rain,138.96,80.0,129.62,12.446,1634.23
Delhi,Jaipur,277.29,SUV,Diesel,11.88,89.41,4,5,Medium,Clear,285.11,0.0,282.03,24.224,2731.02
Delhi,Jaipur,281.82,Sedan,Diesel,16.28,96.63,1,22,High,Clear,403.0,40.0,323.88,20.276,2604.88
Bengaluru,Mysuru,149.38,SUV,CNG,8.24,72.69,5,14,Medium,Clear,224.98,120.0,172.03,18.789,1823.19
Ahmedabad,Surat,280.25,Hatchback,Diesel,20.92,87.73,3,8,Low,Rain,262.2,120.0,263.54,12.634,1673.87
Ahmedabad,Udaipur,284.4,SUV,CNG,10.94,85.95,3,1,Medium,Clear,255.69,120.0,287.94,28.075,3029.46
Vadodara,Mumbai,436.63,Hatchback,CNG,15.85,79.91,4,1,Low,Cloudy,584.37,150.0,313.82,26.668,3079.42
Ahmedabad,Udaipur,285.44,Sedan,CNG,13.72,73.42,2,19,Medium,Clear,260.66,60.0,282.78,21.617,2078.98
Delhi,Jaipur,297.59,SUV,Petrol,10.39,106.24,4,1,Medium,Clear,281.95,80.0,290.92,30.184,3760.93
Bengaluru,Mysuru,142.8,Sedan,Diesel,16.52,87.39,5,4,High,Fog,218.25,40.0,235.41,9.757,1229.54
Surat,Mumbai,299.33,Hatchback,CNG,16.91,74.56,5,14,Medium,Cloudy,328.54,80.0,243.08,19.07,1978.2
Surat,Mumbai,311.41,SUV,Diesel,15.24,92.23,1,17,High,Cloudy,382.59,80.0,325.1,24.033,2926.27
Bengaluru,Mysuru,154.37,Hatchback,Diesel,16.99,90.01,2,7,Low,Clear,136.13,60.0,154.67,8.73,1081.2
Ahmedabad,Udaipur,278.26,SUV,Petrol,10.72,96.47,3,5,Medium,Clear,212.61,40.0,280.69,27.019,3073.67
Rajkot,Ahmedabad,236.47,Hatchback,Petrol,19.53,107.02,2,11,Medium,Rain,312.02,120.0,313.08,12.913,1946.26
Pune,Mumbai,154.51,SUV,Diesel,10.76,88.93,3,5,Low,Rain,335.03,120.0,199.51,13.353,1802.38
Delhi,Jaipur,302.46,Hatchback,Diesel,19.11,89.78,4,18,High,Clear,294.15,0.0,349.61,19.087,2144.55
Ahmedabad,Udaipur,260.9,Sedan,CNG,12.18,77.53,2,8,Medium,Clear,228.37,60.0,269.98,22.609,2239.05
Pune,Mumbai,153.72,SUV,Diesel,12.11,97.16,1,5,Medium,Cloudy,292.8,40.0,205.3,13.239,1736.6
Ahmedabad,Surat,272.49,SUV,CNG,9.54,75.84,4,2,Low,Rain,274.16,120.0,259.7,26.119,2574.13
Ahmedabad,Udaipur,256.38,Sedan,CNG,12.84,84.84,4,20,High,Clear,303.28,40.0,307.8,23.701,2501.91
Ahmedabad,Surat,283.53,SUV,CNG,10.48,84.27,4,4,Medium,Rain,288.49,0.0,305.96,28.276,2911.68
Vadodara,Mumbai,437.96,Sedan,Diesel,18.78,97.04,4,5,Medium,Cloudy,450.65,120.0,354.34,24.745,3325.87
Ahmedabad,Surat,268.73,Hatchback,Diesel,19.42,97.85,5,5,Medium,Rain,401.87,60.0,303.65,14.852,2053.84
Ahmedabad,Vadodara,119.34,SUV,Diesel,14.47,93.94,3,21,Medium,Clear,144.3,60.0,123.51,8.425,1107.65
Pune,Mumbai,166.13,Hatchback,Petrol,20.06,98.62,2,22,High,Clear,260.43,40.0,259.39,9.931,1364.8
Surat,Mumbai,308.34,Sedan,Petrol,15.67,102.71,3,14,Medium,Clear,449.39,80.0,233.88,20.487,2841.2
Rajkot,Ahmedabad,222.89,Hatchback,Diesel,21.41,89.61,1,20,Medium,Cloudy,289.69,80.0,267.32,10.874,1471.8
Delhi,Jaipur,290.14,Sedan,CNG,12.09,79.22,4,11,High,Clear,478.21,60.0,317.24,27.43,2874.54
Vadodara,Mumbai,420.04,Sedan,CNG,15.66,72.45,1,5,Low,Rain,619.02,40.0,318.09,25.183,2801.23
Ahmedabad,Surat,273.69,Sedan,CNG,16.74,74.85,3,9,High,Clear,446.74,150.0,310.35,19.459,2226.91
Vadodara,Mumbai,428.41,Hatchback,Diesel,20.06,92.56,3,15,Medium,Cloudy,505.28,0.0,330.2,22.866,2859.13
Ahmedabad,Surat,265.38,Sedan,Diesel,16.6,87.79,3,19,High,Clear,428.21,80.0,281.27,18.255,2309.85
Rajkot,Ahmedabad,217.04,Sedan,CNG,16.08,81.96,1,2,Medium,Cloudy,200.51,40.0,244.68,14.026,1524.12
Ahmedabad,Surat,283.96,SUV,Petrol,13.99,94.25,5,7,High,Clear,443.24,150.0,337.02,23.739,3025.88
Bengaluru,Mysuru,143.41,SUV,Diesel,13.45,91.59,4,13,Low,Cloudy,221.35,120.0,148.3,10.08,1376.5
Bengaluru,Mysuru,145.85,Sedan,Petrol,13.49,97.07,5,17,High,Cloudy,238.11,60.0,204.04,12.38,1609.7
Rajkot,Ahmedabad,219.47,SUV,Petrol,12.63,107.82,3,3,Low,Cloudy,206.11,60.0,230.16,16.168,2182.21
Ahmedabad,Vadodara,115.42,SUV,Petrol,11.7,102.31,2,3,Medium,Clear,109.31,120.0,124.54,9.972,1352.3
Ahmedabad,Surat,270.79,Hatchback,Petrol,18.97,96.54,1,12,Low,Clear,385.76,60.0,219.27,13.817,1938.22
Rajkot,Ahmedabad,211.06,SUV,Petrol,9.58,101.27,4,19,Low,Cloudy,373.37,40.0,207.51,20.25,2619.71
Vadodara,Mumbai,428.13,Hatchback,Petrol,16.28,96.7,5,9,Medium,Clear,412.68,0.0,317.68,27.982,3420.09
Ahmedabad,Vadodara,115.6,Sedan,Diesel,15.78,95.51,5,1,High,Rain,176.5,120.0,154.42,8.795,1200.94
Pune,Mumbai,163.1,SUV,CNG,8.6,81.19,1,0,High,Cloudy,371.14,0.0,260.32,21.969,2257.54
Surat,Mumbai,295.61,Hatchback,Diesel,19.05,96.67,3,4,High,Clear,402.73,60.0,275.8,18.09,2351.1
Ahmedabad,Udaipur,284.99,Hatchback,Diesel,18.97,96.06,5,6,High,Cloudy,298.49,0.0,360.13,17.114,2127.85
Delhi,Jaipur,286.0,Hatchback,Petrol,16.99,96.76,1,16,Medium,Clear,372.98,120.0,274.16,17.698,2407.19
Delhi,Jaipur,284.22,Hatchback,CNG,14.79,73.31,3,21,High,Clear,480.64,80.0,329.68,22.107,2327.03
Surat,Mumbai,301.11,Sedan,Petrol,12.51,104.21,1,23,Medium,Clear,384.75,40.0,237.92,25.041,3258.36
Ahmedabad,Surat,268.86,SUV,Petrol,11.91,94.97,2,4,Low,Cloudy,387.35,0.0,241.44,21.824,2648.53
Rajkot,Ahmedabad,222.63,SUV,Diesel,13.9,89.9,5,10,Medium,Clear,256.04,40.0,246.58,16.585,1950.34
Delhi,Jaipur,275.99,Sedan,Petrol,16.48,105.87,5,2,Low,Clear,429.09,150.0,218.84,16.097,2440.09
Ahmedabad,Udaipur,260.71,Sedan,CNG,13.64,72.15,2,14,High,Clear,181.5,80.0,312.39,22.737,2102.94
Rajkot,Ahmedabad,235.84,SUV,Petrol,11.84,98.16,5,20,High,Cloudy,273.62,60.0,328.94,22.583,2725.44
Ahmedabad,Vadodara,121.86,Sedan,Petrol,17.85,95.73,1,4,High,Clear,172.35,0.0,146.5,8.034,1036.12
Bengaluru,Mysuru,154.63,Sedan,Diesel,14.09,91.45,5,13,Medium,Cloudy,209.96,120.0,178.94,11.499,1495.89
Pune,Mumbai,165.55,Hatchback,Diesel,22.38,94.47,1,7,Medium,Clear,365.21,80.0,216.22,7.646,1259.32
Surat,Mumbai,286.06,SUV,Diesel,9.76,94.51,4,22,High,Clear,521.34,150.0,279.08,34.523,4173.77
Ahmedabad,Vadodara,122.8,Sedan,Diesel,16.56,90.74,1,19,Medium,Clear,116.63,40.0,120.19,7.774,947.87
Rajkot,Ahmedabad,230.64,Sedan,Petrol,16.32,98.92,2,21,High,Clear,245.15,60.0,289.46,16.893,2162.48
Ahmedabad,Vadodara,115.85,SUV,Diesel,14.92,97.92,4,4,High,Cloudy,192.64,60.0,149.07,8.802,1200.95
Rajkot,Ahmedabad,212.51,SUV,Diesel,12.05,89.71,1,11,High,Rain,304.46,60.0,331.48,20.49,2374.32
Rajkot,Ahmedabad,232.72,Sedan,Diesel,16.78,96.0,3,16,Medium,Rain,222.18,80.0,285.7,14.735,1862.48
Pune,Mumbai,168.17,Sedan,Petrol,15.42,107.28,2,9,High,Fog,231.84,120.0,295.78,12.616,1847.86
Delhi,Jaipur,280.13,Sedan,Diesel,18.95,94.81,4,0,High,Clear,399.74,150.0,308.17,16.936,2322.12
Rajkot,Ahmedabad,231.53,SUV,Petrol,11.54,107.87,3,0,Medium,Clear,261.59,60.0,254.49,21.325,2846.89
Vadodara,Mumbai,436.65,SUV,Petrol,13.05,99.05,3,18,Low,Clear,390.86,40.0,301.46,32.364,3945.86
Vadodara,Mumbai,416.67,SUV,CNG,11.87,81.44,5,13,Medium,Rain,499.55,0.0,387.45,36.545,3850.31
Pune,Mumbai,159.07,Sedan,Petrol,13.73,103.69,1,5,Medium,Rain,366.91,0.0,237.23,12.523,1799.5
Surat,Mumbai,286.33,Sedan,Diesel,16.03,94.47,4,18,High,Clear,428.02,0.0,261.5,20.58,2594.14
Pune,Mumbai,157.16,Hatchback,Petrol,20.27,103.71,1,10,Low,Clear,318.7,60.0,183.92,7.217,1224.22
Ahmedabad,Vadodara,113.06,Sedan,Petrol,14.62,94.64,4,4,Medium,Clear,120.31,80.0,110.04,7.837,1030.94
Pune,Mumbai,164.19,Hatchback,Diesel,19.1,95.97,3,7,Medium,Rain,285.43,120.0,243.69,8.931,1357.41
Vadodara,Mumbai,428.19,Hatchback,Diesel,19.83,87.01,1,3,Low,Clear,588.95,40.0,272.01,21.031,2664.14
Bengaluru,Mysuru,154.36,SUV,Petrol,12.38,107.55,3,1,High,Clear,146.37,60.0,212.78,14.495,1873.74
Delhi,Jaipur,276.42,SUV,Petrol,12.72,107.99,2,13,Low,Cloudy,386.71,80.0,249.28,20.331,2916.17
Bengaluru,Mysuru,155.61,Hatchback,Diesel,18.31,95.78,1,0,High,Clear,146.21,150.0,207.42,9.797,1307.59
Ahmedabad,Udaipur,277.14,Sedan,Petrol,17.84,101.08,3,9,Medium,Cloudy,304.54,80.0,283.16,15.784,2181.93
Ahmedabad,Surat,284.33,SUV,Petrol,13.42,102.32,2,11,Medium,Clear,357.01,0.0,262.92,22.537,2882.38
Ahmedabad,Udaipur,264.98,SUV,CNG,11.87,75.9,5,17,High,Clear,199.64,60.0,334.73,25.977,2460.78
Ahmedabad,Vadodara,122.87,Hatchback,Diesel,18.72,97.17,4,18,Medium,Cloudy,145.67,80.0,134.9,6.741,963.45
Rajkot,Ahmedabad,217.66,Sedan,CNG,15.02,78.94,1,11,Low,Clear,308.95,60.0,201.48,14.056,1623.41
Surat,Mumbai,312.59,Sedan,Diesel,14.94,95.05,1,10,Low,Fog,462.61,120.0,271.29,19.546,2669.9
Ahmedabad,Vadodara,117.04,Hatchback,Petrol,16.63,98.64,4,10,Low,Clear,112.19,80.0,107.78,6.613,923.93
Surat,Mumbai,316.81,SUV,Diesel,9.8,96.54,4,8,Low,Clear,336.31,60.0,219.71,29.612,3471.96
Bengaluru,Mysuru,153.37,SUV,Petrol,10.3,96.73,4,14,Medium,Cloudy,177.22,80.0,176.04,15.188,1884.73
Ahmedabad,Udaipur,259.92,Hatchback,Diesel,19.49,91.83,2,2,Medium,Clear,182.91,150.0,260.72,13.8,1736.68
Bengaluru,Mysuru,156.36,SUV,Petrol,14.17,102.33,4,4,Medium,Cloudy,189.54,60.0,183.31,11.218,1538.3
Ahmedabad,Udaipur,262.79,SUV,CNG,10.78,78.71,3,3,High,Clear,324.9,80.0,311.74,27.542,2748.87
Bengaluru,Mysuru,145.98,Sedan,CNG,14.96,83.86,3,22,High,Clear,249.04,40.0,182.3,11.17,1322.08
Rajkot,Ahmedabad,214.77,Hatchback,Diesel,22.45,90.22,5,12,Medium,Rain,212.42,60.0,278.53,10.203,1318.43
Delhi,Jaipur,293.24,Hatchback,Petrol,15.18,94.54,4,0,Medium,Clear,359.89,80.0,288.43,19.934,2478.63
Ahmedabad,Vadodara,115.69,Sedan,Diesel,15.78,90.63,3,16,Medium,Clear,189.18,0.0,119.03,7.482,948.59
Ahmedabad,Udaipur,257.13,Hatchback,Petrol,19.09,107.64,4,0,Medium,Rain,179.25,80.0,306.45,13.652,1896.71
Rajkot,Ahmedabad,227.7,SUV,CNG,12.49,79.22,3,8,Medium,Clear,218.37,60.0,247.66,18.792,1940.4
Ahmedabad,Udaipur,267.36,Sedan,CNG,12.01,83.9,2,20,Medium,Cloudy,186.46,60.0,268.38,23.882,2474.28
Rajkot,Ahmedabad,219.02,Sedan,Diesel,20.04,89.73,5,17,Medium,Clear,193.58,80.0,233.35,11.173,1405.71
Ahmedabad,Udaipur,278.24,SUV,Petrol,13.2,100.32,5,11,Low,Clear,291.1,80.0,248.15,19.649,2618.75
Pune,Mumbai,168.81,Sedan,Diesel,17.29,91.5,2,13,Medium,Rain,386.31,80.0,245.18,10.349,1549.98
Bengaluru,Mysuru,142.14,Sedan,CNG,15.35,82.45,3,18,Medium,Clear,237.65,80.0,151.22,9.89,1242.14
Ahmedabad,Udaipur,277.21,SUV,Diesel,14.97,91.55,5,13,Low,Cloudy,254.09,60.0,269.04,17.711,2151.55
Pune,Mumbai,152.21,Sedan,Diesel,14.47,88.69,2,20,Medium,Clear,293.85,0.0,196.79,11.22,1382.67
Pune,Mumbai,160.66,Hatchback,Petrol,20.37,101.62,3,12,Low,Clear,295.18,150.0,174.9,7.633,1329.09
Delhi,Jaipur,295.32,Sedan,Petrol,15.47,98.09,1,19,Medium,Rain,368.17,80.0,322.66,20.514,2638.57
Ahmedabad,Udaipur,264.38,SUV,CNG,10.71,83.72,5,5,High,Clear,234.21,40.0,323.58,29.426,2936.81
Ahmedabad,Vadodara,120.52,Sedan,Petrol,16.89,105.09,4,9,Medium,Rain,138.56,60.0,141.67,7.35,1066.76
Delhi,Jaipur,304.14,SUV,Diesel,11.3,91.96,2,3,Medium,Clear,407.02,80.0,292.29,27.348,3312.44
Delhi,Jaipur,292.36,Sedan,Diesel,17.53,87.68,3,19,Low,Rain,309.75,0.0,285.77,15.403,1834.61
Surat,Mumbai,291.27,Hatchback,Diesel,17.73,96.45,4,18,Low,Clear,352.65,0.0,197.76,15.427,2032.39
Pune,Mumbai,165.62,Hatchback,CNG,19.03,76.51,2,22,Medium,Clear,232.87,60.0,214.31,8.895,1052.08
Delhi,Jaipur,280.02,Hatchback,CNG,18.27,85.11,5,5,Medium,Clear,481.35,40.0,276.83,16.351,2067.87
Bengaluru,Mysuru,157.35,Hatchback,Petrol,20.16,101.15,1,2,Medium,Clear,167.08,40.0,170.11,8.166,1120.5
Ahmedabad,Surat,270.1,Sedan,Petrol,13.99,97.89,4,0,Low,Fog,243.25,40.0,254.31,18.611,2295.54
Bengaluru,Mysuru,155.89,Hatchback,Diesel,20.58,97.34,2,23,Medium,Rain,190.55,80.0,193.69,8.06,1162.1
Bengaluru,Mysuru,145.7,Sedan,Diesel,17.91,95.56,4,9,Medium,Clear,167.44,0.0,153.43,8.301,1068.59
Pune,Mumbai,159.16,SUV,CNG,11.17,73.93,4,21,Low,Clear,284.65,40.0,186.09,13.786,1491.81
Vadodara,Mumbai,458.75,Sedan,Diesel,13.98,94.95,2,13,Medium,Clear,618.14,60.0,346.45,34.098,4233.92
Ahmedabad,Udaipur,275.16,Sedan,Diesel,14.03,95.75,2,10,Medium,Cloudy,260.81,150.0,287.05,20.825,2616.9
Ahmedabad,Udaipur,261.66,Hatchback,Petrol,17.25,97.89,5,8,Medium,Cloudy,292.94,60.0,283.47,15.393,2006.52
Delhi,Jaipur,290.09,Sedan,Petrol,17.95,98.54,1,6,Low,Cloudy,332.86,40.0,240.71,14.865,2075.53
Vadodara,Mumbai,447.53,Hatchback,Petrol,20.8,94.28,5,10,Medium,Rain,556.37,150.0,376.17,23.247,3190.53
Delhi,Jaipur,284.85,Hatchback,Petrol,18.86,101.22,5,17,High,Cloudy,340.1,0.0,330.88,17.173,2264.86
Vadodara,Mumbai,452.92,Sedan,Diesel,16.16,94.35,1,19,High,Clear,574.69,60.0,414.17,32.414,3996.46
Ahmedabad,Surat,289.05,Sedan,Diesel,17.98,91.74,2,11,High,Clear,270.23,80.0,317.31,19.17,2281.98
Ahmedabad,Udaipur,265.49,SUV,Diesel,13.27,92.61,4,0,Medium,Clear,267.52,60.0,266.88,20.293,2403.98
Delhi,Jaipur,288.69,Sedan,Petrol,17.56,96.94,1,17,High,Clear,477.43,150.0,331.21,18.592,2641.15
Surat,Mumbai,302.94,Sedan,Petrol,13.52,104.03,1,6,High,Clear,316.48,60.0,274.32,25.508,3256.76
Ahmedabad,Vadodara,115.85,Hatchback,Petrol,20.65,94.6,3,13,Medium,Clear,108.04,80.0,114.94,5.739,791.5
Rajkot,Ahmedabad,223.1,SUV,Petrol,13.37,100.19,3,18,Low,Rain,242.94,40.0,247.65,15.615,2050.92
Rajkot,Ahmedabad,220.89,Sedan,Diesel,16.63,96.11,5,7,Medium,Fog,348.46,150.0,298.67,13.553,1962.05
Rajkot,Ahmedabad,234.52,Hatchback,Diesel,18.64,90.02,3,7,Medium,Clear,297.52,80.0,250.51,12.854,1644.53
Pune,Mumbai,164.67,SUV,CNG,9.11,75.07,2,7,Medium,Cloudy,380.89,40.0,229.52,18.978,1972.11
Vadodara,Mumbai,419.29,Hatchback,Diesel,22.96,95.78,3,21,Medium,Fog,577.56,60.0,400.4,19.633,2777.75
Pune,Mumbai,166.7,Hatchback,Diesel,19.68,87.22,4,2,High,Cloudy,277.12,60.0,255.07,9.795,1285.22
Vadodara,Mumbai,433.68,Hatchback,Petrol,19.04,100.09,1,9,Low,Clear,560.35,80.0,275.04,22.129,3055.1
Surat,Mumbai,284.88,Hatchback,Diesel,17.98,96.46,3,7,Medium,Clear,376.09,60.0,228.41,17.094,2263.46
Ahmedabad,Vadodara,121.84,SUV,Petrol,13.18,101.78,2,14,High,Cloudy,172.36,0.0,158.66,10.761,1390.98
Surat,Mumbai,284.92,SUV,CNG,10.67,79.12,4,12,Low,Rain,319.63,120.0,230.73,24.607,2598.06
Pune,Mumbai,169.74,Sedan,CNG,12.08,72.43,3,11,High,Clear,377.36,40.0,262.65,16.591,1739.47
Ahmedabad,Vadodara,112.6,SUV,CNG,12.19,85.98,3,11,High,Rain,103.44,60.0,164.38,10.613,1179.33
Pune,Mumbai,165.18,SUV,Diesel,12.37,93.48,3,23,Medium,Clear,399.46,60.0,208.73,13.594,1873.83
Rajkot,Ahmedabad,228.54,Sedan,CNG,12.69,72.96,5,16,Low,Rain,378.16,40.0,248.67,17.303,1824.03
Surat,Mumbai,289.3,Sedan,Diesel,20.01,95.19,3,2,Medium,Clear,383.62,40.0,220.36,15.128,2041.41
Bengaluru,Mysuru,146.02,Hatchback,CNG,14.73,84.55,3,5,Medium,Clear,188.01,120.0,170.05,10.219,1240.28
Bengaluru,Mysuru,152.78,SUV,Diesel,9.63,87.02,4,12,Medium,Clear,156.6,80.0,173.08,16.222,1755.55
Delhi,Jaipur,292.04,Hatchback,CNG,15.27,82.86,4,4,Medium,Clear,450.75,150.0,273.06,19.677,2385.91
Ahmedabad,Surat,274.34,Sedan,Diesel,19.23,95.48,3,0,Medium,Cloudy,252.83,60.0,261.32,14.59,1914.11
Ahmedabad,Surat,269.19,Sedan,Diesel,19.36,88.34,2,14,Medium,Clear,396.29,40.0,239.28,14.446,1918.37
Ahmedabad,Surat,284.21,SUV,CNG,11.11,82.14,5,16,Low,Clear,295.12,80.0,237.29,24.166,2562.42
Delhi,Jaipur,303.85,Hatchback,Diesel,21.5,87.41,5,15,Medium,Clear,281.79,60.0,303.65,14.451,1796.43
Delhi,Jaipur,285.54,Sedan,CNG,12.79,74.96,2,3,Medium,Clear,339.44,80.0,281.45,24.116,2440.22
Bengaluru,Mysuru,147.38,Sedan,Petrol,17.42,97.05,4,2,High,Rain,214.3,60.0,217.54,9.718,1304.19
Rajkot,Ahmedabad,226.77,Sedan,Diesel,15.15,97.32,3,18,High,Clear,358.1,40.0,284.54,17.165,2210.75
Surat,Mumbai,290.32,Sedan,Petrol,14.04,103.08,5,1,Medium,Cloudy,326.45,40.0,227.46,21.569,2749.2
Rajkot,Ahmedabad,221.24,Sedan,Petrol,16.43,106.83,3,10,Low,Clear,350.57,60.0,216.62,12.519,1880.39
Ahmedabad,Surat,282.82,Hatchback,Petrol,17.44,105.99,4,17,Medium,Clear,417.01,60.0,270.45,16.827,2420.34
Pune,Mumbai,156.3,SUV,Petrol,12.13,99.74,2,3,High,Clear,381.72,120.0,248.77,14.556,2060.01
Ahmedabad,Vadodara,115.72,Sedan,Petrol,13.78,104.91,2,6,Low,Clear,161.41,120.0,96.93,7.766,1178.93
Bengaluru,Mysuru,149.87,Sedan,Diesel,15.14,94.8,1,15,Medium,Clear,127.88,0.0,163.89,10.043,1175.58
Bengaluru,Mysuru,149.7,SUV,Petrol,9.69,96.63,3,11,High,Cloudy,154.06,0.0,210.62,18.415,2077.79
Surat,Mumbai,298.61,Sedan,Petrol,16.31,103.86,5,9,Medium,Clear,479.75,150.0,237.46,18.869,2817.21
Surat,Mumbai,298.99,Hatchback,CNG,13.96,72.15,4,19,Low,Rain,341.08,60.0,238.55,19.947,1984.33
Ahmedabad,Surat,262.46,Sedan,Petrol,16.95,96.82,2,17,High,Clear,438.56,60.0,290.52,17.456,2354.75
Delhi,Jaipur,289.27,SUV,Petrol,13.11,103.27,3,21,Medium,Clear,397.9,60.0,279.4,23.385,3127.11
Ahmedabad,Surat,278.68,Sedan,Diesel,15.19,94.48,2,9,Medium,Clear,359.88,60.0,265.57,19.635,2437.05
Rajkot,Ahmedabad,228.31,Hatchback,Petrol,20.3,103.94,5,13,High,Clear,234.52,0.0,299.6,13.007,1742.77
Delhi,Jaipur,283.67,SUV,CNG,11.71,84.89,2,2,Medium,Clear,457.96,60.0,276.42,24.825,2863.52
Rajkot,Ahmedabad,214.67,Sedan,Petrol,16.84,102.82,4,18,Low,Cloudy,263.25,80.0,213.99,11.778,1725.73
Vadodara,Mumbai,436.11,Hatchback,CNG,15.03,77.05,4,17,Low,Clear,471.85,40.0,276.66,27.163,2833.69
Vadodara,Mumbai,435.04,Sedan,Diesel,14.23,90.49,1,16,Medium,Clear,458.24,120.0,337.08,32.867,3820.59
Delhi,Jaipur,277.86,Hatchback,Petrol,16.46,98.66,4,15,Low,Rain,243.49,120.0,274.45,15.783,2085.55
Ahmedabad,Vadodara,112.0,Hatchback,Diesel,18.52,93.77,2,8,Medium,Cloudy,103.62,60.0,121.43,6.387,832.0
Ahmedabad,Udaipur,270.6,Hatchback,Petrol,17.97,96.86,5,17,Low,Clear,240.92,80.0,239.54,14.639,1914.85
Ahmedabad,Vadodara,115.11,SUV,Petrol,13.73,104.68,1,5,Low,Clear,123.98,150.0,101.47,8.1,1204.78
Surat,Mumbai,303.33,Hatchback,Diesel,20.04,88.32,5,12,Medium,Clear,429.86,0.0,236.84,15.443,1952.01
Delhi,Jaipur,294.97,SUV,Diesel,10.59,90.17,4,13,High,Clear,426.9,150.0,333.71,33.444,3857.57
Ahmedabad,Surat,266.93,Hatchback,Petrol,17.61,106.24,2,23,Low,Clear,414.34,80.0,220.1,14.139,2180.87
Vadodara,Mumbai,416.03,Hatchback,CNG,19.14,78.77,3,21,Medium,Cloudy,560.33,40.0,316.94,21.929,2547.11
Vadodara,Mumbai,448.57,Sedan,Petrol,18.19,107.15,3,12,Medium,Cloudy,519.0,120.0,336.81,25.474,3710.64
Ahmedabad,Surat,275.73,Sedan,CNG,11.95,74.44,5,1,Low,Clear,343.02,80.0,219.28,21.038,2195.34
Ahmedabad,Vadodara,111.41,SUV,Petrol,11.7,106.53,1,7,Medium,Cloudy,167.23,120.0,125.36,9.917,1430.76
Vadodara,Mumbai,412.59,SUV,Diesel,11.18,88.89,5,4,Medium,Clear,398.22,150.0,308.57,37.438,4217.87
Ahmedabad,Vadodara,115.22,Sedan,Petrol,12.51,96.7,1,5,High,Rain,140.03,80.0,158.38,10.504,1299.4
Pune,Mumbai,161.37,Sedan,Petrol,14.17,98.28,3,21,Medium,Cloudy,239.01,0.0,219.21,11.887,1497.56
Ahmedabad,Udaipur,260.85,Hatchback,CNG,18.24,84.26,5,14,Medium,Clear,267.8,80.0,258.55,15.353,1781.14
Ahmedabad,Udaipur,281.62,Hatchback,CNG,19.28,78.87,1,11,High,Rain,223.75,120.0,395.3,17.292,1846.06
Vadodara,Mumbai,439.52,Sedan,CNG,14.85,85.88,5,15,Low,Clear,613.91,80.0,281.6,27.009,3335.95
Ahmedabad,Udaipur,274.71,SUV,Petrol,9.7,97.94,2,10,Low,Clear,217.72,60.0,239.16,27.535,3197.46
Ahmedabad,Surat,270.5,Hatchback,Petrol,19.61,103.73,4,15,High,Clear,232.8,120.0,304.24,15.853,2119.08
Surat,Mumbai,315.67,Sedan,Diesel,15.08,97.05,4,9,Medium,Cloudy,518.08,80.0,256.96,21.677,2956.28
Pune,Mumbai,166.48,Sedan,Petrol,13.3,106.6,3,21,High,Clear,365.37,40.0,242.55,15.099,2098.53
Ahmedabad,Udaipur,268.33,Hatchback,Diesel,22.8,93.18,3,9,High,Clear,228.63,40.0,320.19,13.899,1688.07
Pune,Mumbai,161.0,Sedan,Diesel,13.98,97.56,3,3,Medium,Clear,356.75,0.0,212.32,12.161,1682.8
Ahmedabad,Udaipur,257.67,SUV,Diesel,11.81,91.87,5,19,Medium,Cloudy,297.15,40.0,290.67,22.252,2565.6
Surat,Mumbai,302.9,SUV,CNG,12.09,85.45,3,6,High,Clear,387.31,0.0,296.62,29.713,3146.37
Bengaluru,Mysuru,143.95,Sedan,Petrol,16.2,96.69,5,3,Medium,Clear,222.66,0.0,162.79,9.479,1224.56
Delhi,Jaipur,280.32,Sedan,Petrol,15.57,100.55,4,17,Low,Fog,289.16,0.0,284.47,16.937,2169.13
Ahmedabad,Vadodara,120.65,Hatchback,Diesel,17.99,97.07,5,7,Low,Fog,133.79,120.0,130.59,6.268,941.94
Ahmedabad,Vadodara,117.82,Hatchback,Diesel,18.64,87.01,4,2,Medium,Clear,154.7,40.0,124.95,6.662,846.33
Bengaluru,Mysuru,147.37,Sedan,Petrol,12.85,98.9,4,4,Medium,Rain,170.09,80.0,180.63,12.345,1567.66
Ahmedabad,Surat,282.5,SUV,Diesel,14.95,95.27,3,16,Medium,Clear,385.75,150.0,273.12,19.467,2627.72
Bengaluru,Mysuru,149.3,Hatchback,CNG,17.18,72.13,4,21,Medium,Rain,201.29,60.0,193.33,8.808,994.78
Vadodara,Mumbai,413.98,SUV,Diesel,13.08,87.63,3,14,Medium,Cloudy,651.39,40.0,339.34,33.374,3927.57
Ahmedabad,Surat,260.03,SUV,Diesel,9.98,91.87,3,6,Medium,Cloudy,361.03,80.0,266.11,26.404,3066.55
Ahmedabad,Vadodara,119.32,Hatchback,Petrol,17.23,95.0,5,2,Medium,Clear,104.05,80.0,120.24,7.389,963.44
Rajkot,Ahmedabad,216.12,SUV,Petrol,12.94,99.86,3,0,Medium,Clear,328.14,40.0,253.42,17.646,2340.06
Bengaluru,Mysuru,155.23,SUV,Petrol,11.8,101.22,4,14,Low,Clear,174.89,120.0,152.97,12.141,1660.15
Bengaluru,Mysuru,143.94,Hatchback,Petrol,14.87,96.73,5,18,High,Clear,196.12,120.0,195.82,11.121,1455.37
Bengaluru,Mysuru,153.95,SUV,Diesel,11.59,96.97,5,7,Medium,Rain,242.78,0.0,210.97,13.99,1740.12
Ahmedabad,Udaipur,256.91,SUV,Diesel,14.12,94.04,5,18,High,Cloudy,191.2,150.0,344.22,21.907,2576.31
Pune,Mumbai,152.89,SUV,CNG,8.56,80.53,2,5,Medium,Clear,214.53,150.0,206.45,19.221,2040.77
Ahmedabad,Surat,267.42,Hatchback,Petrol,18.54,98.92,5,17,High,Rain,342.73,40.0,329.14,17.057,2226.51
Ahmedabad,Vadodara,119.39,Sedan,CNG,12.04,82.57,4,19,Low,Cloudy,151.98,120.0,105.84,9.175,1107.71
Vadodara,Mumbai,446.21,Hatchback,Diesel,22.17,94.93,1,4,Medium,Clear,473.57,60.0,349.07,21.283,2786.66
Delhi,Jaipur,287.07,Sedan,Diesel,14.39,96.61,2,21,Medium,Clear,323.58,40.0,274.28,20.792,2608.93
Bengaluru,Mysuru,154.55,Sedan,Petrol,16.2,104.28,2,23,Medium,Rain,143.67,40.0,197.97,9.824,1299.07
Surat,Mumbai,295.04,Hatchback,Petrol,17.61,102.5,3,4,Medium,Clear,327.15,120.0,247.19,17.502,2370.88
Ahmedabad,Vadodara,110.13,Hatchback,CNG,14.03,85.53,2,20,Medium,Rain,177.54,0.0,132.81,8.218,928.93
Vadodara,Mumbai,412.07,Hatchback,Diesel,21.82,95.55,2,19,Medium,Clear,665.22,40.0,315.88,19.283,2812.31
Delhi,Jaipur,283.39,SUV,CNG,8.35,85.89,4,5,Medium,Clear,377.59,40.0,277.46,35.866,3783.83
Ahmedabad,Udaipur,266.29,Sedan,Petrol,17.18,94.52,4,11,Low,Cloudy,268.01,60.0,240.65,14.599,1863.73
Ahmedabad,Udaipur,259.65,Sedan,Diesel,17.25,87.83,3,16,Medium,Clear,242.7,40.0,264.79,15.446,1837.74
Ahmedabad,Surat,266.73,Sedan,CNG,13.78,72.66,2,17,High,Fog,394.59,60.0,345.22,22.823,2299.98
Vadodara,Mumbai,459.48,Sedan,CNG,13.52,81.34,4,8,Low,Clear,563.92,0.0,303.81,33.149,3632.6
Bengaluru,Mysuru,152.0,Hatchback,Diesel,21.95,96.47,3,8,Medium,Clear,147.3,0.0,170.65,7.315,950.55
Delhi,Jaipur,276.37,SUV,CNG,12.2,81.85,5,0,Medium,Clear,280.23,120.0,279.16,24.409,2675.15
Ahmedabad,Vadodara,111.56,Sedan,Diesel,17.25,96.34,2,18,Low,Clear,156.7,120.0,100.18,6.169,946.0
Ahmedabad,Udaipur,259.06,Hatchback,Diesel,18.37,96.57,2,11,Low,Clear,311.66,0.0,220.55,13.031,1735.44
Ahmedabad,Surat,262.35,Sedan,Petrol,12.88,105.99,3,1,Low,Clear,244.92,120.0,210.65,18.902,2539.58
Ahmedabad,Surat,261.77,Sedan,Petrol,13.15,102.63,1,14,High,Clear,345.11,80.0,277.18,23.291,2969.21
Vadodara,Mumbai,415.88,SUV,Diesel,15.69,97.78,5,0,Medium,Cloudy,525.25,40.0,349.94,27.536,3640.75
Ahmedabad,Surat,270.57,Hatchback,Petrol,20.2,94.01,2,1,Medium,Cloudy,238.24,40.0,259.03,13.517,1704.07
Ahmedabad,Vadodara,120.58,Sedan,Diesel,17.92,95.51,4,7,High,Cloudy,171.87,60.0,145.33,7.804,1046.9
Surat,Mumbai,288.94,Hatchback,CNG,18.03,75.68,4,16,Medium,Rain,319.38,60.0,256.46,16.649,1820.83
Vadodara,Mumbai,421.45,Sedan,Diesel,17.59,89.72,1,6,Medium,Cloudy,545.89,60.0,319.14,25.16,3118.75
Ahmedabad,Surat,275.28,Sedan,Petrol,15.28,98.36,2,10,Medium,Rain,408.84,40.0,288.39,18.277,2433.09
Delhi,Jaipur,277.46,SUV,Diesel,13.61,88.95,4,10,High,Clear,472.16,150.0,328.44,23.564,2987.46
Pune,Mumbai,162.94,SUV,Petrol,13.25,94.52,3,4,Medium,Clear,203.6,0.0,219.69,12.59,1539.44
Delhi,Jaipur,302.84,Sedan,Petrol,14.66,106.11,3,6,Medium,Clear,384.07,60.0,281.17,21.496,2985.32
Ahmedabad,Surat,282.4,Sedan,Diesel,18.53,91.17,2,10,Medium,Clear,421.2,150.0,269.6,15.879,2199.7
Delhi,Jaipur,288.96,SUV,CNG,10.77,81.64,4,21,High,Cloudy,309.03,60.0,346.65,32.236,3246.82
Pune,Mumbai,159.95,Sedan,Petrol,16.16,101.28,3,3,High,Clear,239.86,80.0,245.02,11.843,1606.6
Ahmedabad,Vadodara,119.25,Sedan,Petrol,13.66,98.15,5,16,Medium,Clear,187.1,80.0,121.61,8.918,1242.66
Delhi,Jaipur,278.88,Hatchback,Petrol,20.96,96.82,3,3,Medium,Clear,389.5,120.0,277.36,13.573,1985.92
Vadodara,Mumbai,422.12,Hatchback,Petrol,14.42,101.34,5,3,Medium,Fog,627.65,40.0,375.66,31.156,4058.05
Ahmedabad,Surat,270.55,SUV,Diesel,10.54,91.95,2,4,High,Cloudy,342.91,80.0,328.55,29.045,3268.3
Ahmedabad,Udaipur,273.49,Hatchback,Diesel,16.91,91.52,1,14,Low,Rain,224.84,60.0,275.32,15.654,1877.52
Rajkot,Ahmedabad,229.76,Sedan,CNG,14.25,82.13,2,19,Medium,Clear,331.86,40.0,251.33,17.271,1934.4
Surat,Mumbai,284.91,Sedan,CNG,15.67,85.64,4,17,Low,Cloudy,535.09,40.0,206.38,17.596,2254.33
Delhi,Jaipur,285.39,SUV,Petrol,11.19,100.61,1,8,Medium,Rain,384.12,120.0,332.35,25.814,3395.23
Ahmedabad,Udaipur,269.45,Sedan,Diesel,18.78,88.63,1,18,Medium,Clear,281.04,80.0,263.07,14.79,1890.25
Ahmedabad,Surat,276.01,Sedan,Petrol,13.74,98.79,1,23,Medium,Clear,242.16,40.0,266.05,21.288,2538.94
Vadodara,Mumbai,458.12,Hatchback,Petrol,18.35,101.08,3,22,High,Clear,577.26,40.0,426.75,28.171,3733.75
Pune,Mumbai,158.99,Sedan,Petrol,17.45,97.36,1,20,Low,Clear,370.58,0.0,181.59,8.443,1301.85
Vadodara,Mumbai,449.37,Sedan,Diesel,18.6,97.66,1,23,High,Cloudy,446.62,60.0,404.82,27.193,3533.17
Delhi,Jaipur,282.61,Sedan,Petrol,16.47,100.09,5,7,High,Clear,307.5,0.0,315.09,19.33,2407.59
Delhi,Jaipur,274.74,Hatchback,Petrol,19.32,95.48,4,20,Low,Clear,417.53,40.0,231.94,13.071,1892.77
Pune,Mumbai,159.86,Hatchback,CNG,15.04,75.74,1,13,Medium,Clear,200.93,150.0,209.72,11.172,1274.75
Delhi,Jaipur,278.5,Sedan,Diesel,14.16,96.69,4,13,High,Clear,414.39,120.0,310.28,22.161,2905.63
Delhi,Jaipur,304.36,Hatchback,Petrol,17.83,100.09,5,15,Low,Clear,250.66,60.0,260.41,16.564,2148.34
Surat,Mumbai,299.9,SUV,Petrol,10.67,107.19,5,21,Medium,Clear,282.53,120.0,253.16,29.281,3767.35
Surat,Mumbai,313.45,Hatchback,CNG,15.46,80.82,1,15,High,Cloudy,435.97,60.0,307.94,23.435,2561.57
Pune,Mumbai,153.66,Sedan,CNG,13.49,80.38,1,8,Low,Clear,218.24,80.0,170.19,10.726,1276.54
Ahmedabad,Surat,272.85,Hatchback,CNG,19.23,78.14,1,20,High,Rain,278.39,0.0,353.2,17.011,1773.0
Surat,Mumbai,303.54,Hatchback,CNG,17.17,80.85,1,13,High,Clear,309.43,60.0,293.74,20.605,2198.43
Ahmedabad,Vadodara,111.22,Sedan,Petrol,13.78,101.0,5,0,Medium,Cloudy,105.54,80.0,114.29,8.611,1150.99
Pune,Mumbai,155.81,Hatchback,Petrol,18.49,102.79,5,6,Medium,Clear,229.53,0.0,209.55,8.509,1197.14
Surat,Mumbai,310.14,SUV,Petrol,11.68,103.74,5,7,Medium,Rain,485.61,150.0,289.34,28.24,3842.88
Delhi,Jaipur,298.4,Sedan,Diesel,17.27,93.56,2,23,High,Cloudy,417.55,120.0,352.3,20.8,2657.48
Ahmedabad,Vadodara,114.56,Sedan,CNG,14.28,76.03,5,13,Medium,Rain,116.91,80.0,130.15,8.15,898.79
Ahmedabad,Udaipur,272.31,Hatchback,Diesel,20.11,95.51,3,21,Low,Fog,165.65,120.0,287.71,13.047,1697.83
Ahmedabad,Udaipur,282.93,SUV,CNG,12.07,77.48,3,21,Medium,Cloudy,259.26,60.0,317.69,24.425,2476.47
Vadodara,Mumbai,421.55,Hatchback,Diesel,16.66,95.12,2,21,High,Cloudy,410.98,40.0,412.51,30.445,3572.99
Ahmedabad,Vadodara,114.91,Sedan,Petrol,18.12,97.1,2,12,Medium,Clear,185.56,0.0,115.45,6.584,894.81
Ahmedabad,Udaipur,279.6,Sedan,Petrol,18.2,95.62,4,6,High,Rain,195.3,80.0,390.75,18.214,2194.88
Bengaluru,Mysuru,146.68,Hatchback,Petrol,17.62,102.03,3,20,High,Cloudy,188.95,40.0,198.19,9.372,1261.9
Delhi,Jaipur,279.35,Sedan,Petrol,14.04,94.63,2,22,Medium,Clear,477.16,80.0,269.56,20.844,2755.51
Surat,Mumbai,317.45,SUV,Diesel,13.93,89.53,2,15,Medium,Clear,501.86,40.0,272.18,23.518,2910.81
Delhi,Jaipur,278.97,Hatchback,Diesel,20.84,88.44,5,23,Medium,Cloudy,298.98,80.0,272.51,13.916,1780.64
Rajkot,Ahmedabad,226.2,SUV,Petrol,13.55,104.14,1,8,High,Cloudy,301.27,80.0,329.98,19.572,2639.55
Ahmedabad,Vadodara,116.84,Hatchback,Petrol,17.11,97.65,4,15,Low,Cloudy,126.5,80.0,107.55,6.585,930.67
Ahmedabad,Vadodara,119.38,Sedan,CNG,15.26,80.42,4,13,Low,Cloudy,126.94,40.0,105.0,7.236,832.82
Bengaluru,Mysuru,150.2,Sedan,Diesel,19.16,93.26,2,2,Medium,Rain,254.6,120.0,184.91,8.356,1263.54
Ahmedabad,Udaipur,283.13,Sedan,Diesel,19.21,93.72,4,12,Low,Clear,277.78,0.0,255.5,14.242,1812.55
Ahmedabad,Udaipur,283.45,Sedan,Petrol,14.33,102.8,1,8,Medium,Rain,164.65,40.0,332.87,21.051,2558.31
Bengaluru,Mysuru,158.33,Sedan,Diesel,18.48,94.91,1,2,Low,Clear,245.08,120.0,146.43,8.133,1234.12
Ahmedabad,Surat,288.57,Hatchback,CNG,14.41,81.05,2,15,Medium,Clear,369.05,60.0,275.73,21.483,2332.87
Bengaluru,Mysuru,146.97,Sedan,Diesel,14.24,95.66,4,3,Medium,Clear,179.08,80.0,158.99,10.54,1388.38
Ahmedabad,Vadodara,111.54,SUV,Petrol,12.43,99.45,5,21,Medium,Clear,190.11,80.0,113.54,9.626,1301.54
Ahmedabad,Vadodara,122.57,Sedan,Petrol,15.23,97.7,2,7,Low,Clear,157.2,60.0,105.28,7.715,1043.72
Ahmedabad,Surat,262.61,Hatchback,Diesel,19.45,95.47,4,21,High,Clear,261.63,120.0,304.07,16.203,2063.51
Surat,Mumbai,317.59,SUV,Diesel,11.16,90.53,5,17,Medium,Clear,422.53,80.0,253.94,30.292,3543.29
Rajkot,Ahmedabad,214.16,SUV,Petrol,12.09,107.01,1,22,Medium,Cloudy,194.09,60.0,243.04,18.328,2373.71
Delhi,Jaipur,289.88,Hatchback,Petrol,19.65,102.37,2,4,High,Clear,336.96,60.0,332.36,16.928,2289.05
Ahmedabad,Vadodara,119.39,SUV,Diesel,13.25,93.64,5,16,Low,Cloudy,150.86,120.0,113.9,8.429,1141.47
Delhi,Jaipur,304.85,Hatchback,Petrol,17.36,98.14,5,23,Low,Cloudy,481.77,80.0,278.19,16.102,2304.09
Surat,Mumbai,315.1,Sedan,Diesel,16.14,96.96,5,22,High,Cloudy,347.67,80.0,303.66,22.918,2921.23
Delhi,Jaipur,285.24,SUV,Diesel,13.19,96.87,1,23,High,Clear,462.09,120.0,341.42,25.506,3285.27
Ahmedabad,Udaipur,258.12,SUV,Petrol,12.58,104.17,3,22,Medium,Cloudy,183.81,60.0,268.9,22.107,2803.94
Pune,Mumbai,164.92,Hatchback,CNG,17.87,75.55,5,11,Medium,Clear,363.67,40.0,214.2,9.336,1190.73
Rajkot,Ahmedabad,220.21,Sedan,CNG,11.83,83.68,4,11,Medium,Clear,198.39,60.0,237.72,19.085,1992.51
Ahmedabad,Udaipur,274.84,Hatchback,CNG,14.2,80.09,3,23,Medium,Clear,231.21,60.0,273.07,20.175,2054.14
Ahmedabad,Surat,276.87,Sedan,Diesel,18.74,91.69,2,5,Medium,Clear,411.64,120.0,254.18,15.118,2138.07
Ahmedabad,Udaipur,275.23,Hatchback,CNG,15.98,73.65,1,8,Medium,Clear,232.97,40.0,274.97,18.411,1778.34
Ahmedabad,Udaipur,283.22,Sedan,Diesel,14.36,91.85,3,12,Medium,Rain,290.07,80.0,327.67,20.816,2462.3
Rajkot,Ahmedabad,212.05,Hatchback,Diesel,15.93,95.0,1,9,High,Cloudy,210.29,0.0,302.05,15.718,1820.15
Rajkot,Ahmedabad,220.48,SUV,Petrol,12.71,104.69,2,4,Medium,Clear,380.69,80.0,257.52,18.181,2527.94
Ahmedabad,Udaipur,282.13,Sedan,Diesel,14.9,91.54,5,15,Medium,Clear,223.37,40.0,275.07,20.204,2298.6
Surat,Mumbai,304.69,Hatchback,Diesel,21.7,90.73,3,7,Low,Clear,456.61,40.0,214.43,13.1,1860.9
Ahmedabad,Surat,283.28,Sedan,Petrol,16.47,102.45,5,10,Low,Cloudy,297.41,120.0,231.82,15.759,2237.89
Ahmedabad,Udaipur,269.28,SUV,CNG,11.41,72.54,2,16,Medium,Cloudy,164.03,40.0,294.48,25.002,2207.64
Surat,Mumbai,290.73,SUV,Petrol,10.71,102.73,4,22,Medium,Fog,434.24,120.0,291.36,28.106,3751.64
Ahmedabad,Surat,273.32,Hatchback,CNG,19.17,85.73,1,17,Low,Rain,370.99,60.0,264.95,13.538,1767.29
Delhi,Jaipur,276.75,Hatchback,Petrol,17.36,94.07,2,16,Medium,Clear,283.73,80.0,263.53,16.332,2037.9
Vadodara,Mumbai,459.03,SUV,Petrol,13.47,103.49,2,8,Low,Clear,432.74,40.0,315.99,32.677,4191.2
Ahmedabad,Surat,260.15,Sedan,CNG,12.17,72.6,5,9,Low,Clear,400.09,120.0,215.38,20.837,2246.41
Surat,Mumbai,317.08,Sedan,Diesel,19.48,97.2,2,23,High,Clear,523.18,80.0,305.84,19.057,2719.3
Ahmedabad,Udaipur,272.25,SUV,Petrol,10.59,95.89,1,11,Low,Fog,308.25,40.0,288.79,24.745,2972.65
Rajkot,Ahmedabad,220.02,Sedan,CNG,16.24,80.23,2,23,Medium,Cloudy,192.64,40.0,254.95,14.371,1530.0
Ahmedabad,Udaipur,260.11,Hatchback,Petrol,20.22,100.01,1,11,Low,Rain,228.46,120.0,265.28,12.518,1730.06
Surat,Mumbai,316.77,SUV,Diesel,13.94,91.33,4,9,High,Cloudy,426.07,80.0,314.87,26.874,3271.18
Pune,Mumbai,159.58,Sedan,Petrol,15.61,104.58,3,22,Low,Clear,223.72,150.0,175.14,9.678,1483.83
Ahmedabad,Vadodara,118.03,SUV,Diesel,9.6,89.67,3,12,High,Clear,106.95,80.0,140.33,14.657,1626.6
Bengaluru,Mysuru,142.88,Hatchback,Diesel,16.66,90.73,4,1,Low,Fog,238.04,0.0,170.79,8.076,1067.84
Pune,Mumbai,163.08,Hatchback,CNG,18.07,81.79,1,11,Low,Rain,319.8,40.0,206.92,8.79,1180.63
Pune,Mumbai,159.7,Sedan,Diesel,17.91,96.93,4,0,High,Clear,310.05,0.0,246.1,10.266,1406.53
Delhi,Jaipur,302.17,Hatchback,Petrol,16.67,102.47,4,14,Low,Clear,264.58,60.0,255.34,17.211,2290.39
Ahmedabad,Udaipur,262.05,SUV,CNG,9.26,75.38,4,6,Medium,Clear,197.62,60.0,277.6,29.968,2783.71
Ahmedabad,Vadodara,121.77,Hatchback,Diesel,23.06,94.59,2,14,Medium,Clear,162.25,80.0,124.34,5.478,822.36
Bengaluru,Mysuru,156.05,Sedan,Petrol,14.78,107.0,4,23,Medium,Cloudy,213.43,120.0,172.41,11.363,1682.89
Ahmedabad,Vadodara,113.24,Sedan,Diesel,15.13,91.93,5,4,Low,Fog,158.99,40.0,118.52,7.019,918.19
Delhi,Jaipur,303.03,SUV,Diesel,15.73,94.35,4,19,Low,Clear,382.83,60.0,267.99,17.958,2415.24
Pune,Mumbai,160.97,SUV,Diesel,15.67,97.28,5,23,Medium,Clear,230.04,150.0,217.01,10.559,1536.12
Ahmedabad,Surat,275.73,Hatchback,CNG,19.33,76.5,3,11,Medium,Clear,247.17,0.0,257.45,15.339,1567.88
Surat,Mumbai,315.34,Sedan,CNG,12.34,81.68,3,16,Medium,Fog,352.25,0.0,298.17,26.149,2713.89
Ahmedabad,Vadodara,121.41,SUV,Petrol,11.11,94.51,5,0,Low,Rain,120.79,80.0,126.9,10.542,1298.8
Vadodara,Mumbai,417.12,Hatchback,Diesel,16.5,93.43,1,5,Medium,Rain,532.02,80.0,354.68,26.552,3350.5
Bengaluru,Mysuru,157.46,SUV,Diesel,13.53,88.55,2,4,Low,Rain,231.4,40.0,180.91,11.223,1406.3
Ahmedabad,Vadodara,115.26,Sedan,Petrol,14.81,102.9,3,13,Medium,Rain,141.84,60.0,132.96,7.91,1089.71
Vadodara,Mumbai,433.52,Hatchback,Diesel,23.12,93.41,3,10,Medium,Cloudy,550.25,80.0,330.2,19.651,2715.56
Pune,Mumbai,167.25,SUV,CNG,10.82,74.37,4,16,High,Rain,236.5,80.0,311.47,18.247,1827.0
Ahmedabad,Surat,287.75,Sedan,CNG,12.96,85.5,2,13,Low,Clear,369.55,120.0,237.1,20.854,2500.11
Bengaluru,Mysuru,149.35,Sedan,Diesel,16.98,92.75,4,8,Medium,Rain,130.4,40.0,184.45,9.381,1142.85
Ahmedabad,Vadodara,122.66,Sedan,Petrol,17.93,106.04,2,7,Medium,Clear,138.92,80.0,127.02,6.982,1047.19
Bengaluru,Mysuru,145.28,SUV,CNG,9.35,73.56,1,5,Low,Clear,128.06,40.0,150.97,14.524,1359.14
Bengaluru,Mysuru,154.46,Sedan,Diesel,18.51,94.28,2,14,Medium,Cloudy,229.36,0.0,179.57,8.866,1165.0
Bengaluru,Mysuru,150.02,Hatchback,Petrol,20.23,97.46,5,13,Medium,Rain,216.77,120.0,195.93,7.992,1213.82
Rajkot,Ahmedabad,212.69,Sedan,Diesel,17.83,92.77,1,13,High,Clear,343.13,80.0,278.03,13.833,1849.83
Ahmedabad,Surat,263.13,SUV,Diesel,15.04,92.6,2,12,Low,Cloudy,331.78,40.0,226.66,16.571,2091.21
Ahmedabad,Surat,274.34,SUV,Petrol,10.48,98.5,2,23,Medium,Clear,369.46,40.0,274.2,28.275,3382.55
Ahmedabad,Vadodara,113.5,Hatchback,Petrol,15.66,100.87,1,13,Medium,Clear,199.21,150.0,111.11,7.661,1185.56
Bengaluru,Mysuru,142.66,Sedan,CNG,16.37,75.45,4,3,High,Clear,233.68,60.0,183.15,9.811,1115.35
Ahmedabad,Surat,266.38,Sedan,Petrol,14.54,96.31,4,5,Medium,Clear,301.14,60.0,244.16,18.647,2306.34
Ahmedabad,Udaipur,266.13,Sedan,CNG,14.44,84.96,3,20,Medium,Clear,197.79,60.0,263.85,19.242,2097.72
Bengaluru,Mysuru,145.06,Hatchback,Diesel,18.39,95.63,4,15,Low,Cloudy,220.67,80.0,146.13,7.554,1119.38
Delhi,Jaipur,277.06,Hatchback,Diesel,18.86,91.64,1,19,High,Clear,267.08,150.0,323.33,17.43,2185.38
Pune,Mumbai,167.21,Hatchback,CNG,16.96,72.33,1,0,High,Rain,398.43,80.0,307.47,11.85,1421.76
Pune,Mumbai,165.62,SUV,CNG,12.29,84.55,1,9,Medium,Cloudy,375.75,120.0,232.12,14.534,1844.15
Ahmedabad,Vadodara,115.01,Sedan,CNG,14.92,83.33,2,14,High,Fog,114.31,0.0,167.29,9.014,935.63
Ahmedabad,Udaipur,256.91,SUV,Petrol,9.83,96.99,5,18,High,Clear,238.67,0.0,314.98,30.258,3410.29
Ahmedabad,Vadodara,119.04,Sedan,CNG,11.79,82.84,2,0,Medium,Rain,116.54,60.0,139.23,10.876,1166.78
Ahmedabad,Surat,282.16,Sedan,Petrol,12.76,102.38,1,19,Low,Cloudy,393.75,40.0,233.55,20.345,2690.5
Pune,Mumbai,169.53,Hatchback,Petrol,15.58,96.64,3,21,High,Clear,246.57,60.0,267.6,12.638,1610.13
Delhi,Jaipur,303.55,Sedan,Diesel,16.36,91.74,2,23,Medium,Clear,425.43,60.0,294.67,18.727,2402.89
Ahmedabad,Udaipur,263.58,Sedan,Diesel,18.54,97.59,5,9,Medium,Cloudy,184.35,150.0,282.37,15.332,1995.03
Surat,Mumbai,312.99,Hatchback,Diesel,18.27,97.04,2,18,High,Clear,281.92,40.0,287.23,19.321,2409.65
Vadodara,Mumbai,449.33,Sedan,Diesel,17.17,93.27,2,15,High,Clear,486.18,150.0,381.19,30.273,3824.91
Delhi,Jaipur,304.29,Sedan,Petrol,15.64,103.74,4,0,Medium,Cloudy,315.32,150.0,309.83,20.555,2801.11
Surat,Mumbai,310.68,SUV,Petrol,14.36,106.72,4,10,Medium,Clear,490.63,0.0,245.39,22.357,3184.99
Surat,Mumbai,300.44,Sedan,CNG,12.38,83.46,4,10,Low,Clear,364.29,0.0,200.81,22.161,2389.75
Surat,Mumbai,291.95,Hatchback,CNG,16.82,77.94,5,15,Medium,Clear,326.88,80.0,234.12,18.002,1979.41
Ahmedabad,Udaipur,268.81,Hatchback,Diesel,19.46,94.88,5,13,Medium,Clear,294.07,60.0,286.86,14.299,1863.12
Pune,Mumbai,163.23,Sedan,Diesel,19.16,88.71,1,13,Medium,Rain,391.94,120.0,235.09,9.129,1459.28
Surat,Mumbai,285.1,Sedan,Petrol,16.22,95.31,2,1,Medium,Clear,455.0,60.0,227.35,18.134,2413.11
Bengaluru,Mysuru,158.85,Sedan,Petrol,15.74,97.43,2,7,Medium,Clear,184.82,60.0,167.42,10.802,1415.07
Bengaluru,Mysuru,155.04,Hatchback,CNG,19.46,77.33,3,16,Low,Clear,253.85,150.0,155.38,7.351,1077.91
Ahmedabad,Surat,284.56,Hatchback,Petrol,19.02,94.69,5,19,High,Cloudy,311.72,0.0,339.08,17.561,2166.83
Pune,Mumbai,152.44,Hatchback,Petrol,18.99,105.03,1,15,Medium,Clear,249.4,60.0,199.14,8.372,1269.73
Bengaluru,Mysuru,145.74,Sedan,CNG,13.01,76.8,3,16,High,Rain,196.75,150.0,216.46,13.001,1472.44
Rajkot,Ahmedabad,233.21,Sedan,CNG,12.51,82.0,1,5,High,Rain,204.77,120.0,359.02,21.909,2293.69
Ahmedabad,Udaipur,275.96,SUV,Petrol,13.11,95.34,5,3,Medium,Clear,238.15,60.0,288.42,21.32,2523.28
Pune,Mumbai,159.73,Sedan,Diesel,14.08,91.16,1,14,Medium,Rain,308.93,80.0,229.27,11.488,1521.91
Vadodara,Mumbai,450.75,Hatchback,Diesel,20.18,91.4,5,7,Medium,Clear,573.04,60.0,350.61,23.646,3029.57
Delhi,Jaipur,291.63,SUV,Diesel,13.39,87.77,4,6,Medium,Cloudy,429.28,40.0,305.23,23.261,2782.41
Ahmedabad,Vadodara,119.3,SUV,CNG,11.71,81.31,3,15,Medium,Clear,160.74,60.0,119.68,10.801,1205.84
Surat,Mumbai,309.84,Hatchback,Petrol,16.06,107.47,3,20,Medium,Clear,409.56,150.0,239.39,19.513,2840.85
Rajkot,Ahmedabad,216.02,Sedan,CNG,12.45,78.17,2,5,High,Clear,306.61,60.0,285.45,20.313,2090.36
Surat,Mumbai,308.94,SUV,Diesel,10.67,93.19,1,22,Medium,Clear,343.16,80.0,254.18,29.732,3437.63
Ahmedabad,Udaipur,273.11,Hatchback,CNG,17.7,79.46,5,1,Low,Clear,320.64,120.0,232.78,14.343,1714.08
Ahmedabad,Surat,262.78,SUV,Petrol,9.8,102.69,5,13,Low,Cloudy,227.59,0.0,225.8,26.171,3143.66
Delhi,Jaipur,282.87,Hatchback,CNG,19.59,77.01,4,22,Medium,Cloudy,399.81,60.0,296.75,15.52,1808.55
Bengaluru,Mysuru,146.45,Sedan,Diesel,14.96,94.95,3,2,Medium,Clear,231.37,0.0,167.4,10.504,1325.15
Delhi,Jaipur,295.54,Hatchback,Diesel,21.08,92.78,3,3,High,Clear,267.13,0.0,324.87,16.186,1945.64
Ahmedabad,Surat,267.52,Sedan,Diesel,14.67,87.63,3,10,Medium,Clear,407.08,0.0,249.9,18.554,2232.4
Surat,Mumbai,286.76,Hatchback,CNG,13.83,79.77,4,3,Medium,Clear,459.78,0.0,225.06,22.164,2417.37
Ahmedabad,Vadodara,118.33,Hatchback,Diesel,21.64,88.51,5,18,Low,Rain,148.93,60.0,117.08,5.111,733.91
Pune,Mumbai,161.33,Sedan,Diesel,15.02,94.59,5,9,Low,Rain,304.85,150.0,202.55,10.459,1568.37
Delhi,Jaipur,280.04,Hatchback,Petrol,17.34,94.14,4,16,Medium,Cloudy,421.78,150.0,288.39,17.213,2368.62
Pune,Mumbai,161.21,Sedan,Petrol,17.63,95.41,2,21,Medium,Clear,238.76,60.0,211.08,9.756,1326.76
Delhi,Jaipur,286.53,Sedan,CNG,16.13,77.96,3,1,High,Clear,428.41,40.0,332.19,20.101,2254.71
Bengaluru,Mysuru,157.12,Sedan,Petrol,18.0,98.06,4,3,Low,Rain,139.41,0.0,172.24,8.067,1048.43
Surat,Mumbai,288.21,Sedan,Diesel,16.74,91.67,1,1,Low,Clear,531.51,40.0,194.4,15.845,2245.44
Ahmedabad,Surat,259.75,SUV,CNG,11.41,83.39,3,9,High,Cloudy,333.83,40.0,296.25,27.185,2811.61
Bengaluru,Mysuru,149.73,SUV,Petrol,14.15,106.48,5,9,Low,Cloudy,223.91,60.0,149.34,9.818,1475.25
Vadodara,Mumbai,450.29,Sedan,CNG,12.91,84.16,4,12,Low,Clear,497.68,60.0,296.21,31.927,3617.72
Surat,Mumbai,302.78,Hatchback,Petrol,14.44,99.59,1,21,High,Rain,388.17,60.0,318.59,25.149,3126.75
Delhi,Jaipur,280.13,Sedan,CNG,12.91,81.94,3,22,High,Clear,357.54,120.0,328.44,25.459,2733.22
Pune,Mumbai,152.57,Hatchback,Diesel,17.46,93.08,5,20,Medium,Clear,249.62,80.0,195.18,8.917,1229.49
Vadodara,Mumbai,458.26,Sedan,Diesel,17.08,92.5,1,2,Medium,Clear,400.5,60.0,327.06,28.606,3386.86
Ahmedabad,Surat,286.04,SUV,Petrol,13.37,103.19,2,5,Low,Clear,418.69,0.0,236.09,19.845,2672.2
Bengaluru,Mysuru,152.1,Hatchback,Petrol,20.22,104.48,4,13,Low,Rain,192.17,0.0,177.03,7.128,1034.72
Pune,Mumbai,161.23,Sedan,CNG,15.44,84.89,1,5,Low,Cloudy,319.19,80.0,186.07,10.061,1357.72
Ahmedabad,Surat,269.52,Hatchback,CNG,17.95,84.64,2,19,High,Clear,231.24,120.0,293.94,17.666,2003.22
Ahmedabad,Surat,279.02,SUV,Petrol,9.36,97.93,4,0,High,Clear,440.69,120.0,326.7,34.346,4139.51
Ahmedabad,Vadodara,114.78,Hatchback,Petrol,15.34,98.98,2,23,Medium,Clear,147.68,80.0,119.0,7.658,1034.45
Rajkot,Ahmedabad,223.84,Hatchback,Petrol,17.06,107.71,2,4,Medium,Cloudy,200.78,0.0,268.62,13.335,1772.92
Ahmedabad,Vadodara,116.79,SUV,CNG,8.7,85.99,3,22,High,Cloudy,153.26,0.0,149.4,15.79,1619.79
Ahmedabad,Surat,281.65,Sedan,Diesel,16.5,97.58,2,0,Low,Clear,316.79,120.0,219.69,15.576,2145.22
Vadodara,Mumbai,447.57,Hatchback,CNG,14.57,82.44,5,5,Low,Cloudy,576.28,40.0,298.69,29.953,3358.18
Vadodara,Mumbai,419.16,SUV,Diesel,14.82,88.79,1,11,Medium,Clear,621.84,120.0,330.62,28.615,3695.01
Delhi,Jaipur,284.9,Hatchback,CNG,13.57,78.1,4,22,Medium,Clear,259.96,40.0,265.97,21.379,2106.72
Ahmedabad,Udaipur,259.37,Hatchback,Petrol,16.69,100.83,1,1,Medium,Cloudy,253.05,60.0,276.86,15.803,2086.74
Pune,Mumbai,155.42,SUV,CNG,12.92,74.05,3,12,Medium,Rain,242.74,80.0,227.49,12.776,1388.45
Vadodara,Mumbai,429.15,SUV,Diesel,10.89,87.54,4,8,Low,Clear,471.63,40.0,302.12,36.231,4017.76
Rajkot,Ahmedabad,212.61,SUV,CNG,11.68,81.9,4,17,Medium,Cloudy,204.56,60.0,251.11,19.373,2018.97
Pune,Mumbai,151.96,SUV,Petrol,13.37,96.48,2,12,Medium,Clear,245.88,40.0,197.45,12.118,1558.53
Ahmedabad,Vadodara,119.05,Hatchback,Petrol,20.65,105.06,1,23,High,Clear,130.1,120.0,142.43,6.662,1032.75
Rajkot,Ahmedabad,232.48,Hatchback,Petrol,19.4,100.57,3,1,High,Cloudy,277.78,150.0,309.69,13.663,1960.93
Ahmedabad,Surat,280.87,Sedan,Petrol,14.24,104.56,5,13,Medium,Clear,390.92,60.0,261.23,21.318,2852.47
Delhi,Jaipur,298.03,Sedan,Diesel,17.27,96.56,3,14,Medium,Clear,274.26,0.0,282.75,18.126,2271.6
Ahmedabad,Udaipur,261.79,SUV,Petrol,11.57,107.64,4,4,High,Clear,256.27,40.0,309.28,25.89,3270.52
Vadodara,Mumbai,421.34,Sedan,Diesel,17.97,94.42,5,17,High,Clear,639.39,0.0,363.7,27.886,3559.54
Bengaluru,Mysuru,150.3,Hatchback,Diesel,16.07,88.43,4,12,Medium,Fog,137.89,0.0,210.05,9.551,1056.21
Ahmedabad,Vadodara,112.93,Sedan,Petrol,17.45,99.37,5,4,Medium,Clear,156.98,120.0,115.99,6.717,1008.39
Rajkot,Ahmedabad,217.45,Sedan,Petrol,17.64,107.64,3,6,High,Cloudy,316.25,0.0,280.47,14.863,2078.95
Pune,Mumbai,166.46,SUV,CNG,11.25,73.19,4,8,High,Clear,231.22,60.0,270.47,16.852,1639.73
Ahmedabad,Vadodara,112.64,Hatchback,CNG,17.2,77.52,1,13,Medium,Rain,192.76,0.0,134.99,7.045,799.88
Delhi,Jaipur,283.18,Sedan,Diesel,16.33,96.0,3,16,High,Clear,263.14,120.0,316.33,20.232,2521.49
Ahmedabad,Surat,279.3,Sedan,Diesel,19.96,88.53,3,23,Low,Rain,320.36,120.0,257.05,12.967,1780.96
Delhi,Jaipur,300.53,SUV,Petrol,12.0,99.3,1,5,Medium,Fog,361.25,60.0,375.66,26.308,3287.79
Ahmedabad,Vadodara,123.06,Sedan,Petrol,12.85,105.97,4,14,Low,Clear,163.15,80.0,102.72,9.345,1338.54
Delhi,Jaipur,291.13,Hatchback,Diesel,22.08,95.65,3,14,Medium,Clear,442.37,40.0,275.35,13.995,1982.15
Bengaluru,Mysuru,150.42,SUV,Petrol,10.57,97.75,5,16,Medium,Clear,144.15,80.0,179.87,15.157,1815.95
Bengaluru,Mysuru,155.27,Hatchback,Petrol,15.61,95.44,4,19,High,Clear,249.65,80.0,206.36,11.799,1523.26
Ahmedabad,Surat,286.03,Hatchback,Diesel,22.07,95.96,5,20,Medium,Clear,421.26,60.0,281.17,13.902,1978.18
Surat,Mumbai,290.32,SUV,Diesel,13.65,94.45,1,19,Medium,Clear,433.12,40.0,238.46,22.65,2809.57
Ahmedabad,Vadodara,117.98,Hatchback,Petrol,14.63,96.37,3,10,High,Cloudy,177.52,120.0,148.24,9.095,1251.12
Bengaluru,Mysuru,158.47,SUV,Petrol,11.31,99.06,5,9,Medium,Clear,229.08,0.0,186.68,14.924,1843.04
Ahmedabad,Surat,280.2,SUV,Diesel,10.55,90.44,3,5,Medium,Clear,328.88,120.0,268.88,28.58,3317.36
Ahmedabad,Udaipur,268.2,Hatchback,Diesel,17.49,96.06,1,15,Medium,Clear,292.36,120.0,262.85,15.805,2077.6
Ahmedabad,Vadodara,110.82,Sedan,Diesel,18.62,87.46,3,3,Medium,Clear,133.98,80.0,106.77,6.319,852.24
Ahmedabad,Vadodara,120.5,Sedan,Petrol,17.12,97.0,4,21,Medium,Clear,150.25,60.0,119.31,7.412,1021.66
Vadodara,Mumbai,426.72,Hatchback,Diesel,20.99,94.42,5,3,Medium,Cloudy,458.15,80.0,331.29,20.555,2677.92
Ahmedabad,Udaipur,256.68,SUV,CNG,12.93,75.22,5,1,High,Clear,208.97,40.0,327.89,23.08,2215.03
Vadodara,Mumbai,431.91,SUV,Petrol,13.02,94.32,5,2,Low,Clear,561.52,40.0,280.97,31.715,3891.06
Pune,Mumbai,159.84,SUV,CNG,11.32,81.2,5,22,High,Fog,322.8,120.0,291.74,16.495,1928.22
Surat,Mumbai,296.73,Sedan,Petrol,14.18,96.55,2,13,High,Rain,336.45,120.0,325.36,24.399,3009.81
Delhi,Jaipur,289.68,SUV,Diesel,11.94,97.11,1,2,High,Clear,472.08,150.0,353.37,28.919,3672.18
Surat,Mumbai,317.18,Hatchback,Diesel,22.86,91.0,3,18,High,Fog,416.97,60.0,385.16,15.856,2076.65
Bengaluru,Mysuru,151.69,Sedan,Diesel,14.62,92.65,5,13,Medium,Clear,241.55,150.0,165.42,10.926,1499.08
Bengaluru,Mysuru,144.53,Sedan,Petrol,15.54,102.1,1,8,Medium,Clear,218.99,40.0,153.59,10.058,1375.94
Ahmedabad,Vadodara,120.03,Sedan,CNG,14.73,74.53,5,9,High,Clear,153.94,150.0,145.7,9.196,1087.87
Delhi,Jaipur,293.4,SUV,CNG,8.75,83.3,3,15,Medium,Rain,451.36,80.0,327.21,36.217,3807.85
Surat,Mumbai,292.64,Hatchback,Petrol,19.01,100.03,3,9,High,Cloudy,460.56,0.0,298.74,17.937,2458.74
Bengaluru,Mysuru,150.03,Hatchback,Petrol,21.09,101.43,1,20,High,Clear,198.51,120.0,207.96,8.195,1245.64
Surat,Mumbai,290.21,Hatchback,Diesel,22.27,88.04,4,21,Medium,Rain,483.26,60.0,266.84,13.487,1887.38
Surat,Mumbai,299.62,Sedan,Petrol,14.93,103.13,1,11,Low,Clear,447.8,150.0,206.58,19.193,2746.69
Ahmedabad,Surat,265.48,Hatchback,Petrol,15.9,95.19,5,23,Low,Clear,444.3,120.0,226.06,16.174,2287.42
Pune,Mumbai,164.6,Sedan,Petrol,14.36,98.09,2,17,Low,Clear,223.29,0.0,175.52,10.97,1397.05
Ahmedabad,Vadodara,113.33,Hatchback,CNG,14.76,72.5,1,20,High,Clear,118.21,80.0,133.61,9.219,941.81
Bengaluru,Mysuru,156.1,Sedan,Petrol,17.57,104.19,3,18,Low,Cloudy,250.65,80.0,155.59,8.35,1319.2
Ahmedabad,Udaipur,284.13,Sedan,Petrol,12.58,102.67,5,5,Low,Clear,243.37,40.0,244.62,21.198,2624.05
Delhi,Jaipur,277.69,Sedan,Diesel,17.9,93.72,1,0,Low,Clear,422.51,0.0,233.0,14.328,1932.89
Rajkot,Ahmedabad,212.76,Sedan,Diesel,18.94,88.41,1,6,High,Clear,222.66,0.0,283.97,12.981,1520.02
Surat,Mumbai,294.41,SUV,Petrol,12.38,95.07,4,11,Low,Clear,460.99,80.0,214.98,21.782,2909.77
Pune,Mumbai,155.62,Hatchback,Diesel,17.76,92.82,3,11,High,Clear,294.0,0.0,233.14,10.113,1320.96
Ahmedabad,Vadodara,116.34,SUV,Diesel,10.99,96.18,5,6,Low,Clear,184.88,80.0,108.64,10.16,1347.54
Rajkot,Ahmedabad,221.67,Hatchback,Petrol,15.72,103.75,4,19,Medium,Clear,381.05,0.0,244.4,14.271,1964.1
Ahmedabad,Surat,261.78,Sedan,CNG,12.62,78.08,5,19,High,Clear,426.9,40.0,288.92,23.821,2524.13
Ahmedabad,Surat,265.05,Hatchback,Diesel,19.86,90.67,4,6,Low,Cloudy,289.45,40.0,225.09,12.787,1634.58
Delhi,Jaipur,279.95,Sedan,CNG,15.57,74.08,5,8,High,Clear,284.23,80.0,312.75,21.22,2122.44
Bengaluru,Mysuru,155.14,Sedan,Petrol,13.37,95.06,1,19,Medium,Rain,226.39,60.0,201.87,12.498,1596.13
Bengaluru,Mysuru,157.53,Sedan,Petrol,12.92,103.7,1,6,Low,Clear,144.17,0.0,153.85,11.793,1478.64
Delhi,Jaipur,283.4,Sedan,Petrol,13.85,104.57,5,20,Medium,Clear,254.23,40.0,257.72,21.811,2751.05
Rajkot,Ahmedabad,216.45,Sedan,CNG,16.89,77.14,4,7,Medium,Clear,202.6,120.0,225.16,13.391,1502.56
Ahmedabad,Vadodara,119.15,Hatchback,CNG,18.53,83.84,1,13,Medium,Clear,127.43,60.0,126.18,6.895,825.35
Surat,Mumbai,284.75,Sedan,Petrol,12.63,94.39,5,4,Medium,Clear,534.26,60.0,222.42,23.588,3024.14
Ahmedabad,Surat,263.95,SUV,Petrol,12.65,102.25,4,8,Medium,Cloudy,418.28,80.0,254.59,22.121,2976.89
Pune,Mumbai,154.75,SUV,CNG,11.3,83.88,2,19,Medium,Clear,285.49,60.0,208.76,14.254,1677.63
Ahmedabad,Surat,265.75,Sedan,CNG,12.18,83.88,5,3,Low,Fog,246.14,80.0,258.02,20.022,2153.85
Surat,Mumbai,294.18,Sedan,Petrol,16.96,106.01,1,11,Medium,Clear,331.4,120.0,228.78,18.125,2594.89
Ahmedabad,Surat,276.05,SUV,Petrol,9.85,107.7,1,7,Medium,Cloudy,275.01,0.0,275.54,29.329,3704.18
Rajkot,Ahmedabad,214.46,Sedan,Diesel,17.36,89.34,2,14,Medium,Cloudy,386.35,120.0,240.96,12.733,1787.24
Ahmedabad,Surat,274.8,Sedan,CNG,16.5,78.39,4,13,Medium,Cloudy,399.35,0.0,257.13,17.16,1966.28
Surat,Mumbai,313.49,Sedan,Petrol,14.81,100.33,1,20,High,Rain,320.51,40.0,339.85,24.947,3052.22
Pune,Mumbai,153.67,Hatchback,Diesel,16.49,92.09,4,15,Medium,Clear,269.23,120.0,205.67,9.609,1372.49
Ahmedabad,Surat,274.13,SUV,Petrol,11.8,102.3,3,5,Low,Clear,380.25,80.0,222.71,22.501,2981.46
Ahmedabad,Vadodara,119.35,SUV,Petrol,13.46,106.72,1,19,High,Clear,157.6,60.0,153.29,10.188,1401.89
Ahmedabad,Surat,277.74,Hatchback,Petrol,16.48,104.63,5,0,Low,Cloudy,374.88,80.0,246.58,15.748,2245.18
Delhi,Jaipur,294.23,Sedan,Diesel,16.79,87.76,5,3,High,Clear,427.2,0.0,322.96,20.251,2411.12
Rajkot,Ahmedabad,211.86,Sedan,Petrol,12.63,94.02,2,16,Medium,Rain,295.72,80.0,269.91,17.706,2152.4
Ahmedabad,Vadodara,112.12,Sedan,Petrol,16.93,96.64,3,17,Medium,Cloudy,166.65,80.0,116.17,6.845,975.31
Rajkot,Ahmedabad,224.08,SUV,Diesel,14.01,95.14,2,13,Medium,Cloudy,230.83,120.0,274.97,16.679,2158.88
Surat,Mumbai,311.59,SUV,Diesel,14.15,94.08,2,5,Low,Clear,354.68,120.0,225.69,21.091,2700.9
Delhi,Jaipur,283.37,Hatchback,Petrol,15.0,95.77,3,22,Medium,Clear,453.38,60.0,285.02,19.926,2540.37
Ahmedabad,Udaipur,270.81,SUV,CNG,11.53,79.49,3,10,Medium,Cloudy,190.03,0.0,283.98,24.123,2324.6
Pune,Mumbai,170.41,Hatchback,Petrol,15.9,101.64,5,9,Medium,Fog,367.22,120.0,266.11,11.266,1721.32
Surat,Mumbai,301.98,SUV,Petrol,9.89,94.54,2,14,Medium,Clear,368.7,120.0,237.62,30.916,3683.73
Rajkot,Ahmedabad,231.23,SUV,Diesel,15.58,90.46,3,21,High,Clear,194.46,60.0,300.83,17.424,2046.34
Delhi,Jaipur,301.83,Hatchback,Diesel,22.53,96.36,5,8,Low,Fog,437.08,80.0,324.04,12.604,1918.48
Bengaluru,Mysuru,154.56,Sedan,CNG,15.76,74.67,5,8,Medium,Cloudy,234.73,120.0,178.4,9.995,1214.89
Pune,Mumbai,164.18,Sedan,Diesel,19.22,91.87,2,1,High,Rain,350.87,0.0,290.85,9.757,1361.8
Ahmedabad,Vadodara,114.23,SUV,Petrol,10.1,95.53,1,22,Medium,Clear,177.29,40.0,123.24,11.675,1410.07
Pune,Mumbai,160.29,Hatchback,Petrol,17.55,97.5,4,21,Medium,Clear,237.91,0.0,203.95,9.286,1221.15
Ahmedabad,Udaipur,270.57,Sedan,Petrol,16.08,104.78,1,3,Medium,Rain,248.31,80.0,314.06,17.057,2329.72
Bengaluru,Mysuru,159.33,Sedan,Petrol,14.58,94.6,4,0,High,Clear,143.4,60.0,215.26,13.07,1542.52
Rajkot,Ahmedabad,229.26,Sedan,Diesel,18.45,88.84,5,15,Medium,Clear,206.17,60.0,247.1,13.182,1580.39
Pune,Mumbai,155.18,SUV,CNG,9.72,81.29,5,20,High,Clear,264.41,120.0,251.09,18.641,2030.71
Ahmedabad,Udaipur,275.85,Sedan,Diesel,15.86,90.65,3,9,High,Clear,302.8,60.0,315.08,20.173,2371.9
Ahmedabad,Surat,266.78,SUV,Diesel,14.13,92.67,1,17,Medium,Clear,226.14,60.0,264.97,19.887,2353.83
Pune,Mumbai,166.14,Hatchback,Petrol,20.56,106.64,5,8,Low,Fog,334.26,40.0,228.8,7.804,1317.4
Surat,Mumbai,310.66,Sedan,Diesel,18.22,92.81,4,10,Low,Clear,273.28,0.0,220.95,16.339,1971.22
Pune,Mumbai,161.33,SUV,Diesel,12.52,92.05,2,9,Medium,Clear,232.66,0.0,206.37,13.813,1621.98
Ahmedabad,Udaipur,275.29,Hatchback,Petrol,19.34,100.24,2,22,Medium,Clear,167.82,150.0,293.07,14.643,1950.56
Ahmedabad,Surat,279.7,Sedan,CNG,16.78,76.75,2,8,Medium,Clear,371.85,120.0,269.78,16.869,1961.1
Ahmedabad,Vadodara,115.98,Sedan,Diesel,16.11,96.28,1,18,Medium,Rain,140.97,0.0,131.37,7.469,930.78
Vadodara,Mumbai,426.79,Sedan,Petrol,13.77,101.86,4,6,Medium,Cloudy,411.78,60.0,319.52,32.433,4107.8
Delhi,Jaipur,276.14,Sedan,Petrol,14.95,107.14,1,5,High,Fog,372.36,0.0,383.34,22.272,2994.6
Ahmedabad,Vadodara,112.21,Hatchback,Diesel,17.64,96.89,5,18,Low,Clear,118.33,0.0,102.65,6.125,768.84
Ahmedabad,Surat,278.32,SUV,Diesel,14.47,90.55,2,13,Medium,Clear,393.49,120.0,264.0,20.127,2594.35
Bengaluru,Mysuru,159.46,Hatchback,Diesel,15.98,89.59,2,18,Medium,Rain,185.03,40.0,212.42,10.148,1245.31
Rajkot,Ahmedabad,233.3,SUV,Diesel,11.31,96.2,4,12,Medium,Clear,236.69,60.0,271.31,21.005,2541.99
Surat,Mumbai,292.8,Hatchback,Petrol,14.93,105.8,4,18,Medium,Clear,324.3,80.0,229.62,20.09,2653.62
Rajkot,Ahmedabad,234.41,SUV,Petrol,8.64,97.61,4,11,High,Cloudy,281.17,60.0,319.45,31.006,3598.01
Pune,Mumbai,169.36,Sedan,Diesel,15.86,88.14,2,4,Medium,Clear,246.73,80.0,208.32,11.326,1419.11
Pune,Mumbai,157.31,Hatchback,Petrol,18.16,99.26,4,1,Medium,Fog,307.68,120.0,252.28,8.944,1408.02
Ahmedabad,Udaipur,267.98,Sedan,Diesel,19.59,93.92,1,5,Medium,Clear,321.61,40.0,267.85,13.958,1838.51
Rajkot,Ahmedabad,214.75,SUV,Diesel,13.66,91.32,2,17,High,Rain,232.06,120.0,335.48,18.841,2239.65
Ahmedabad,Udaipur,269.68,Sedan,Petrol,13.21,103.84,5,19,High,Clear,206.33,150.0,326.74,24.263,3095.55
Surat,Mumbai,298.65,SUV,Diesel,12.65,93.26,1,13,Medium,Clear,509.03,0.0,241.28,24.138,3005.0
Ahmedabad,Surat,289.07,Hatchback,Diesel,16.4,94.67,4,4,High,Clear,255.19,80.0,317.19,20.089,2367.91
Rajkot,Ahmedabad,213.78,Sedan,Petrol,15.78,107.71,5,7,Low,Clear,282.68,120.0,198.83,12.483,1906.67
Delhi,Jaipur,282.16,Hatchback,CNG,14.99,74.18,5,8,Low,Cloudy,403.1,60.0,239.81,17.485,1921.61
Delhi,Jaipur,278.6,Hatchback,Petrol,16.38,95.33,4,16,High,Clear,455.8,80.0,318.16,20.031,2644.63
Ahmedabad,Vadodara,111.48,Hatchback,Diesel,21.96,93.21,5,10,Medium,Clear,110.03,40.0,114.49,5.17,696.2
Ahmedabad,Surat,284.09,Sedan,Petrol,15.18,94.73,2,21,Low,Clear,245.93,80.0,230.0,17.684,2207.45
Ahmedabad,Vadodara,116.42,Hatchback,CNG,18.41,82.9,1,6,Medium,Clear,99.47,40.0,119.86,6.781,755.45
Bengaluru,Mysuru,144.83,SUV,Petrol,12.92,95.89,5,11,Medium,Clear,162.11,0.0,172.32,11.544,1391.27
Ahmedabad,Vadodara,115.5,SUV,Diesel,12.16,97.23,4,5,Low,Clear,179.54,0.0,105.44,9.107,1181.77
Ahmedabad,Udaipur,259.57,Sedan,Petrol,12.61,101.11,4,4,Medium,Rain,314.23,60.0,308.27,21.194,2712.97
Surat,Mumbai,299.72,SUV,Petrol,10.5,98.52,4,10,Medium,Cloudy,431.25,120.0,256.17,29.775,3709.39
Pune,Mumbai,168.94,Sedan,Petrol,17.34,99.44,2,3,Low,Clear,258.99,40.0,185.12,9.505,1378.87
Ahmedabad,Surat,261.48,Sedan,CNG,15.85,78.84,1,15,Medium,Clear,307.0,0.0,239.13,17.641,1902.99
Pune,Mumbai,158.96,Sedan,Petrol,15.21,99.94,1,10,Low,Rain,377.26,60.0,208.14,9.903,1532.7
Ahmedabad,Vadodara,119.94,Sedan,CNG,14.31,77.96,5,13,Medium,Clear,139.49,60.0,120.74,9.06,981.52
Delhi,Jaipur,294.82,Hatchback,Diesel,19.23,91.27,2,9,High,Clear,269.45,0.0,325.5,17.706,2050.87
Ahmedabad,Udaipur,276.53,Hatchback,Petrol,14.44,98.92,4,2,Low,Clear,313.74,80.0,237.26,18.705,2441.96
Surat,Mumbai,304.78,Hatchback,Petrol,18.21,99.62,1,13,Medium,Rain,526.99,60.0,269.47,17.841,2567.21
Ahmedabad,Surat,275.34,Sedan,Diesel,14.71,93.08,1,22,Low,Rain,400.49,80.0,265.68,17.61,2306.72
Ahmedabad,Udaipur,280.64,Hatchback,Diesel,19.51,95.02,3,8,Low,Rain,218.69,80.0,287.1,13.838,1765.49
Rajkot,Ahmedabad,222.09,Sedan,CNG,13.84,81.22,2,6,High,Clear,365.41,0.0,274.25,18.318,2032.14
Bengaluru,Mysuru,159.37,Hatchback,Petrol,18.63,96.58,3,7,Medium,Clear,148.21,120.0,178.46,8.711,1184.2
Pune,Mumbai,158.43,Hatchback,Diesel,18.81,96.81,2,0,High,Cloudy,297.9,60.0,260.43,9.607,1399.56
Vadodara,Mumbai,440.95,Sedan,Diesel,17.07,93.1,5,16,Medium,Clear,514.48,80.0,330.86,26.402,3388.29
Pune,Mumbai,156.29,Sedan,Diesel,17.93,95.24,3,21,Low,Cloudy,221.5,0.0,176.6,8.516,1127.98
Bengaluru,Mysuru,145.68,Sedan,Diesel,17.95,96.83,5,23,High,Cloudy,248.95,0.0,191.42,9.341,1258.85
Delhi,Jaipur,297.16,Hatchback,Petrol,18.93,102.88,2,15,Medium,Clear,471.73,150.0,280.39,16.686,2533.78
Ahmedabad,Vadodara,113.43,Hatchback,Diesel,16.76,89.17,5,19,Low,Cloudy,122.89,40.0,108.04,6.347,786.14
Ahmedabad,Udaipur,269.88,Hatchback,CNG,19.74,79.37,3,10,Medium,Fog,190.36,150.0,350.65,14.226,1613.37
Rajkot,Ahmedabad,230.79,Sedan,CNG,14.39,76.63,5,7,Medium,Clear,212.7,60.0,258.73,16.649,1697.46
Bengaluru,Mysuru,144.94,Sedan,Diesel,16.67,94.12,1,12,High,Clear,161.21,0.0,187.23,10.402,1235.21
Bengaluru,Mysuru,146.83,Hatchback,Diesel,17.62,88.4,5,4,Low,Cloudy,232.81,60.0,147.48,8.008,1084.63
Surat,Mumbai,313.28,Hatchback,CNG,15.64,73.44,1,9,Medium,Cloudy,413.27,40.0,256.58,20.35,2142.87
Ahmedabad,Udaipur,264.96,SUV,Petrol,10.17,95.35,4,19,High,Clear,206.9,0.0,336.04,29.433,3291.65
Pune,Mumbai,167.32,Hatchback,CNG,15.59,72.88,2,23,Medium,Clear,281.29,150.0,223.7,11.049,1325.88
Ahmedabad,Vadodara,116.72,Sedan,Diesel,17.1,97.62,2,10,High,Cloudy,103.44,80.0,145.3,7.748,1032.35
Rajkot,Ahmedabad,221.61,Sedan,Petrol,17.23,98.81,3,14,Medium,Clear,235.71,40.0,244.55,12.989,1742.12
Ahmedabad,Surat,290.04,Sedan,CNG,13.14,74.37,1,9,Medium,Clear,332.77,80.0,258.68,23.256,2349.85
Bengaluru,Mysuru,157.34,Hatchback,CNG,15.42,80.11,5,12,Medium,Cloudy,246.62,40.0,178.73,10.705,1255.1
Bengaluru,Mysuru,154.67,Sedan,Petrol,15.57,94.9,1,4,Low,Clear,169.14,0.0,148.29,9.266,1152.24
Ahmedabad,Surat,266.1,Sedan,Petrol,16.93,94.86,3,11,High,Clear,359.39,150.0,288.19,18.51,2422.61
Ahmedabad,Surat,286.67,Hatchback,Diesel,16.56,92.77,4,0,Medium,Cloudy,448.28,60.0,285.15,17.489,2326.63
Ahmedabad,Udaipur,266.38,Sedan,Diesel,16.54,95.34,2,20,High,Clear,316.08,80.0,317.68,18.901,2396.01
Bengaluru,Mysuru,151.21,Sedan,CNG,16.34,78.19,4,18,Medium,Cloudy,242.12,0.0,169.74,9.917,1140.4
Ahmedabad,Surat,280.55,Hatchback,Petrol,17.22,100.39,2,12,Medium,Clear,364.22,80.0,261.38,16.83,2281.85
Bengaluru,Mysuru,144.9,Hatchback,Diesel,19.78,96.64,5,18,Medium,Rain,203.85,60.0,195.24,7.775,1078.89
Ahmedabad,Vadodara,121.34,SUV,CNG,11.13,75.31,2,3,Medium,Clear,125.65,80.0,123.11,11.504,1155.87
Pune,Mumbai,152.31,Hatchback,Diesel,18.25,95.49,2,8,Medium,Clear,205.65,40.0,199.24,9.004,1175.14
Ahmedabad,Surat,268.05,Sedan,Diesel,18.04,92.68,4,23,Medium,Rain,406.07,150.0,295.03,15.32,2189.71
Ahmedabad,Surat,273.29,Sedan,Petrol,16.27,99.77,1,1,Low,Clear,413.73,80.0,225.28,16.204,2291.68
Vadodara,Mumbai,455.04,Hatchback,Petrol,15.65,101.98,3,3,Medium,Clear,552.1,120.0,345.24,30.269,3971.18
Ahmedabad,Surat,291.21,Hatchback,Diesel,17.35,92.26,4,16,Medium,Clear,427.3,80.0,265.83,18.057,2371.35
Ahmedabad,Vadodara,117.27,SUV,Diesel,10.63,95.3,3,9,Medium,Clear,132.82,80.0,123.33,11.543,1390.52
Surat,Mumbai,298.05,SUV,CNG,10.84,78.02,4,23,Medium,Clear,354.53,80.0,246.56,29.441,2988.82
Ahmedabad,Vadodara,120.96,SUV,Petrol,14.1,100.24,2,21,High,Rain,197.38,80.0,166.94,9.925,1386.96
Bengaluru,Mysuru,154.22,SUV,Petrol,13.69,100.77,1,14,High,Clear,156.38,120.0,215.33,12.95,1683.65
Delhi,Jaipur,294.55,Sedan,Petrol,17.19,97.66,3,22,High,Rain,307.51,120.0,388.16,20.634,2638.06
Rajkot,Ahmedabad,220.54,SUV,CNG,9.3,82.16,1,7,Medium,Clear,239.95,40.0,248.82,24.361,2465.55
Pune,Mumbai,156.55,SUV,Diesel,11.94,90.21,5,11,High,Cloudy,341.85,60.0,256.29,15.144,1902.47
Ahmedabad,Vadodara,117.6,Sedan,CNG,15.77,77.47,2,16,Low,Clear,168.4,150.0,100.28,7.215,953.43
Ahmedabad,Surat,273.38,SUV,CNG,12.76,83.41,3,8,High,Rain,233.91,40.0,368.81,25.762,2684.22
Ahmedabad,Udaipur,261.22,Hatchback,Petrol,17.88,99.27,2,2,Low,Clear,284.67,60.0,231.23,13.898,1902.72
Rajkot,Ahmedabad,220.89,Sedan,CNG,15.58,81.66,4,18,Medium,Clear,245.08,60.0,238.88,14.897,1675.96
Ahmedabad,Surat,268.93,Hatchback,Diesel,20.66,97.34,2,19,Medium,Rain,419.39,150.0,300.41,13.675,2069.47
Ahmedabad,Vadodara,118.41,Sedan,Diesel,19.98,89.76,5,19,Medium,Clear,179.08,80.0,121.65,6.137,905.6
Pune,Mumbai,165.73,SUV,Petrol,11.21,106.73,4,22,Medium,Cloudy,370.09,80.0,236.88,15.451,2250.5
Ahmedabad,Udaipur,264.75,Sedan,CNG,14.19,73.13,3,1,High,Clear,312.06,0.0,309.63,21.657,2098.37
Rajkot,Ahmedabad,215.61,SUV,Petrol,13.2,104.09,3,21,High,Cloudy,253.5,150.0,303.71,19.09,2611.14
Bengaluru,Mysuru,158.7,SUV,Diesel,14.21,87.15,2,10,Medium,Rain,181.77,150.0,199.93,11.528,1484.32
Ahmedabad,Surat,278.32,SUV,Petrol,13.22,96.82,2,6,Medium,Rain,367.23,0.0,295.33,21.336,2697.68
Ahmedabad,Surat,283.2,Hatchback,Petrol,18.5,102.18,1,9,Low,Clear,276.55,80.0,222.12,14.873,2069.08
Delhi,Jaipur,297.66,Sedan,Diesel,19.13,92.95,1,6,Low,Clear,394.3,120.0,253.65,14.83,2103.2
Surat,Mumbai,290.26,SUV,CNG,12.87,85.94,2,9,Medium,Cloudy,439.04,60.0,246.68,23.056,2748.63
Ahmedabad,Udaipur,267.77,Sedan,Petrol,15.69,95.4,4,10,Medium,Rain,259.23,120.0,306.59,18.317,2285.18
Ahmedabad,Vadodara,122.27,Hatchback,Petrol,18.17,107.4,4,15,Medium,Clear,146.73,40.0,129.86,6.996,1003.38
Surat,Mumbai,305.82,Hatchback,CNG,16.54,85.37,1,10,Medium,Cloudy,410.14,80.0,260.28,19.813,2342.17
Vadodara,Mumbai,431.18,Hatchback,Diesel,20.35,90.32,5,14,Medium,Clear,382.47,120.0,342.76,22.7,2748.72
Rajkot,Ahmedabad,213.96,SUV,Diesel,10.14,97.26,4,18,Low,Fog,281.0,0.0,249.31,20.585,2470.92
Rajkot,Ahmedabad,234.58,SUV,CNG,13.06,85.06,2,15,Medium,Clear,216.12,0.0,264.17,18.498,1994.91
Bengaluru,Mysuru,153.26,SUV,Diesel,13.06,91.65,4,16,Low,Clear,196.18,60.0,150.5,10.738,1378.07
Surat,Mumbai,287.47,SUV,Petrol,12.28,99.3,2,16,Medium,Clear,475.47,0.0,238.05,25.072,3235.93
Bengaluru,Mysuru,154.42,SUV,CNG,8.34,82.83,5,3,Medium,Clear,154.72,80.0,170.92,18.903,1939.69
Delhi,Jaipur,293.6,Sedan,Diesel,17.73,95.04,2,19,High,Clear,425.77,40.0,323.49,18.988,2482.41
Pune,Mumbai,154.33,Hatchback,Diesel,20.43,94.23,3,6,High,Cloudy,238.75,40.0,256.06,8.701,1166.58
Delhi,Jaipur,304.37,Hatchback,CNG,15.46,73.31,5,18,Medium,Rain,310.23,80.0,354.38,20.208,2042.14
Surat,Mumbai,295.13,Sedan,Diesel,17.64,93.73,2,1,Low,Cloudy,348.26,40.0,216.36,16.313,2132.81
Surat,Mumbai,315.97,SUV,Petrol,9.52,96.96,5,6,Medium,Clear,432.77,60.0,270.6,35.769,4271.82
Pune,Mumbai,169.2,Sedan,Diesel,13.98,96.23,5,10,Medium,Clear,399.63,120.0,219.22,12.674,1869.74
Delhi,Jaipur,296.05,Hatchback,Diesel,20.77,95.67,4,11,Medium,Clear,352.58,150.0,299.29,15.181,2153.94
Bengaluru,Mysuru,153.45,Sedan,CNG,14.71,76.44,1,10,Medium,Cloudy,220.25,0.0,182.25,10.739,1161.89
Delhi,Jaipur,278.15,SUV,Diesel,13.35,88.2,5,10,Medium,Clear,485.9,40.0,271.24,21.407,2662.21
Ahmedabad,Vadodara,112.68,SUV,Diesel,9.64,92.31,3,6,High,Clear,145.56,40.0,139.09,13.592,1560.71
Ahmedabad,Udaipur,276.32,Sedan,Petrol,13.63,94.37,5,7,Medium,Clear,190.58,80.0,287.31,20.728,2434.12
Pune,Mumbai,163.29,Sedan,CNG,11.88,76.67,1,13,Low,Cloudy,231.4,120.0,188.19,12.63,1456.85
Delhi,Jaipur,299.48,Sedan,CNG,12.88,73.92,4,17,Medium,Clear,365.88,60.0,291.73,24.508,2447.9
Pune,Mumbai,156.52,Hatchback,CNG,16.37,76.19,2,18,Low,Cloudy,383.47,0.0,184.47,9.108,1169.56
Delhi,Jaipur,300.07,SUV,Petrol,11.03,106.09,1,21,Medium,Clear,433.35,120.0,305.75,28.256,3826.5
Surat,Mumbai,317.0,SUV,Petrol,13.66,94.17,1,2,Medium,Cloudy,407.76,60.0,259.56,24.402,3020.51
Ahmedabad,Vadodara,117.36,Sedan,CNG,16.28,73.38,5,9,High,Clear,187.21,40.0,143.6,8.343,924.5
Rajkot,Ahmedabad,211.68,Hatchback,Diesel,16.27,87.72,3,9,Medium,Cloudy,224.95,40.0,243.2,13.362,1537.65
Delhi,Jaipur,282.54,Sedan,Diesel,15.54,96.4,3,14,Medium,Clear,358.45,40.0,272.85,18.754,2375.21
Surat,Mumbai,316.75,Hatchback,Petrol,17.36,94.04,3,13,Medium,Clear,502.02,80.0,253.02,19.34,2619.57
Delhi,Jaipur,295.02,Sedan,Diesel,14.44,91.62,2,21,Low,Clear,340.79,0.0,237.81,19.679,2329.61
Surat,Mumbai,307.58,SUV,Diesel,12.55,95.48,1,9,Low,Clear,393.91,120.0,218.9,23.02,2950.51
Ahmedabad,Surat,266.43,SUV,Petrol,13.84,94.38,1,1,Low,Cloudy,351.55,150.0,234.83,17.783,2429.24
Vadodara,Mumbai,434.63,Sedan,Petrol,15.28,105.37,1,10,Medium,Cloudy,502.44,80.0,333.74,29.04,3923.18
Rajkot,Ahmedabad,230.64,Hatchback,Petrol,15.3,94.77,5,12,Medium,Cloudy,261.01,120.0,277.42,16.025,2046.67
Bengaluru,Mysuru,152.63,Sedan,CNG,12.18,82.5,5,8,Medium,Rain,130.4,80.0,200.56,13.227,1426.67
Pune,Mumbai,158.35,SUV,Petrol,11.37,105.87,5,15,Low,Clear,353.69,120.0,183.43,12.801,1950.28
Bengaluru,Mysuru,147.54,SUV,Petrol,9.23,98.23,4,19,Medium,Clear,250.26,60.0,168.09,16.3,2023.53
Rajkot,Ahmedabad,232.76,SUV,Diesel,15.22,91.18,5,7,Low,Clear,368.23,120.0,232.99,14.761,2044.85
Delhi,Jaipur,281.61,Hatchback,Diesel,20.8,93.47,2,21,Medium,Clear,449.68,0.0,281.93,13.711,1883.66
Bengaluru,Mysuru,147.99,Hatchback,CNG,14.13,79.16,5,1,High,Clear,212.25,150.0,203.08,12.503,1437.86
Delhi,Jaipur,293.57,SUV,Petrol,11.25,94.29,5,21,Low,Cloudy,395.49,80.0,267.75,24.864,3024.34
Delhi,Jaipur,300.25,Hatchback,Diesel,18.31,95.36,4,7,High,Clear,286.88,60.0,339.32,19.297,2334.46
Delhi,Jaipur,275.54,Hatchback,Diesel,22.21,89.28,4,8,High,Rain,372.1,0.0,377.77,14.407,1809.23
Ahmedabad,Vadodara,112.11,Sedan,Petrol,17.08,100.88,2,14,High,Clear,141.62,120.0,127.27,7.809,1128.43
Vadodara,Mumbai,459.22,Sedan,Diesel,14.14,89.75,1,18,Medium,Clear,395.98,60.0,338.83,33.021,3799.99
Delhi,Jaipur,278.04,Hatchback,CNG,15.81,79.1,3,4,Low,Cloudy,405.89,60.0,247.64,16.477,1950.32
Delhi,Jaipur,301.0,SUV,Petrol,8.89,101.87,1,4,Medium,Rain,389.31,150.0,341.05,34.272,4336.06
Ahmedabad,Udaipur,278.25,Hatchback,Petrol,14.87,98.59,4,7,Medium,Clear,314.81,0.0,275.68,19.68,2380.22
Bengaluru,Mysuru,155.15,Sedan,CNG,12.88,81.35,2,7,High,Clear,224.22,40.0,204.54,14.22,1518.31
Surat,Mumbai,307.88,Sedan,Diesel,18.7,87.01,4,12,Low,Cloudy,402.36,80.0,216.13,15.352,2049.89
Bengaluru,Mysuru,153.85,SUV,Diesel,15.17,89.86,1,11,Low,Rain,207.54,80.0,172.96,9.653,1297.86
Ahmedabad,Surat,268.0,Sedan,Petrol,13.62,96.38,1,6,High,Clear,261.84,0.0,289.69,22.318,2558.56
Pune,Mumbai,165.36,SUV,Petrol,9.59,107.11,5,3,High,Clear,216.92,80.0,259.25,20.659,2623.11
Ahmedabad,Surat,261.62,Sedan,CNG,13.67,82.31,2,7,Medium,Cloudy,326.38,0.0,256.26,20.157,2155.69
Bengaluru,Mysuru,147.46,Hatchback,Diesel,22.53,95.09,1,2,Medium,Clear,213.55,40.0,170.62,6.829,992.28
Surat,Mumbai,317.64,Hatchback,CNG,16.99,75.01,3,7,High,Clear,339.13,40.0,299.85,21.283,2169.74
Pune,Mumbai,159.22,Hatchback,Petrol,18.84,96.8,5,14,Low,Clear,375.89,80.0,172.07,8.147,1348.99
Rajkot,Ahmedabad,233.57,Hatchback,Diesel,19.46,97.16,5,8,Medium,Cloudy,214.64,40.0,280.62,12.79,1621.12
Ahmedabad,Udaipur,256.61,Hatchback,Diesel,20.9,93.17,4,18,Low,Rain,305.5,0.0,253.94,11.341,1492.48
Ahmedabad,Vadodara,121.8,SUV,Petrol,12.14,98.93,2,21,Medium,Clear,140.92,40.0,128.37,10.643,1327.85
Rajkot,Ahmedabad,234.65,Hatchback,Diesel,23.0,91.58,2,0,Low,Cloudy,326.58,0.0,232.23,9.36,1320.76
Bengaluru,Mysuru,155.16,SUV,Petrol,9.58,97.76,2,13,Medium,Clear,138.47,80.0,176.52,16.491,1972.02
Pune,Mumbai,169.5,Sedan,CNG,14.45,76.0,4,4,High,Clear,354.74,0.0,255.48,13.231,1483.87
Bengaluru,Mysuru,151.73,SUV,Petrol,11.57,97.19,2,12,High,Clear,172.9,120.0,209.68,15.501,1920.34
Rajkot,Ahmedabad,212.27,Sedan,Diesel,17.44,96.53,3,6,Low,Fog,368.55,80.0,254.53,11.551,1731.43
Ahmedabad,Udaipur,278.26,Sedan,Diesel,16.09,87.03,4,6,High,Clear,244.49,40.0,345.09,19.524,2184.59
Delhi,Jaipur,283.75,Sedan,Diesel,14.0,87.39,4,8,Medium,Cloudy,294.89,80.0,268.39,21.265,2425.82
Bengaluru,Mysuru,152.73,Sedan,Petrol,15.73,96.09,2,15,Medium,Clear,224.0,150.0,163.59,9.942,1426.92
Rajkot,Ahmedabad,226.82,SUV,Diesel,11.46,95.15,2,0,Medium,Clear,334.98,40.0,260.09,20.723,2506.73
Rajkot,Ahmedabad,211.58,SUV,Diesel,10.62,93.8,2,18,High,Clear,310.93,40.0,291.22,23.523,2763.82
Pune,Mumbai,159.52,Hatchback,Petrol,19.84,94.22,3,17,Medium,Cloudy,204.11,120.0,207.71,8.273,1212.94
Rajkot,Ahmedabad,218.65,SUV,Petrol,13.41,102.82,5,2,Medium,Fog,192.42,150.0,299.86,16.963,2288.44
Bengaluru,Mysuru,157.05,Hatchback,Petrol,19.96,100.77,4,14,High,Clear,224.19,150.0,204.01,9.06,1384.68
Delhi,Jaipur,286.35,SUV,Diesel,10.03,88.98,3,8,Medium,Clear,254.36,120.0,282.98,29.918,3275.87
Vadodara,Mumbai,431.04,Hatchback,Petrol,14.83,103.91,4,6,Medium,Fog,574.46,60.0,393.38,29.34,3978.68
Ahmedabad,Surat,284.66,Sedan,Petrol,15.3,94.18,2,23,Medium,Clear,384.86,120.0,273.18,19.019,2486.26
Pune,Mumbai,160.84,Hatchback,Diesel,20.53,90.58,5,23,Low,Cloudy,282.84,0.0,192.46,7.541,1050.34
Rajkot,Ahmedabad,231.33,Sedan,Petrol,16.03,100.08,3,22,Medium,Clear,258.11,150.0,254.12,14.591,2047.32
Rajkot,Ahmedabad,213.02,Hatchback,Petrol,19.81,99.92,5,14,High,Cloudy,329.33,150.0,288.31,12.868,1880.85
Bengaluru,Mysuru,146.14,SUV,Diesel,10.15,92.27,3,1,Medium,Rain,249.87,0.0,195.32,15.531,1816.99
Ahmedabad,Vadodara,118.87,SUV,Diesel,14.52,87.35,5,23,Medium,Rain,161.13,150.0,136.66,8.83,1166.37
Rajkot,Ahmedabad,215.4,Hatchback,Diesel,18.43,94.51,1,18,High,Clear,202.42,60.0,274.33,13.45,1675.85
Ahmedabad,Vadodara,118.1,Hatchback,Petrol,20.44,94.03,3,17,Low,Cloudy,186.17,120.0,110.59,5.413,872.02
Ahmedabad,Udaipur,277.67,Sedan,Petrol,17.98,98.4,4,15,High,Clear,186.21,60.0,334.14,17.688,2196.3
Ahmedabad,Surat,285.16,Hatchback,Petrol,19.46,101.95,4,15,High,Clear,349.97,40.0,305.64,17.222,2292.01
Surat,Mumbai,286.84,Sedan,CNG,14.16,79.51,1,15,Medium,Rain,532.03,0.0,253.33,21.481,2405.73
Surat,Mumbai,287.96,Hatchback,CNG,17.15,72.9,2,19,Low,Fog,428.61,60.0,247.77,16.369,1834.7
Rajkot,Ahmedabad,235.45,Sedan,Diesel,17.98,91.02,4,5,Low,Clear,346.19,40.0,223.64,12.554,1684.49
Rajkot,Ahmedabad,236.39,Sedan,Petrol,15.51,96.94,3,17,Medium,Cloudy,227.55,80.0,278.32,16.089,2065.89
Ahmedabad,Udaipur,268.02,SUV,CNG,10.39,85.45,2,21,Medium,Cloudy,244.3,40.0,293.27,26.724,2779.63
Surat,Mumbai,303.37,Hatchback,Diesel,21.17,96.58,4,5,Low,Rain,365.69,40.0,255.18,13.743,1885.82
Bengaluru,Mysuru,150.02,Hatchback,Petrol,15.15,97.22,1,12,Medium,Clear,234.19,40.0,174.29,10.647,1417.6
Ahmedabad,Surat,285.29,Hatchback,Petrol,18.59,95.97,4,2,Low,Cloudy,281.92,150.0,249.63,14.069,1937.66
Ahmedabad,Udaipur,277.87,SUV,CNG,11.81,81.56,1,0,High,Rain,238.01,0.0,378.41,26.744,2662.56
Rajkot,Ahmedabad,227.09,Sedan,Petrol,16.68,101.95,2,7,High,Clear,192.21,80.0,293.01,15.551,1981.96
Vadodara,Mumbai,437.75,Sedan,Diesel,18.01,91.81,4,15,Medium,Clear,575.96,120.0,325.1,25.288,3379.91
Ahmedabad,Surat,272.07,SUV,CNG,8.18,75.71,4,8,Medium,Clear,407.96,0.0,266.14,34.672,3215.19
Delhi,Jaipur,278.62,SUV,CNG,13.38,85.9,1,1,Medium,Clear,278.36,150.0,279.94,21.079,2515.36
Rajkot,Ahmedabad,223.62,Hatchback,Diesel,21.29,94.44,5,19,Medium,Clear,258.65,40.0,243.23,11.091,1469.1
Rajkot,Ahmedabad,221.95,Hatchback,Petrol,20.86,97.13,5,9,Low,Cloudy,272.99,120.0,228.32,10.064,1494.7
Bengaluru,Mysuru,154.33,SUV,CNG,12.2,84.59,5,17,Low,Fog,203.65,60.0,184.94,12.199,1433.33
Bengaluru,Mysuru,143.76,Hatchback,Diesel,16.95,92.47,1,14,Medium,Clear,160.51,80.0,167.66,9.039,1168.17
Vadodara,Mumbai,450.01,Hatchback,Petrol,17.71,97.87,1,21,Medium,Clear,509.33,60.0,356.06,26.0,3347.82
Ahmedabad,Vadodara,114.72,Sedan,Petrol,12.69,99.87,5,16,Medium,Clear,163.96,120.0,115.93,9.541,1332.7
Vadodara,Mumbai,415.92,Hatchback,Petrol,14.74,98.89,2,23,Medium,Rain,554.87,60.0,354.9,29.231,3763.52
Rajkot,Ahmedabad,229.05,Sedan,Diesel,14.66,97.85,3,17,Medium,Clear,216.96,40.0,240.93,15.909,1941.38
Pune,Mumbai,168.99,SUV,Petrol,13.43,106.66,3,4,Medium,Clear,296.06,60.0,219.2,13.519,1922.92
Ahmedabad,Vadodara,119.56,Hatchback,Diesel,19.25,88.15,5,0,Medium,Cloudy,119.88,60.0,121.96,6.59,837.11
Delhi,Jaipur,299.31,SUV,Petrol,14.1,101.18,2,21,High,Clear,331.41,120.0,360.83,24.863,3188.72
Rajkot,Ahmedabad,231.18,SUV,Petrol,13.49,96.41,4,23,Medium,Clear,247.38,40.0,263.04,17.436,2146.67
Ahmedabad,Surat,275.1,Hatchback,Petrol,19.54,95.69,2,14,Medium,Clear,373.76,120.0,251.31,15.034,2056.9
Surat,Mumbai,312.34,Sedan,Petrol,13.0,95.05,3,1,Medium,Clear,510.13,40.0,238.91,24.961,3184.73
Ahmedabad,Udaipur,276.77,Sedan,Petrol,15.44,106.62,3,1,Medium,Cloudy,185.8,150.0,283.91,18.148,2429.26
Delhi,Jaipur,298.09,Hatchback,Petrol,17.84,99.22,3,7,Low,Rain,323.21,40.0,279.52,15.355,2064.87
Ahmedabad,Vadodara,113.28,SUV,Diesel,12.48,94.58,3,15,Low,Cloudy,153.82,0.0,101.88,8.284,1020.44
Delhi,Jaipur,290.89,Sedan,Petrol,17.29,107.5,4,7,High,Rain,263.36,120.0,373.42,19.212,2664.85
Surat,Mumbai,293.64,Hatchback,Diesel,22.73,95.98,5,9,High,Clear,431.82,60.0,283.11,14.968,2116.86
Delhi,Jaipur,303.57,Hatchback,Diesel,21.28,88.74,5,16,Medium,Clear,346.64,0.0,286.17,15.21,1896.5
Pune,Mumbai,160.56,Hatchback,Petrol,15.08,103.16,5,8,Medium,Clear,328.14,80.0,201.75,11.123,1645.82
Surat,Mumbai,297.78,Hatchback,CNG,18.64,73.45,4,12,Medium,Clear,522.29,80.0,249.62,17.1,2049.64
Pune,Mumbai,168.56,Hatchback,Petrol,21.11,107.07,4,9,Low,Clear,334.51,60.0,190.34,7.302,1277.12
Bengaluru,Mysuru,155.04,SUV,Petrol,9.56,101.25,3,13,Medium,Clear,158.47,80.0,178.5,16.866,2085.09
Delhi,Jaipur,281.47,Sedan,Diesel,16.55,91.73,4,3,Medium,Clear,419.89,0.0,277.1,17.927,2225.74
Rajkot,Ahmedabad,227.47,Sedan,Petrol,17.84,107.11,5,20,Medium,Rain,363.11,0.0,295.02,13.48,1952.97
Pune,Mumbai,157.48,Sedan,Diesel,16.34,90.8,3,20,Medium,Clear,330.79,120.0,193.92,9.903,1440.5
Pune,Mumbai,156.46,Hatchback,CNG,16.91,72.75,1,1,High,Clear,352.41,0.0,247.01,11.014,1259.58
Vadodara,Mumbai,426.01,Sedan,Petrol,14.25,102.62,1,0,Low,Cloudy,583.02,40.0,292.91,29.021,3844.27
Ahmedabad,Udaipur,279.56,SUV,Petrol,10.54,99.0,4,4,Low,Cloudy,324.48,150.0,262.45,24.423,3076.04
Delhi,Jaipur,299.16,Hatchback,Petrol,14.41,95.59,1,3,Medium,Rain,419.5,150.0,347.22,21.351,2747.34
Rajkot,Ahmedabad,225.45,SUV,Petrol,10.6,101.42,1,0,Medium,Cloudy,358.41,0.0,274.16,22.371,2792.03
Surat,Mumbai,295.28,Sedan,Diesel,14.48,92.11,1,14,Medium,Clear,446.93,80.0,228.07,20.608,2673.53
Ahmedabad,Surat,272.53,Hatchback,Diesel,18.04,92.3,2,4,High,Rain,325.01,150.0,338.7,17.994,2296.85
Ahmedabad,Udaipur,255.42,Hatchback,Petrol,16.59,94.23,5,8,High,Clear,206.82,60.0,310.94,17.41,2073.83
Ahmedabad,Surat,271.63,SUV,Petrol,13.24,99.06,4,10,High,Rain,333.9,40.0,356.23,24.222,2960.88
Rajkot,Ahmedabad,235.68,Sedan,Petrol,17.49,104.41,5,19,Medium,Rain,247.09,80.0,304.51,14.567,1983.14
Ahmedabad,Vadodara,110.64,Sedan,CNG,11.72,78.12,3,14,Medium,Cloudy,178.37,40.0,118.08,9.814,1045.99
Surat,Mumbai,295.7,SUV,Petrol,10.2,102.25,5,15,Medium,Rain,457.34,60.0,268.74,31.235,3916.84
Bengaluru,Mysuru,145.24,SUV,Petrol,10.18,106.89,2,15,Low,Clear,240.03,0.0,145.16,13.071,1772.75
Delhi,Jaipur,286.74,SUV,Petrol,10.0,95.69,5,19,Low,Cloudy,486.46,60.0,257.69,27.864,3513.32
Delhi,Jaipur,278.32,Sedan,CNG,15.13,77.98,1,1,Medium,Cloudy,298.33,80.0,266.28,19.485,2108.27
Vadodara,Mumbai,448.22,Hatchback,Petrol,16.81,102.5,2,11,High,Clear,498.94,120.0,389.6,31.188,4079.29
Ahmedabad,Udaipur,278.93,SUV,Petrol,11.55,98.46,1,19,Low,Clear,212.36,40.0,247.89,23.157,2747.39
Delhi,Jaipur,279.09,Hatchback,Diesel,16.73,94.21,5,19,Medium,Clear,329.74,120.0,273.72,17.88,2332.97
Pune,Mumbai,157.82,Sedan,Diesel,16.92,90.58,2,21,Medium,Cloudy,222.31,80.0,212.85,9.79,1277.13
Ahmedabad,Vadodara,111.44,Hatchback,CNG,18.18,72.15,1,11,Medium,Cloudy,161.84,150.0,116.58,6.335,818.54
Ahmedabad,Surat,268.46,Hatchback,Petrol,19.59,94.64,1,13,Low,Cloudy,329.92,60.0,234.03,12.943,1762.03
Vadodara,Mumbai,436.56,Hatchback,Petrol,15.54,96.51,4,7,Medium,Rain,542.54,0.0,395.63,28.461,3506.04
Surat,Mumbai,295.62,Sedan,CNG,13.92,76.85,4,8,Medium,Clear,271.18,150.0,223.95,21.85,2341.13
Ahmedabad,Udaipur,262.02,Sedan,Diesel,17.98,88.07,5,19,Low,Fog,263.63,80.0,269.96,13.633,1743.73
Ahmedabad,Vadodara,118.08,SUV,Petrol,12.25,102.66,2,18,Medium,Cloudy,155.65,80.0,126.34,9.774,1323.32
Ahmedabad,Udaipur,265.45,SUV,Petrol,10.04,100.37,5,16,Low,Clear,267.07,80.0,235.43,25.471,3084.53
Bengaluru,Mysuru,142.24,SUV,Petrol,12.04,98.86,1,14,Low,Clear,175.46,120.0,141.32,11.164,1526.04
Surat,Mumbai,310.48,SUV,Diesel,15.53,96.65,3,6,Medium,Cloudy,316.95,40.0,256.64,21.269,2693.83
Rajkot,Ahmedabad,226.82,Hatchback,Diesel,21.57,97.42,1,4,Medium,Clear,218.84,40.0,258.25,11.023,1443.74
Delhi,Jaipur,307.92,Sedan,Diesel,15.01,97.78,1,20,Medium,Clear,452.13,0.0,294.17,20.914,2733.58
Rajkot,Ahmedabad,214.36,Sedan,Petrol,15.69,106.75,1,8,Low,Rain,284.98,80.0,228.03,12.618,1837.17
Delhi,Jaipur,282.87,Sedan,CNG,12.38,81.81,1,14,Low,Clear,390.51,60.0,237.31,22.206,2443.69
Rajkot,Ahmedabad,229.01,SUV,Petrol,9.05,96.7,2,19,Medium,Fog,272.79,120.0,329.5,26.995,3205.22
Ahmedabad,Surat,262.51,Hatchback,Diesel,18.37,91.76,5,19,Low,Cloudy,415.41,40.0,228.55,13.588,1843.83
Pune,Mumbai,161.36,Hatchback,Petrol,19.17,98.45,3,20,Medium,Cloudy,385.6,60.0,215.98,9.038,1432.92
Ahmedabad,Udaipur,276.7,Sedan,Diesel,18.07,92.39,5,1,Low,Clear,167.59,80.0,237.15,14.238,1767.4
Ahmedabad,Udaipur,277.82,Hatchback,CNG,14.55,84.39,3,19,Medium,Rain,249.79,60.0,325.67,19.738,2166.91
Rajkot,Ahmedabad,226.92,Hatchback,Diesel,21.67,91.01,3,21,Low,Clear,291.46,150.0,217.85,9.64,1438.55
Ahmedabad,Surat,285.18,Sedan,Petrol,15.65,106.71,2,16,Medium,Clear,284.36,80.0,258.57,18.473,2519.89
Vadodara,Mumbai,453.3,Sedan,Diesel,19.75,91.03,1,22,High,Clear,541.97,80.0,389.56,27.683,3419.32
Surat,Mumbai,301.61,Hatchback,Diesel,22.2,93.01,4,9,Low,Clear,375.11,80.0,204.6,12.854,1798.11
Delhi,Jaipur,288.04,Sedan,CNG,11.81,78.4,3,11,Medium,Clear,434.79,60.0,279.68,25.255,2716.52
Ahmedabad,Udaipur,276.17,SUV,Petrol,11.75,106.79,5,14,Medium,Clear,287.53,150.0,298.58,24.294,3278.24
Rajkot,Ahmedabad,235.06,SUV,Petrol,9.45,99.61,5,23,Low,Clear,377.72,0.0,237.37,23.38,2905.92
Bengaluru,Mysuru,158.21,SUV,Petrol,13.09,94.08,3,2,Medium,Cloudy,224.46,80.0,184.29,13.064,1665.52
Surat,Mumbai,316.49,Hatchback,Diesel,18.82,93.53,1,8,Low,Rain,401.03,150.0,252.99,15.759,2236.6
Bengaluru,Mysuru,142.14,SUV,Diesel,11.62,87.3,5,20,Medium,Rain,153.96,80.0,183.58,12.469,1421.55
Ahmedabad,Udaipur,266.04,Sedan,Diesel,19.24,90.46,3,3,High,Fog,302.94,120.0,399.79,16.035,2030.87
Surat,Mumbai,298.11,SUV,CNG,10.57,72.83,1,18,Medium,Rain,442.85,80.0,291.2,30.166,2940.64
Ahmedabad,Vadodara,121.84,Sedan,CNG,14.62,73.32,3,17,Medium,Clear,111.39,0.0,121.88,8.787,840.89
Bengaluru,Mysuru,149.72,SUV,Petrol,14.34,94.27,3,2,Low,Clear,238.86,120.0,152.52,9.523,1400.46
Delhi,Jaipur,306.59,Sedan,CNG,12.66,79.22,2,20,Low,Cloudy,330.41,60.0,262.45,23.373,2451.32
Bengaluru,Mysuru,158.79,Sedan,Petrol,18.17,106.49,4,14,High,Cloudy,147.96,40.0,222.8,10.13,1371.9
Delhi,Jaipur,300.67,Sedan,Petrol,14.77,99.72,4,12,Low,Clear,344.76,60.0,251.89,18.77,2476.74
Ahmedabad,Surat,289.68,Hatchback,Diesel,16.73,91.93,4,14,High,Cloudy,377.4,60.0,328.29,19.558,2381.98
Vadodara,Mumbai,414.22,Hatchback,CNG,18.84,83.89,4,7,Medium,Clear,509.16,60.0,310.2,23.367,2785.54
Delhi,Jaipur,274.91,SUV,Diesel,14.54,95.15,3,23,High,Clear,479.68,80.0,331.09,22.497,2957.2
Ahmedabad,Surat,267.21,Hatchback,Petrol,20.37,106.25,2,16,Low,Clear,375.57,120.0,212.07,12.734,1997.87
Ahmedabad,Surat,281.71,Hatchback,CNG,15.42,78.87,3,6,Medium,Cloudy,395.75,80.0,275.01,19.03,2153.16
Vadodara,Mumbai,430.9,Hatchback,Diesel,17.11,94.48,2,1,High,Clear,469.58,40.0,383.15,29.799,3530.43
Ahmedabad,Surat,261.05,Hatchback,Diesel,17.73,90.05,4,4,Medium,Clear,380.25,0.0,256.29,15.232,1867.39
Ahmedabad,Vadodara,117.24,SUV,Diesel,14.74,91.79,2,8,Medium,Clear,127.2,40.0,117.13,8.477,1038.48
Ahmedabad,Udaipur,278.04,Hatchback,Diesel,18.17,94.63,5,23,Medium,Clear,192.56,80.0,290.32,15.739,1930.15
Delhi,Jaipur,285.11,Sedan,Petrol,14.35,99.69,3,18,Medium,Clear,242.8,0.0,264.48,20.218,2425.65
Ahmedabad,Vadodara,110.22,Sedan,Petrol,15.9,96.04,4,4,High,Clear,134.24,80.0,127.05,8.342,1090.27
Ahmedabad,Vadodara,121.0,SUV,CNG,8.63,75.26,2,0,High,Clear,147.38,60.0,154.22,16.276,1548.39
Ahmedabad,Udaipur,257.98,Hatchback,Petrol,14.76,96.92,3,17,Medium,Clear,263.25,120.0,266.8,18.889,2321.78
Ahmedabad,Surat,279.13,Sedan,Diesel,17.82,93.38,2,13,Medium,Rain,267.62,150.0,288.81,15.993,2142.62
Rajkot,Ahmedabad,218.47,SUV,CNG,9.76,83.61,4,12,Medium,Clear,283.25,120.0,247.16,23.024,2477.36
Vadodara,Mumbai,458.73,Hatchback,Diesel,21.57,96.35,5,6,Medium,Clear,596.45,80.0,337.64,22.443,3084.66
Vadodara,Mumbai,419.22,Sedan,Diesel,18.84,90.84,1,20,Low,Clear,489.36,120.0,260.68,21.624,2848.84
Ahmedabad,Vadodara,119.34,SUV,Diesel,12.77,97.86,3,5,Medium,Cloudy,196.64,80.0,126.67,9.695,1307.55
Ahmedabad,Udaipur,271.67,Hatchback,CNG,17.69,75.34,5,17,Medium,Cloudy,295.34,80.0,279.28,16.394,1753.41
Ahmedabad,Udaipur,261.9,Sedan,Petrol,13.41,103.73,4,0,High,Cloudy,213.0,120.0,320.98,23.134,2898.66
Pune,Mumbai,157.79,Hatchback,Petrol,17.29,97.26,3,1,Low,Clear,228.24,60.0,184.64,8.478,1188.68
Delhi,Jaipur,297.45,Sedan,Petrol,17.02,104.01,4,2,High,Clear,342.42,120.0,336.39,20.129,2717.96
Bengaluru,Mysuru,149.01,Sedan,Diesel,18.94,89.06,3,19,Low,Clear,169.92,60.0,139.17,7.267,991.31
Delhi,Jaipur,293.97,Sedan,CNG,11.88,84.34,2,16,High,Rain,485.87,0.0,365.96,29.257,3138.34
Pune,Mumbai,166.46,Sedan,Diesel,15.9,96.83,2,3,Low,Cloudy,366.17,40.0,197.84,9.965,1504.71
Ahmedabad,Udaipur,270.42,Hatchback,Diesel,20.18,88.09,1,6,Medium,Clear,209.12,120.0,279.04,14.056,1746.98
Vadodara,Mumbai,452.75,Sedan,Petrol,16.18,107.46,4,0,Medium,Clear,624.42,150.0,343.39,28.269,4131.99
Surat,Mumbai,307.44,Hatchback,Petrol,19.24,101.04,5,3,Medium,Clear,394.36,60.0,254.19,16.446,2304.57
Bengaluru,Mysuru,146.01,SUV,Petrol,9.21,103.01,2,11,Medium,Clear,194.96,0.0,170.8,16.347,1998.36
Rajkot,Ahmedabad,228.64,Hatchback,Diesel,22.99,88.96,4,1,Medium,Clear,193.32,150.0,262.03,10.388,1417.13
Pune,Mumbai,155.8,SUV,Petrol,14.38,96.52,4,19,High,Clear,210.39,0.0,240.84,12.56,1556.65
Ahmedabad,Vadodara,111.02,SUV,Petrol,13.48,102.08,3,18,Medium,Rain,156.81,150.0,135.11,8.363,1259.66
Pune,Mumbai,159.39,Hatchback,Diesel,22.14,92.76,4,22,Medium,Clear,335.41,60.0,213.47,7.679,1211.14
Ahmedabad,Surat,281.51,Sedan,Petrol,16.65,94.96,1,12,Low,Clear,318.27,60.0,218.56,15.75,2066.5
Rajkot,Ahmedabad,228.33,Sedan,Petrol,17.82,105.97,2,18,Low,Clear,213.15,0.0,214.37,11.69,1623.69
Rajkot,Ahmedabad,233.96,Hatchback,Diesel,21.72,87.72,4,14,High,Clear,273.21,80.0,318.97,12.988,1630.06
Ahmedabad,Vadodara,112.05,Hatchback,Petrol,20.12,99.58,4,9,Low,Clear,152.33,0.0,97.85,5.44,765.3
Delhi,Jaipur,277.17,SUV,Petrol,10.74,103.53,4,0,Medium,Rain,464.47,40.0,306.3,26.402,3526.02
Delhi,Jaipur,300.24,SUV,Diesel,9.61,94.56,4,11,Low,Clear,287.84,60.0,269.2,30.048,3449.55
Ahmedabad,Vadodara,112.36,Sedan,Petrol,15.05,96.03,3,2,Low,Cloudy,114.25,120.0,97.99,7.153,997.18
Vadodara,Mumbai,442.75,Sedan,Petrol,16.35,102.22,1,10,Low,Clear,493.6,40.0,280.75,26.226,3520.03
Surat,Mumbai,313.14,Sedan,Diesel,19.09,92.59,5,2,Low,Clear,446.28,120.0,219.07,15.85,2290.77
Delhi,Jaipur,289.45,Hatchback,Petrol,18.36,104.79,4,20,Medium,Cloudy,312.21,120.0,293.73,16.227,2283.8
Vadodara,Mumbai,440.69,Sedan,Diesel,14.8,93.72,1,16,Low,Clear,505.81,40.0,281.89,28.021,3518.04
Ahmedabad,Surat,275.42,SUV,Petrol,12.67,101.69,3,20,High,Clear,437.01,150.0,327.62,24.741,3279.1
Pune,Mumbai,156.17,Sedan,CNG,12.09,77.23,4,13,Low,Cloudy,367.88,60.0,181.05,12.237,1472.3
Delhi,Jaipur,290.75,SUV,Diesel,9.89,94.84,3,2,Medium,Clear,249.42,40.0,275.84,30.534,3446.86
Ahmedabad,Surat,263.53,Sedan,Petrol,13.16,103.26,5,12,High,Clear,305.31,80.0,287.98,22.684,2870.53
Ahmedabad,Vadodara,111.47,Hatchback,Diesel,18.09,90.46,4,15,High,Clear,183.5,0.0,131.79,7.066,892.29
Ahmedabad,Udaipur,280.89,Hatchback,CNG,18.21,79.44,5,5,High,Rain,169.67,80.0,398.72,18.539,1865.96
Ahmedabad,Vadodara,119.14,SUV,Petrol,11.51,101.45,2,18,Medium,Clear,148.85,120.0,123.45,11.077,1494.4
Ahmedabad,Vadodara,119.91,Sedan,Petrol,14.26,106.59,4,7,Medium,Clear,121.71,80.0,120.26,8.606,1203.2
Ahmedabad,Udaipur,271.24,SUV,Diesel,15.85,95.63,4,15,Medium,Rain,227.16,120.0,338.25,17.857,2253.99
Bengaluru,Mysuru,155.79,Sedan,Petrol,16.79,101.43,4,13,Medium,Clear,127.5,120.0,168.46,10.01,1384.63
Ahmedabad,Udaipur,272.55,Sedan,Petrol,14.52,104.47,2,14,Medium,Cloudy,306.34,150.0,272.27,19.864,2698.71
Ahmedabad,Surat,263.42,Hatchback,Diesel,21.19,96.24,1,16,High,Clear,228.06,60.0,299.79,14.101,1790.1
Ahmedabad,Udaipur,276.31,Sedan,Diesel,16.7,95.28,3,0,Low,Rain,239.31,40.0,268.18,15.124,1936.6
Ahmedabad,Udaipur,282.33,Sedan,Petrol,13.39,97.91,4,6,Medium,Clear,279.04,150.0,292.18,22.679,2896.43
Pune,Mumbai,163.59,Hatchback,Petrol,18.62,103.53,2,23,High,Cloudy,286.22,0.0,261.35,9.999,1420.12
Ahmedabad,Surat,280.41,Hatchback,CNG,14.48,83.11,4,22,High,Cloudy,341.38,60.0,336.27,22.815,2452.42
Bengaluru,Mysuru,145.58,SUV,Petrol,13.32,105.35,2,5,Low,Cloudy,255.74,0.0,147.27,9.993,1445.55
Pune,Mumbai,159.56,Sedan,Petrol,14.27,98.25,4,11,Medium,Clear,340.14,60.0,195.12,11.972,1684.7
Ahmedabad,Vadodara,121.32,Sedan,Diesel,19.98,90.73,1,21,Medium,Clear,176.03,80.0,122.23,6.221,896.17
Bengaluru,Mysuru,158.59,Hatchback,Petrol,18.03,95.83,1,10,Low,Clear,255.26,120.0,148.81,8.44,1260.2
Rajkot,Ahmedabad,232.9,Sedan,Petrol,14.69,104.88,5,16,Low,Clear,328.16,60.0,215.6,14.951,2141.19
Delhi,Jaipur,293.97,Sedan,Petrol,17.29,97.18,5,13,High,Clear,482.96,150.0,331.64,20.066,2800.03
Delhi,Jaipur,282.83,Hatchback,Diesel,18.37,90.72,5,10,High,Clear,243.6,0.0,338.77,17.864,2003.26
Ahmedabad,Surat,283.13,SUV,CNG,9.66,72.76,2,13,Low,Cloudy,350.87,0.0,254.55,27.862,2618.08
Ahmedabad,Surat,268.44,Sedan,Diesel,14.16,90.21,1,1,Medium,Clear,290.34,80.0,239.72,19.456,2298.98
Ahmedabad,Udaipur,269.05,Sedan,Petrol,18.24,98.21,3,6,Medium,Rain,201.96,80.0,309.66,15.339,2009.57
Ahmedabad,Vadodara,111.81,Sedan,Petrol,15.75,107.33,5,11,Low,Clear,181.83,60.0,95.63,6.626,1023.58
Bengaluru,Mysuru,143.86,SUV,Diesel,11.09,94.81,5,15,Medium,Rain,127.36,0.0,192.99,13.966,1564.18
Pune,Mumbai,159.58,Hatchback,Petrol,18.91,106.25,3,7,Medium,Clear,255.11,80.0,214.29,8.823,1372.14
Delhi,Jaipur,281.43,Hatchback,Petrol,15.16,100.17,4,17,Medium,Clear,318.02,150.0,267.93,19.716,2562.59
Ahmedabad,Udaipur,283.77,Hatchback,Petrol,17.59,99.93,2,20,Medium,Cloudy,276.38,60.0,309.14,16.599,2169.34
Ahmedabad,Udaipur,261.63,Hatchback,Diesel,20.79,90.5,5,0,Medium,Cloudy,212.74,150.0,281.54,13.24,1717.47
Pune,Mumbai,163.74,Hatchback,Petrol,16.93,105.21,5,15,Low,Clear,327.74,60.0,180.92,9.298,1435.81
Ahmedabad,Surat,281.98,Sedan,Petrol,17.68,99.79,1,15,Low,Clear,348.02,120.0,227.87,15.14,2203.24
Pune,Mumbai,161.43,SUV,Petrol,10.53,104.91,3,5,Low,Clear,325.02,0.0,180.03,14.279,1946.27
Ahmedabad,Vadodara,112.95,SUV,Petrol,13.53,96.52,4,4,Low,Cloudy,153.8,80.0,107.25,7.988,1083.66
Pune,Mumbai,163.63,Sedan,Petrol,16.38,95.74,1,11,Medium,Fog,216.18,80.0,246.5,10.286,1389.76
Delhi,Jaipur,285.28,Sedan,Petrol,17.12,104.63,5,22,Medium,Clear,307.83,150.0,282.52,17.455,2523.84
Pune,Mumbai,167.69,SUV,Diesel,14.1,94.9,2,15,High,Clear,235.38,40.0,267.74,14.106,1780.61
Surat,Mumbai,314.25,Hatchback,Petrol,17.81,106.25,3,23,High,Clear,324.56,150.0,301.49,20.411,2831.26
Ahmedabad,Surat,263.41,Hatchback,Petrol,19.33,107.33,4,7,Low,Cloudy,292.04,0.0,224.36,12.715,1780.85
Surat,Mumbai,300.63,Hatchback,Diesel,18.04,88.57,2,13,Medium,Rain,459.23,120.0,282.51,17.446,2260.3
Surat,Mumbai,291.47,Hatchback,Diesel,22.96,89.3,2,18,High,Cloudy,526.72,40.0,277.39,14.732,2029.08
Rajkot,Ahmedabad,229.29,Sedan,Diesel,19.94,97.95,4,5,Low,Clear,383.98,60.0,209.39,10.753,1650.65
Bengaluru,Mysuru,152.1,Sedan,Diesel,17.07,94.06,1,17,High,Cloudy,183.33,60.0,198.0,10.509,1324.72
Rajkot,Ahmedabad,236.39,SUV,CNG,10.95,83.86,2,16,Low,Cloudy,200.2,40.0,244.53,20.272,2149.68
Ahmedabad,Vadodara,119.07,SUV,Petrol,8.74,105.96,4,7,Medium,Clear,127.43,0.0,123.63,14.486,1750.21
Surat,Mumbai,317.55,Sedan,Diesel,16.07,88.6,4,3,High,Clear,295.72,60.0,299.62,23.584,2634.66
Rajkot,Ahmedabad,228.25,SUV,Petrol,12.37,94.59,4,1,Medium,Cloudy,237.31,150.0,270.32,19.923,2436.24
Ahmedabad,Vadodara,121.14,Hatchback,CNG,18.21,78.81,3,0,Low,Clear,128.41,0.0,105.89,6.1,688.79
Delhi,Jaipur,290.44,SUV,Petrol,12.88,102.88,3,18,Low,Rain,339.98,120.0,296.26,21.637,2965.21
Vadodara,Mumbai,428.73,SUV,Petrol,13.42,95.54,5,11,Medium,Clear,640.99,80.0,335.86,33.457,4310.42
Ahmedabad,Surat,282.65,SUV,Diesel,9.71,97.09,1,18,Medium,Fog,410.41,150.0,317.68,31.016,3797.89
Ahmedabad,Surat,286.11,SUV,CNG,12.31,83.12,5,3,Medium,Clear,369.71,80.0,268.67,24.492,2722.58
Ahmedabad,Udaipur,277.48,SUV,CNG,10.94,83.32,4,3,Low,Cloudy,169.89,40.0,262.9,23.231,2372.58
Delhi,Jaipur,281.08,SUV,Petrol,9.61,94.11,3,9,Medium,Clear,471.04,120.0,268.25,30.074,3705.41
Surat,Mumbai,319.0,Sedan,Petrol,12.94,94.94,1,6,Medium,Rain,305.52,150.0,294.65,25.755,3174.87
Rajkot,Ahmedabad,223.1,Sedan,Petrol,13.89,106.76,4,14,Low,Clear,266.8,150.0,209.81,15.587,2245.57
Ahmedabad,Udaipur,280.36,Sedan,Petrol,14.04,106.14,3,18,Medium,Rain,179.56,80.0,331.81,21.318,2680.84
Rajkot,Ahmedabad,212.3,Hatchback,Petrol,15.13,102.8,2,22,Low,Clear,267.01,120.0,212.39,13.019,1869.93
Vadodara,Mumbai,429.06,SUV,Diesel,15.79,89.71,1,1,High,Clear,399.43,0.0,380.94,30.987,3597.98
Ahmedabad,Surat,263.56,SUV,Petrol,10.49,106.69,2,21,Medium,Rain,235.26,150.0,288.76,26.54,3396.63
Ahmedabad,Surat,274.3,Hatchback,Diesel,20.91,90.23,4,21,High,Clear,363.71,80.0,296.25,15.669,2012.62
Pune,Mumbai,163.48,SUV,Petrol,10.85,101.37,5,13,High,Clear,388.43,150.0,244.79,18.136,2483.92
Vadodara,Mumbai,441.01,Sedan,Petrol,15.97,94.52,1,5,Medium,Rain,650.36,80.0,375.26,27.882,3624.32
Surat,Mumbai,305.36,SUV,Petrol,12.66,105.57,3,1,Medium,Rain,404.33,120.0,281.48,25.754,3520.73
Bengaluru,Mysuru,157.59,SUV,CNG,11.43,72.51,4,7,High,Cloudy,176.76,60.0,229.68,16.361,1549.62
Rajkot,Ahmedabad,216.13,SUV,CNG,10.53,79.65,1,18,Medium,Clear,357.5,60.0,251.75,21.423,2272.23
Ahmedabad,Udaipur,279.03,Hatchback,Petrol,19.06,106.76,2,18,High,Rain,254.33,80.0,386.05,16.556,2277.17
Bengaluru,Mysuru,145.69,Hatchback,Petrol,14.95,99.29,3,19,High,Fog,200.9,80.0,229.68,11.424,1491.87
Ahmedabad,Udaipur,281.75,Sedan,CNG,13.48,74.7,5,0,Medium,Clear,207.64,0.0,294.05,22.56,2103.13
Pune,Mumbai,159.14,Hatchback,Diesel,17.41,92.27,5,22,High,Clear,398.8,80.0,239.89,10.571,1535.99
Pune,Mumbai,158.8,Sedan,Diesel,17.0,92.11,5,12,Low,Clear,376.8,120.0,169.35,8.82,1425.9
Rajkot,Ahmedabad,226.5,Hatchback,Diesel,22.85,96.64,1,11,Medium,Cloudy,325.74,60.0,250.53,10.056,1510.35
Pune,Mumbai,155.16,SUV,Petrol,11.72,98.51,4,2,Medium,Cloudy,219.62,0.0,213.78,14.167,1777.25
Bengaluru,Mysuru,142.5,Sedan,Diesel,18.78,87.7,2,19,Medium,Clear,153.21,60.0,163.0,8.005,1015.08
Ahmedabad,Surat,267.42,SUV,Petrol,9.18,103.48,3,19,Medium,Clear,432.24,120.0,268.26,31.417,4006.47
Ahmedabad,Vadodara,122.05,Hatchback,Diesel,16.02,97.93,5,0,Medium,Cloudy,164.13,80.0,126.85,8.014,1108.44
Ahmedabad,Udaipur,284.02,SUV,Petrol,10.57,107.44,3,4,Medium,Clear,187.86,40.0,305.92,28.406,3526.65
Ahmedabad,Vadodara,117.96,Hatchback,Diesel,22.84,94.38,3,22,High,Clear,165.36,120.0,144.28,5.86,919.55
Ahmedabad,Vadodara,120.11,SUV,Diesel,12.56,94.58,4,18,Low,Clear,199.22,0.0,106.22,9.012,1141.79
Ahmedabad,Udaipur,259.24,Sedan,CNG,13.36,78.78,4,14,Low,Clear,324.69,0.0,219.88,18.584,1987.74
Rajkot,Ahmedabad,228.3,Sedan,Diesel,17.63,88.74,3,23,Medium,Rain,318.16,80.0,285.85,13.101,1702.26
Ahmedabad,Vadodara,112.66,Sedan,Petrol,15.7,99.61,2,17,High,Cloudy,146.97,40.0,142.17,8.089,1078.1
Delhi,Jaipur,275.87,Hatchback,Diesel,18.3,91.01,2,16,Medium,Clear,452.12,60.0,270.19,15.746,2110.94
Pune,Mumbai,159.57,Sedan,CNG,13.82,76.92,4,20,Low,Clear,318.62,0.0,177.51,10.813,1267.71
Ahmedabad,Vadodara,122.5,Sedan,Diesel,16.72,88.3,5,9,High,Rain,146.38,80.0,161.55,8.823,1094.56
Pune,Mumbai,161.52,Hatchback,CNG,17.19,85.3,4,18,High,Clear,351.08,0.0,238.09,11.32,1429.45
Rajkot,Ahmedabad,220.39,Sedan,Diesel,15.65,87.72,3,22,Medium,Clear,385.13,120.0,231.2,14.829,1959.61
Rajkot,Ahmedabad,216.57,SUV,CNG,12.77,79.04,4,10,Medium,Cloudy,290.51,0.0,248.68,18.196,1887.35
Ahmedabad,Vadodara,114.62,SUV,Petrol,12.46,106.74,3,18,High,Clear,173.07,120.0,144.66,10.902,1540.1
Ahmedabad,Surat,287.83,SUV,Diesel,14.34,93.59,2,7,High,Clear,291.25,60.0,338.1,23.116,2737.45
Ahmedabad,Surat,261.5,Sedan,Petrol,13.6,101.44,4,5,High,Cloudy,304.37,120.0,291.64,22.752,2876.13
Vadodara,Mumbai,421.12,Sedan,Diesel,17.4,91.0,5,22,Low,Clear,622.36,120.0,263.14,23.419,3203.08
Delhi,Jaipur,277.48,SUV,Diesel,15.24,97.76,2,0,Medium,Clear,475.81,60.0,283.96,19.232,2613.5
Vadodara,Mumbai,436.28,Hatchback,Petrol,15.54,104.01,4,0,High,Clear,493.27,0.0,397.32,32.373,4128.41
Surat,Mumbai,302.68,Hatchback,Diesel,18.19,89.64,3,18,Low,Clear,395.59,150.0,218.52,15.999,2152.58
Pune,Mumbai,161.63,Hatchback,Petrol,19.92,100.03,3,7,Medium,Cloudy,228.56,150.0,210.21,8.757,1344.1
Delhi,Jaipur,274.71,SUV,Diesel,14.63,87.99,5,18,Medium,Cloudy,368.38,150.0,291.48,19.263,2447.02
Delhi,Jaipur,279.06,Sedan,Diesel,19.07,88.83,4,16,Low,Rain,441.33,0.0,272.76,13.909,1839.82
Delhi,Jaipur,299.87,SUV,Petrol,11.75,98.65,3,18,High,Clear,467.01,80.0,345.71,29.676,3694.55
Delhi,Jaipur,292.62,Hatchback,CNG,17.34,80.87,3,22,Low,Cloudy,470.68,60.0,250.14,16.16,2017.49
Rajkot,Ahmedabad,213.99,SUV,CNG,8.52,79.19,1,6,Low,Clear,235.7,40.0,209.27,23.666,2332.73
Ahmedabad,Udaipur,266.51,Hatchback,Diesel,19.0,97.61,1,1,Medium,Clear,250.71,120.0,284.25,14.654,1935.97
Ahmedabad,Udaipur,285.57,Hatchback,Diesel,22.18,91.44,4,6,Low,Clear,190.5,40.0,254.32,12.055,1472.67
Rajkot,Ahmedabad,230.83,Hatchback,Diesel,22.05,93.21,1,4,High,Clear,217.01,80.0,305.01,12.004,1549.03
Rajkot,Ahmedabad,216.96,SUV,Diesel,9.58,87.62,2,15,Medium,Clear,332.03,40.0,236.41,23.518,2620.72
Surat,Mumbai,314.79,Sedan,Petrol,17.27,98.08,5,5,Medium,Rain,500.66,0.0,294.42,19.341,2603.08
Bengaluru,Mysuru,149.48,Sedan,Diesel,19.78,95.58,3,10,Medium,Clear,229.3,80.0,168.65,7.904,1164.39
Delhi,Jaipur,294.22,SUV,Diesel,13.41,97.19,3,10,Low,Clear,391.94,80.0,242.64,20.046,2705.02
Pune,Mumbai,160.31,Sedan,CNG,12.66,77.68,3,15,High,Clear,380.97,80.0,243.67,14.51,1682.75
Rajkot,Ahmedabad,214.92,Hatchback,CNG,18.04,83.69,2,9,Medium,Cloudy,220.64,60.0,241.28,12.086,1404.68
Ahmedabad,Surat,261.21,SUV,Petrol,11.9,101.88,5,12,Medium,Clear,339.14,150.0,248.92,22.897,3094.92
Ahmedabad,Udaipur,284.54,SUV,Diesel,15.25,93.39,4,3,High,Clear,323.04,80.0,343.06,22.168,2696.57
Surat,Mumbai,288.01,Sedan,Petrol,17.13,107.43,5,2,Medium,Rain,333.46,60.0,269.07,17.565,2450.94
Ahmedabad,Udaipur,259.72,Sedan,Petrol,16.11,94.35,2,0,Medium,Rain,259.9,120.0,299.8,16.412,2080.82
Pune,Mumbai,153.62,Sedan,Diesel,19.69,96.17,4,17,High,Cloudy,214.04,120.0,237.39,9.363,1324.43
Ahmedabad,Surat,267.3,SUV,CNG,12.78,73.39,1,17,Medium,Rain,359.36,0.0,301.91,21.289,2183.72
Ahmedabad,Vadodara,113.28,Hatchback,Diesel,21.54,96.68,5,23,Medium,Rain,155.61,60.0,135.75,5.602,815.39
Pune,Mumbai,165.38,Hatchback,Diesel,18.41,90.68,1,9,Low,Clear,261.08,0.0,179.49,8.305,1090.39
Pune,Mumbai,164.66,Hatchback,CNG,14.16,76.66,2,17,Medium,Cloudy,328.73,120.0,223.22,12.068,1481.7
Surat,Mumbai,312.45,SUV,Petrol,11.41,104.35,2,10,Low,Clear,536.62,60.0,214.94,25.635,3535.43
Delhi,Jaipur,290.21,Hatchback,CNG,15.76,78.15,2,6,Medium,Rain,359.5,0.0,314.67,19.305,2010.72
Delhi,Jaipur,279.31,Sedan,Petrol,12.6,100.65,1,15,Medium,Cloudy,264.23,150.0,286.29,23.019,2920.13
Bengaluru,Mysuru,144.92,Sedan,Petrol,13.14,95.84,5,11,Medium,Clear,143.05,120.0,164.98,11.551,1486.27
Pune,Mumbai,160.77,Hatchback,Diesel,19.15,87.96,3,11,High,Clear,374.45,120.0,246.7,9.563,1445.04
Delhi,Jaipur,303.6,Hatchback,Diesel,18.54,91.83,2,5,Low,Clear,439.64,0.0,246.62,15.46,2015.49
Ahmedabad,Udaipur,269.47,Sedan,CNG,12.28,85.58,5,22,Medium,Rain,185.59,60.0,319.38,23.502,2445.29
Pune,Mumbai,161.8,Sedan,Petrol,13.81,102.21,5,10,Low,Cloudy,303.31,40.0,181.63,11.218,1623.64
Ahmedabad,Surat,282.29,Sedan,Diesel,18.64,97.91,5,5,Low,Rain,256.1,40.0,262.1,14.535,1934.75
Rajkot,Ahmedabad,231.25,Hatchback,Petrol,19.4,95.63,2,11,Medium,Clear,203.02,120.0,260.19,12.465,1667.65
Rajkot,Ahmedabad,229.34,Sedan,CNG,11.83,73.78,4,13,Medium,Rain,220.18,60.0,280.46,20.725,1998.98
Ahmedabad,Udaipur,276.37,Hatchback,Diesel,22.97,94.23,2,20,Medium,Clear,183.71,120.0,289.12,12.405,1628.57
Bengaluru,Mysuru,156.2,Hatchback,Petrol,20.37,102.69,3,11,High,Clear,190.49,0.0,216.67,9.114,1203.29
Pune,Mumbai,156.86,Sedan,Diesel,19.47,88.48,4,1,Medium,Clear,392.26,40.0,195.05,8.601,1322.46
Delhi,Jaipur,298.63,SUV,Petrol,9.29,101.65,2,3,Medium,Clear,301.33,150.0,288.0,32.483,4017.61
Vadodara,Mumbai,428.63,Hatchback,Diesel,17.6,91.71,3,4,Medium,Clear,454.65,120.0,333.49,24.863,3053.18
Delhi,Jaipur,275.29,Hatchback,Diesel,18.87,97.69,1,11,Low,Clear,275.76,60.0,223.4,13.362,1772.96
Pune,Mumbai,159.71,Sedan,Petrol,18.07,99.33,5,8,Medium,Clear,296.44,40.0,199.53,8.936,1344.05
Rajkot,Ahmedabad,220.2,Sedan,Petrol,12.83,106.87,1,22,Medium,Clear,251.86,120.0,240.46,18.288,2470.19
Ahmedabad,Surat,272.22,Hatchback,Diesel,19.53,93.51,5,6,Medium,Rain,296.81,40.0,282.26,14.923,1859.01
Delhi,Jaipur,282.7,Hatchback,Petrol,19.4,107.06,2,19,Medium,Clear,468.82,0.0,285.06,15.561,2312.95
Surat,Mumbai,314.77,Hatchback,Petrol,16.96,96.54,4,22,Medium,Rain,308.82,40.0,288.95,18.88,2366.05
Pune,Mumbai,165.33,Sedan,CNG,14.24,83.81,4,14,High,Rain,223.26,120.0,281.11,13.46,1585.59
Bengaluru,Mysuru,143.14,SUV,Petrol,13.99,102.74,5,3,High,Clear,230.22,120.0,193.98,12.12,1689.46
Bengaluru,Mysuru,157.53,Sedan,Petrol,15.07,107.05,2,21,Medium,Clear,238.56,0.0,172.81,10.688,1471.76
Delhi,Jaipur,280.95,Hatchback,Diesel,21.79,97.04,3,10,Medium,Clear,266.98,150.0,263.19,13.714,1894.93
Ahmedabad,Udaipur,273.06,Hatchback,Petrol,14.41,97.3,4,2,Medium,Clear,181.92,80.0,273.92,19.542,2330.72
Bengaluru,Mysuru,146.04,Sedan,CNG,12.71,84.8,2,1,Medium,Clear,212.82,80.0,156.55,11.595,1358.29
Ahmedabad,Surat,264.76,SUV,Diesel,10.42,88.02,1,7,High,Rain,341.65,0.0,355.93,29.44,3179.49
Ahmedabad,Surat,264.65,Hatchback,Diesel,16.94,92.77,4,2,Medium,Cloudy,273.58,120.0,253.61,15.872,2004.74
Delhi,Jaipur,295.37,Sedan,Diesel,19.13,94.26,5,22,Medium,Rain,306.88,0.0,311.19,16.156,2069.23
Delhi,Jaipur,287.99,SUV,CNG,11.68,84.65,5,17,Low,Clear,282.44,40.0,243.0,22.755,2466.37
Delhi,Jaipur,295.72,Hatchback,CNG,13.91,85.75,5,2,High,Clear,330.45,60.0,347.28,24.015,2576.43
Pune,Mumbai,167.28,SUV,Petrol,12.79,96.79,4,8,Medium,Clear,374.91,40.0,217.82,13.987,1883.33
Bengaluru,Mysuru,143.36,SUV,Diesel,11.38,93.86,1,19,Medium,Cloudy,207.81,150.0,176.36,13.509,1758.67
Ahmedabad,Vadodara,114.2,Sedan,Petrol,15.66,101.56,3,1,Medium,Clear,121.85,60.0,109.98,7.833,1041.77
Pune,Mumbai,164.72,Hatchback,Diesel,20.45,92.62,4,0,Low,Cloudy,255.1,60.0,185.71,7.659,1133.05
Rajkot,Ahmedabad,233.27,SUV,Petrol,11.7,102.9,4,22,High,Clear,300.12,0.0,319.91,22.682,2854.34
Ahmedabad,Vadodara,110.3,SUV,CNG,12.78,75.24,3,18,High,Clear,109.84,80.0,134.73,9.85,1024.93
Pune,Mumbai,167.76,SUV,CNG,12.16,84.4,2,14,High,Clear,379.0,80.0,261.1,15.839,1926.36
Surat,Mumbai,284.71,Hatchback,Petrol,17.62,95.8,2,20,Low,Clear,535.57,80.0,201.97,15.286,2270.88
Delhi,Jaipur,287.96,SUV,CNG,8.3,73.86,1,6,Low,Clear,280.43,80.0,247.64,33.115,3047.18
Vadodara,Mumbai,422.99,Hatchback,Diesel,22.57,91.36,4,15,High,Cloudy,425.07,80.0,405.57,22.253,2796.42
Pune,Mumbai,158.18,SUV,Diesel,15.82,95.41,1,0,Medium,Cloudy,305.96,40.0,209.35,10.617,1486.3
Rajkot,Ahmedabad,221.16,SUV,Diesel,14.69,95.14,5,18,Medium,Fog,347.1,60.0,298.4,15.876,2101.83
Rajkot,Ahmedabad,229.34,Hatchback,Petrol,21.03,103.0,2,14,High,Cloudy,306.35,0.0,305.62,12.95,1786.51
Ahmedabad,Surat,290.94,SUV,Petrol,13.28,100.15,1,16,Medium,Cloudy,280.7,120.0,293.47,22.54,2883.01
Bengaluru,Mysuru,155.5,Hatchback,Petrol,20.27,102.25,4,5,Medium,Clear,131.25,40.0,176.59,8.265,1100.47
Pune,Mumbai,159.88,SUV,CNG,10.72,78.01,3,3,Medium,Clear,246.32,150.0,208.68,15.579,1739.47
Surat,Mumbai,286.27,Hatchback,CNG,17.41,78.12,1,11,Low,Rain,502.36,150.0,237.16,15.011,1989.28
Delhi,Jaipur,296.04,SUV,Diesel,11.83,92.18,2,1,Medium,Clear,337.73,40.0,279.99,26.927,3116.4
Ahmedabad,Vadodara,122.09,SUV,Diesel,12.17,93.9,4,13,Medium,Clear,150.56,40.0,128.3,10.189,1247.65
Ahmedabad,Udaipur,272.8,SUV,CNG,11.9,78.59,4,10,Low,Cloudy,162.06,0.0,246.37,21.287,2028.08
Rajkot,Ahmedabad,224.7,Sedan,Diesel,15.05,92.76,3,20,Medium,Clear,237.85,40.0,243.53,15.484,1892.37
Delhi,Jaipur,283.28,SUV,Diesel,12.39,97.53,4,12,High,Cloudy,298.09,0.0,354.61,26.3,3122.09
Vadodara,Mumbai,425.73,SUV,Diesel,13.28,90.64,3,9,Low,Cloudy,494.16,60.0,297.84,30.438,3694.82
Pune,Mumbai,154.8,Hatchback,Diesel,16.94,92.74,4,13,Medium,Rain,346.96,80.0,234.37,9.659,1387.8
Delhi,Jaipur,287.63,Sedan,Diesel,17.11,87.56,2,4,High,Clear,288.29,80.0,330.74,20.169,2340.73
Rajkot,Ahmedabad,234.48,Sedan,Petrol,12.48,94.1,5,13,Medium,Clear,341.43,150.0,255.49,19.559,2503.32
Ahmedabad,Udaipur,272.36,Hatchback,Petrol,20.02,103.53,4,7,Medium,Clear,219.9,120.0,279.27,14.13,1974.51
Ahmedabad,Surat,280.95,SUV,Diesel,11.81,94.28,5,22,High,Clear,289.68,0.0,312.88,26.802,3055.7
Delhi,Jaipur,307.0,Hatchback,Diesel,20.47,88.85,4,16,Low,Clear,248.43,60.0,262.14,14.043,1722.11
Ahmedabad,Surat,290.83,Sedan,Diesel,19.42,88.19,4,2,Low,Clear,389.68,40.0,231.65,13.88,1868.12
Ahmedabad,Surat,290.32,Hatchback,Diesel,21.31,92.41,3,4,Medium,Clear,303.07,80.0,274.84,13.821,1822.65
Ahmedabad,Udaipur,265.74,Sedan,Diesel,18.1,95.22,4,23,High,Clear,237.67,60.0,310.95,17.017,2095.51
Ahmedabad,Vadodara,111.89,SUV,Diesel,15.29,95.96,4,0,High,Clear,199.23,60.0,137.16,8.8,1192.63
Ahmedabad,Vadodara,117.55,Hatchback,Petrol,17.91,96.8,4,1,High,Clear,109.75,60.0,143.44,7.624,969.25
Ahmedabad,Udaipur,260.12,Sedan,Petrol,13.27,106.79,2,17,Low,Rain,177.21,0.0,271.08,18.163,2322.49
Ahmedabad,Vadodara,120.19,Sedan,Petrol,13.02,103.95,4,10,Medium,Clear,168.98,60.0,119.81,9.542,1298.69
Pune,Mumbai,158.6,SUV,CNG,12.85,79.77,5,17,Medium,Clear,382.39,60.0,201.17,12.815,1579.79
Vadodara,Mumbai,432.0,Hatchback,Diesel,19.65,92.4,3,0,Medium,Clear,626.84,0.0,341.64,23.19,2984.87
Pune,Mumbai,160.21,Hatchback,CNG,13.55,83.08,1,9,Low,Rain,344.5,120.0,199.08,10.987,1449.55
Bengaluru,Mysuru,147.19,Sedan,Petrol,16.98,100.63,2,16,Medium,Clear,153.49,120.0,164.03,8.923,1295.51
Bengaluru,Mysuru,155.51,SUV,Petrol,10.86,105.28,3,8,Medium,Fog,238.27,60.0,218.96,14.916,1997.59
Vadodara,Mumbai,436.58,SUV,Diesel,13.24,96.43,1,21,Low,Cloudy,478.18,0.0,310.88,31.757,3968.49
Pune,Mumbai,155.8,Hatchback,Diesel,17.11,97.83,2,20,High,Clear,313.95,60.0,235.96,10.307,1449.74
Delhi,Jaipur,287.67,SUV,CNG,12.21,75.28,2,13,Medium,Clear,274.05,120.0,293.02,24.266,2472.46
Pune,Mumbai,152.34,Hatchback,Petrol,18.76,104.64,2,18,Low,Clear,216.58,0.0,164.96,7.581,1090.96
Ahmedabad,Surat,281.54,Hatchback,Diesel,17.89,90.18,3,19,Medium,Cloudy,341.56,60.0,281.28,16.012,1980.24
Pune,Mumbai,166.04,Sedan,Diesel,16.64,92.24,1,16,Low,Clear,331.02,60.0,178.94,9.718,1399.28
Delhi,Jaipur,283.47,SUV,CNG,12.75,72.24,3,11,Low,Clear,337.45,60.0,246.81,20.707,2114.15
Delhi,Jaipur,297.0,Hatchback,Petrol,16.5,97.06,3,15,Low,Clear,278.47,60.0,258.31,17.107,2166.37
Vadodara,Mumbai,457.93,SUV,Petrol,13.08,94.55,1,0,Low,Clear,445.57,0.0,315.25,34.107,4040.21
Ahmedabad,Udaipur,266.96,SUV,Petrol,13.39,104.13,5,21,Medium,Rain,281.19,80.0,313.65,21.455,2848.65
Delhi,Jaipur,295.89,Hatchback,CNG,18.19,83.66,3,0,Medium,Clear,426.72,0.0,278.38,16.461,1947.87
Ahmedabad,Udaipur,278.49,Hatchback,Petrol,16.79,103.45,5,19,Medium,Clear,225.28,40.0,284.09,17.904,2266.17
Vadodara,Mumbai,437.04,Hatchback,Petrol,15.46,104.83,5,1,Medium,Fog,423.17,80.0,395.85,29.722,3916.92
Vadodara,Mumbai,413.58,Sedan,Petrol,15.8,95.78,1,7,Medium,Clear,603.07,60.0,305.96,28.314,3615.65
Ahmedabad,Udaipur,280.57,SUV,Petrol,13.93,103.41,1,14,Medium,Clear,170.62,120.0,301.29,21.361,2693.81
Ahmedabad,Vadodara,122.16,Sedan,Diesel,17.03,91.13,1,10,High,Cloudy,173.18,120.0,156.4,8.335,1154.8
Ahmedabad,Vadodara,122.39,Sedan,Diesel,16.21,91.3,4,8,High,Clear,135.31,60.0,147.57,8.736,1083.18
Ahmedabad,Vadodara,117.03,SUV,Diesel,14.1,91.32,5,20,Low,Clear,120.91,80.0,101.94,7.574,997.01
Ahmedabad,Udaipur,277.15,Sedan,Petrol,12.74,105.07,2,5,Medium,Clear,188.0,150.0,273.35,23.493,2979.93
Delhi,Jaipur,283.13,Hatchback,CNG,16.41,84.19,4,7,Medium,Clear,485.39,150.0,265.5,17.658,2252.08
Pune,Mumbai,160.39,Hatchback,Petrol,20.03,95.33,1,21,High,Clear,305.11,40.0,251.36,9.387,1313.55
Vadodara,Mumbai,433.46,Hatchback,Petrol,21.0,95.44,5,4,Low,Clear,641.51,60.0,289.15,18.83,2732.9
Rajkot,Ahmedabad,222.17,Sedan,Diesel,17.57,93.11,1,12,Medium,Fog,362.99,60.0,298.27,13.2,1819.5
Ahmedabad,Udaipur,282.35,SUV,Diesel,14.36,96.71,4,18,Low,Clear,280.66,150.0,251.61,18.951,2527.49
Rajkot,Ahmedabad,214.36,Sedan,Petrol,16.4,102.46,5,22,Low,Rain,274.66,80.0,243.4,12.493,1772.82
Pune,Mumbai,161.24,SUV,Diesel,9.84,96.19,5,5,Low,Clear,201.16,40.0,182.71,15.434,1830.33
Rajkot,Ahmedabad,211.49,Sedan,Petrol,15.92,97.35,1,9,Medium,Cloudy,296.7,120.0,233.1,13.916,1916.46
Ahmedabad,Udaipur,277.91,SUV,CNG,12.76,82.37,4,6,High,Clear,194.82,0.0,336.75,25.416,2515.12
Rajkot,Ahmedabad,217.26,SUV,Petrol,14.28,107.5,5,0,Medium,Clear,383.17,0.0,240.91,15.354,2223.55
Surat,Mumbai,318.14,Sedan,Diesel,14.2,94.86,5,15,Medium,Clear,469.28,80.0,249.36,22.655,2925.96
Rajkot,Ahmedabad,235.75,Sedan,CNG,14.98,76.21,4,5,Low,Cloudy,294.74,80.0,236.27,14.514,1627.49
Ahmedabad,Udaipur,265.13,SUV,Petrol,11.76,99.28,2,10,Low,Fog,312.87,80.0,291.46,21.651,2771.81
Pune,Mumbai,157.16,Hatchback,CNG,17.92,82.73,2,9,Medium,Rain,212.3,0.0,242.47,9.025,1047.65
Rajkot,Ahmedabad,221.26,Hatchback,Diesel,17.89,89.65,3,14,Medium,Clear,372.0,40.0,238.81,12.793,1658.94
Pune,Mumbai,160.53,Hatchback,Petrol,15.54,99.96,5,5,Low,Clear,283.35,120.0,182.62,9.423,1450.24
Ahmedabad,Udaipur,281.53,Hatchback,Diesel,19.36,94.89,4,23,Low,Clear,263.69,150.0,255.41,13.954,1869.2
Rajkot,Ahmedabad,232.32,Sedan,Diesel,18.63,97.93,2,18,Medium,Rain,351.8,80.0,303.64,12.905,1833.31
Ahmedabad,Vadodara,120.97,Hatchback,Petrol,18.3,104.92,3,0,High,Clear,152.48,80.0,148.17,7.654,1104.29
Bengaluru,Mysuru,146.28,Sedan,Petrol,16.78,98.96,2,14,High,Clear,199.57,0.0,185.74,10.338,1303.43
Vadodara,Mumbai,458.68,SUV,Diesel,13.94,92.32,2,13,Medium,Clear,510.91,80.0,358.62,35.228,4172.85
Surat,Mumbai,311.45,Sedan,Diesel,19.06,93.12,4,22,Low,Clear,350.05,60.0,218.99,15.479,2045.85
Rajkot,Ahmedabad,219.26,Hatchback,Petrol,15.32,105.69,1,16,High,Fog,381.69,40.0,356.77,17.258,2397.64
Ahmedabad,Udaipur,266.07,Hatchback,Petrol,16.16,107.2,4,5,Medium,Clear,228.07,60.0,274.57,17.116,2270.26
Ahmedabad,Udaipur,285.83,SUV,Petrol,14.25,94.96,2,7,Low,Clear,236.28,0.0,270.75,18.611,2210.14
Ahmedabad,Udaipur,269.88,Hatchback,Petrol,19.52,94.99,3,15,Medium,Clear,246.41,80.0,285.94,14.497,1828.56
Pune,Mumbai,164.57,Sedan,Petrol,16.9,96.66,2,14,Low,Rain,303.24,40.0,216.96,9.446,1366.82
Delhi,Jaipur,285.02,SUV,CNG,13.4,83.65,2,9,Medium,Cloudy,376.08,40.0,297.28,21.985,2456.19
Ahmedabad,Udaipur,279.11,SUV,CNG,9.74,73.81,2,17,Low,Cloudy,205.82,40.0,253.22,26.731,2462.32
Delhi,Jaipur,278.03,SUV,CNG,9.2,79.43,1,10,Medium,Clear,294.7,0.0,266.81,31.925,3119.2
Vadodara,Mumbai,457.9,SUV,Diesel,13.8,96.76,2,7,Low,Clear,594.34,60.0,297.84,30.299,4034.32
Delhi,Jaipur,285.45,Sedan,CNG,12.89,75.32,3,13,High,Clear,377.09,0.0,317.81,25.922,2486.17
Surat,Mumbai,313.68,Sedan,Petrol,15.03,102.22,1,22,Medium,Clear,281.52,40.0,238.69,21.733,2776.52
Ahmedabad,Surat,276.53,SUV,Diesel,11.02,92.9,3,12,Medium,Clear,347.5,40.0,274.14,25.694,2959.65
Pune,Mumbai,162.89,Sedan,CNG,15.17,78.57,3,23,Medium,Clear,285.17,80.0,215.45,11.018,1328.39
Surat,Mumbai,294.87,Sedan,CNG,16.86,81.64,3,18,Low,Clear,479.83,40.0,196.88,16.422,2053.08
