a,b,road_km
Agartala,Agra,1651.287
Agartala,Ahmedabad,2364.375
Agartala,Aizawl,318.141
Agartala,Ajmer,2021.318
Agartala,Akola,1803.794
Agartala,Aligarh,1697.000
Agartala,Alwar,1813.205
Agartala,Amravati,1706.614
Agartala,Amritsar,2242.086
Agartala,Anantapur,2096.376
Agartala,Arrah,939.629
Agartala,Aurangabad,899.059
Agartala,Azamgarh,1143.444
Agartala,Ballari,2134.306
Agartala,Bareilly,1620.997
Agartala,Bathinda,2185.897
Agartala,Begusarai,788.365
Agartala,Belagavi,2444.016
Agartala,Bengaluru,2244.045
Agartala,Bhagalpur,689.346
Agartala,Bhopal,1805.503
Agartala,Bhubaneswar,855.571
Agartala,Bikaner,2221.836
Agartala,Bilaspur,1209.029
Agartala,Brahmapur,1024.666
Agartala,Chandigarh,2068.994
Agartala,Chennai,2092.133
Agartala,Coimbatore,2514.216
Agartala,Darbhanga,762.698
Agartala,Davangere,2328.859
Agartala,Dehradun,1919.277
Agartala,Delhi,1841.633
Agartala,Deoghar,644.626
Agartala,Dhanbad,661.564
Agartala,Dibrugarh,793.020
Agartala,Dindigul,2511.285
Agartala,Durgapur,560.969
Agartala,Erode,2408.891
Agartala,Etawah,1531.615
Agartala,Farrukhabad,1541.702
Agartala,Gaya,872.988
Agartala,Giridih,704.622
Agartala,Gorakhpur,1148.493
Agartala,Guwahati,386.921
Agartala,Gwalior,1641.807
Agartala,Hazaribagh,780.294
Agartala,Hisar,2025.429
Agartala,Hubballi,2344.441
Agartala,Hyderabad,1847.606
Agartala,Imphal,535.172
Agartala,Indore,1981.333
Agartala,Jabalpur,1522.679
Agartala,Jaipur,1891.076
Agartala,Jalandhar,2162.176
Agartala,Jalgaon,1979.666
Agartala,Jammu,2380.715
Agartala,Jamnagar,2670.174
Agartala,Jamshedpur,697.645
Agartala,Jhansi,1598.441
Agartala,Jodhpur,2223.517
Agartala,Kakinada,1438.404
Agartala,Kalaburagi,2085.171
Agartala,Kanpur,1403.101
Agartala,Karnal,1913.270
Agartala,Karur,2435.588
Agartala,Kochi,2695.658
Agartala,Kolhapur,2378.617
Agartala,Kolkata,424.200
Agartala,Kollam,2821.535
Agartala,Korba,1178.518
Agartala,Kota,1919.536
Agartala,Kozhikode,2592.367
Agartala,Kurnool,1963.650
Agartala,Latur,2038.444
Agartala,Lucknow,1358.349
Agartala,Ludhiana,2102.269
Agartala,Madurai,2542.698
Agartala,Mangaluru,2561.981
Agartala,Mathura,1713.216
Agartala,Meerut,1802.307
Agartala,Moradabad,1710.657
Agartala,Mumbai,2303.060
Agartala,Muzaffarnagar,1859.051
Agartala,Muzaffarpur,903.203
Agartala,Mysuru,2385.144
Agartala,Nagercoil,2793.995
Agartala,Nagpur,1530.968
Agartala,Nanded,1919.571
Agartala,Nashik,2150.883
Agartala,Nellore,1916.552
Agartala,Pathankot,2273.068
Agartala,Patiala,2045.891
Agartala,Patna,888.525
Agartala,Prayagraj,1182.425
Agartala,Puducherry,2258.928
Agartala,Pune,2204.983
Agartala,Purnia,574.671
Agartala,Raipur,1245.328
Agartala,Rajamahendravaram,1474.184
Agartala,Rajapalayam,2661.086
Agartala,Rajkot,2581.140
Agartala,Ranchi,814.970
Agartala,Ratlam,2130.255
Agartala,Rewa,1275.877
Agartala,Rohtak,1914.361
Agartala,Rourkela,872.423
Agartala,Saharanpur,1932.841
Agartala,Salem,2344.494
Agartala,Sambalpur,972.349
Agartala,Satna,1334.387
Agartala,Saugor,1635.171
Agartala,Shillong,293.171
Agartala,Shimla,2161.093
Agartala,Shivamogga,2370.491
Agartala,Sholapur,2164.789
Agartala,Silchar,276.948
Agartala,Siliguri,568.495
Agartala,Sitapur,1445.466
Agartala,Sonipat,1873.115
Agartala,Srinagar,2580.483
Agartala,Surat,2301.153
Agartala,Thanjavur,2419.659
Agartala,Thiruvananthapuram,2862.726
Agartala,Thrissur,2620.073
Agartala,Tiruchirappalli,2414.286
Agartala,Tirunelveli,2712.633
Agartala,Tirupati,2054.143
Agartala,Tiruppur,2463.726
Agartala,Tumkur,2251.991
Agartala,Udaipur,2193.731
Agartala,Udupi,2516.115
Agartala,Ujjain,2016.992
Agartala,Vadodara,2283.612
Agartala,Varanasi,1061.011
Agartala,Vellore,2156.474
Agartala,Vijayawada,1626.831
Agartala,Visakhapatnam,1296.427
Agartala,Warangal,1778.400
Agra,Ahmedabad,913.175
Agra,Aizawl,1916.554
Agra,Ajmer,370.939
Agra,Akola,946.805
Agra,Aligarh,88.395
Agra,Alwar,162.826
Agra,Amravati,894.658
Agra,Amritsar,653.990
Agra,Anantapur,1693.329
Agra,Arrah,783.631
Agra,Aurangabad,753.510
Agra,Azamgarh,594.604
Agra,Ballari,1713.219
Agra,Bareilly,214.198
Agra,Bathinda,543.918
Agra,Begusarai,955.301
Agra,Belagavi,1561.603
Agra,Bengaluru,1970.907
Agra,Bhagalpur,1059.423
Agra,Bhopal,572.579
Agra,Bhubaneswar,1443.893
Agra,Bikaner,571.457
Agra,Bilaspur,898.706
Agra,Brahmapur,1462.154
Agra,Chandigarh,462.110
Agra,Chennai,1906.555
Agra,Coimbatore,2218.898
Agra,Darbhanga,901.143
Agra,Davangere,1764.505
Agra,Dehradun,421.791
Agra,Delhi,203.736
Agra,Deoghar,1061.504
Agra,Dhanbad,1000.320
Agra,Dibrugarh,2031.673
Agra,Dindigul,2331.275
Agra,Durgapur,1097.158
Agra,Erode,2214.865
Agra,Etawah,121.939
Agra,Farrukhabad,205.552
Agra,Gaya,831.491
Agra,Giridih,989.807
Agra,Gorakhpur,598.763
Agra,Guwahati,1619.075
Agra,Gwalior,119.528
Agra,Hazaribagh,911.176
Agra,Hisar,372.420
Agra,Hubballi,1647.756
Agra,Hyderabad,1316.282
Agra,Imphal,2078.821
Agra,Indore,669.237
Agra,Jabalpur,578.283
Agra,Jaipur,240.697
Agra,Jalandhar,570.886
Agra,Jalgaon,962.588
Agra,Jammu,789.425
Agra,Jamnagar,1141.701
Agra,Jamshedpur,1127.846
Agra,Jhansi,233.874
Agra,Jodhpur,573.138
Agra,Kakinada,1583.827
Agra,Kalaburagi,1410.549
Agra,Kanpur,280.062
Agra,Karnal,337.977
Agra,Karur,2255.579
Agra,Kochi,2358.322
Agra,Kolhapur,1478.368
Agra,Kolkata,1264.236
Agra,Kollam,2498.601
Agra,Korba,1038.694
Agra,Kota,404.292
Agra,Kozhikode,2233.500
Agra,Kurnool,1550.138
Agra,Latur,1347.688
Agra,Lucknow,327.344
Agra,Ludhiana,511.762
Agra,Madurai,2398.116
Agra,Mangaluru,1992.217
Agra,Mathura,59.097
Agra,Meerut,223.811
Agra,Moradabad,246.810
Agra,Mumbai,1268.852
Agra,Muzaffarnagar,280.555
Agra,Muzaffarpur,843.129
Agra,Mysuru,2026.278
Agra,Nagercoil,2613.986
Agra,Nagpur,822.093
Agra,Nanded,1159.258
Agra,Nashik,1083.527
Agra,Nellore,1730.974
Agra,Pathankot,681.779
Agra,Patiala,454.951
Agra,Patna,835.398
Agra,Prayagraj,473.939
Agra,Puducherry,2073.351
Agra,Pune,1269.877
Agra,Purnia,1089.464
Agra,Raipur,934.876
Agra,Rajamahendravaram,1558.742
Agra,Rajapalayam,2481.077
Agra,Rajkot,1125.736
Agra,Ranchi,1007.061
Agra,Ratlam,617.899
Agra,Rewa,580.997
Agra,Rohtak,276.418
Agra,Rourkela,1175.621
Agra,Saharanpur,363.735
Agra,Salem,2162.983
Agra,Sambalpur,1146.713
Agra,Satna,528.917
Agra,Saugor,435.835
Agra,Shillong,1707.674
Agra,Shimla,569.397
Agra,Shivamogga,1840.447
Agra,Sholapur,1383.137
Agra,Silchar,1847.364
Agra,Siliguri,1199.679
Agra,Sitapur,327.766
Agra,Sonipat,261.113
Agra,Srinagar,989.194
Agra,Surat,1009.058
Agra,Thanjavur,2216.852
Agra,Thiruvananthapuram,2569.957
Agra,Thrissur,2288.879
Agra,Tiruchirappalli,2211.479
Agra,Tirunelveli,2532.623
Agra,Tirupati,1868.565
Agra,Tiruppur,2258.781
Agra,Tumkur,1900.462
Agra,Udaipur,616.956
Agra,Udupi,1939.286
Agra,Ujjain,613.116
Agra,Vadodara,873.137
Agra,Varanasi,597.374
Agra,Vellore,1946.043
Agra,Vijayawada,1511.622
Agra,Visakhapatnam,1514.143
Agra,Warangal,1264.804
Ahmedabad,Aizawl,2648.113
Ahmedabad,Ajmer,519.638
Ahmedabad,Akola,640.434
Ahmedabad,Aligarh,959.333
Ahmedabad,Alwar,846.753
Ahmedabad,Amravati,735.611
Ahmedabad,Amritsar,1123.672
Ahmedabad,Anantapur,1273.107
Ahmedabad,Arrah,1509.221
Ahmedabad,Aurangabad,1479.747
Ahmedabad,Azamgarh,1394.583
Ahmedabad,Ballari,1173.211
Ahmedabad,Bareilly,1113.898
Ahmedabad,Bathinda,941.513
Ahmedabad,Begusarai,1679.001
Ahmedabad,Belagavi,1003.077
Ahmedabad,Bengaluru,1430.899
Ahmedabad,Bhagalpur,1783.123
Ahmedabad,Bhopal,572.011
Ahmedabad,Bhubaneswar,1673.630
Ahmedabad,Bikaner,653.475
Ahmedabad,Bilaspur,1188.676
Ahmedabad,Brahmapur,1652.982
Ahmedabad,Chandigarh,1128.032
Ahmedabad,Chennai,1672.884
Ahmedabad,Coimbatore,1678.890
Ahmedabad,Darbhanga,1717.550
Ahmedabad,Davangere,1224.496
Ahmedabad,Dehradun,1188.056
Ahmedabad,Delhi,970.001
Ahmedabad,Deoghar,1787.741
Ahmedabad,Dhanbad,1726.556
Ahmedabad,Dibrugarh,2848.080
Ahmedabad,Dindigul,1791.266
Ahmedabad,Durgapur,1823.394
Ahmedabad,Erode,1674.857
Ahmedabad,Etawah,1037.958
Ahmedabad,Farrukhabad,1121.570
Ahmedabad,Gaya,1557.728
Ahmedabad,Giridih,1716.043
Ahmedabad,Gorakhpur,1415.169
Ahmedabad,Guwahati,2435.483
Ahmedabad,Gwalior,878.300
Ahmedabad,Hazaribagh,1637.412
Ahmedabad,Hisar,919.271
Ahmedabad,Hubballi,1093.770
Ahmedabad,Hyderabad,1101.085
Ahmedabad,Imphal,2837.147
Ahmedabad,Indore,383.942
Ahmedabad,Jabalpur,875.481
Ahmedabad,Jaipur,649.810
Ahmedabad,Jalandhar,1101.383
Ahmedabad,Jalgaon,473.945
Ahmedabad,Jammu,1322.644
Ahmedabad,Jamnagar,307.514
Ahmedabad,Jamshedpur,1746.665
Ahmedabad,Jhansi,828.788
Ahmedabad,Jodhpur,449.303
Ahmedabad,Kakinada,1507.471
Ahmedabad,Kalaburagi,982.657
Ahmedabad,Kanpur,1058.221
Ahmedabad,Karnal,1031.298
Ahmedabad,Karur,1715.570
Ahmedabad,Kochi,1818.313
Ahmedabad,Kolhapur,864.880
Ahmedabad,Kolkata,1946.753
Ahmedabad,Kollam,1958.592
Ahmedabad,Korba,1272.163
Ahmedabad,Kota,541.434
Ahmedabad,Kozhikode,1693.491
Ahmedabad,Kurnool,1241.947
Ahmedabad,Latur,857.888
Ahmedabad,Lucknow,1140.249
Ahmedabad,Ludhiana,1085.594
Ahmedabad,Madurai,1858.108
Ahmedabad,Mangaluru,1387.915
Ahmedabad,Mathura,898.366
Ahmedabad,Meerut,1033.091
Ahmedabad,Moradabad,1139.868
Ahmedabad,Mumbai,506.770
Ahmedabad,Muzaffarnagar,1089.869
Ahmedabad,Muzaffarpur,1659.536
Ahmedabad,Mysuru,1486.269
Ahmedabad,Nagercoil,2073.977
Ahmedabad,Nagpur,829.548
Ahmedabad,Nanded,829.934
Ahmedabad,Nashik,456.767
Ahmedabad,Nellore,1563.458
Ahmedabad,Pathankot,1214.998
Ahmedabad,Patiala,1088.809
Ahmedabad,Patna,1559.098
Ahmedabad,Prayagraj,1241.014
Ahmedabad,Puducherry,1720.159
Ahmedabad,Pune,635.773
Ahmedabad,Purnia,1854.397
Ahmedabad,Raipur,1114.992
Ahmedabad,Rajamahendravaram,1449.516
Ahmedabad,Rajapalayam,1941.068
Ahmedabad,Rajkot,218.480
Ahmedabad,Ranchi,1617.257
Ahmedabad,Ratlam,323.502
Ahmedabad,Rewa,1099.364
Ahmedabad,Rohtak,923.113
Ahmedabad,Rourkela,1549.341
Ahmedabad,Saharanpur,1130.000
Ahmedabad,Salem,1622.975
Ahmedabad,Sambalpur,1385.960
Ahmedabad,Satna,1070.600
Ahmedabad,Saugor,776.749
Ahmedabad,Shillong,2524.081
Ahmedabad,Shimla,1226.897
Ahmedabad,Shivamogga,1300.439
Ahmedabad,Sholapur,843.128
Ahmedabad,Silchar,2578.923
Ahmedabad,Siliguri,2016.086
Ahmedabad,Sitapur,1243.785
Ahmedabad,Sonipat,949.460
Ahmedabad,Srinagar,1522.413
Ahmedabad,Surat,246.976
Ahmedabad,Thanjavur,1804.296
Ahmedabad,Thiruvananthapuram,2029.948
Ahmedabad,Thrissur,1748.871
Ahmedabad,Tiruchirappalli,1757.283
Ahmedabad,Tirunelveli,1992.614
Ahmedabad,Tirupati,1553.774
Ahmedabad,Tiruppur,1718.773
Ahmedabad,Tumkur,1360.454
Ahmedabad,Udaipur,253.049
Ahmedabad,Udupi,1334.985
Ahmedabad,Ujjain,390.765
Ahmedabad,Vadodara,110.486
Ahmedabad,Varanasi,1367.962
Ahmedabad,Vellore,1577.463
Ahmedabad,Vijayawada,1365.989
Ahmedabad,Visakhapatnam,1633.509
Ahmedabad,Warangal,1141.314
Aizawl,Ajmer,2307.006
Aizawl,Akola,2089.482
Aizawl,Aligarh,1982.688
Aizawl,Alwar,2098.893
Aizawl,Amravati,1992.302
Aizawl,Amritsar,2527.774
Aizawl,Anantapur,2382.064
Aizawl,Arrah,1225.317
Aizawl,Aurangabad,1184.747
Aizawl,Azamgarh,1429.132
Aizawl,Ballari,2419.994
Aizawl,Bareilly,1906.685
Aizawl,Bathinda,2471.586
Aizawl,Begusarai,1074.053
Aizawl,Belagavi,2729.704
Aizawl,Bengaluru,2529.733
Aizawl,Bhagalpur,975.034
Aizawl,Bhopal,2091.191
Aizawl,Bhubaneswar,1141.259
Aizawl,Bikaner,2507.524
Aizawl,Bilaspur,1494.717
Aizawl,Brahmapur,1310.354
Aizawl,Chandigarh,2354.682
Aizawl,Chennai,2377.821
Aizawl,Coimbatore,2799.905
Aizawl,Darbhanga,1185.733
Aizawl,Davangere,2614.548
Aizawl,Dehradun,2204.965
Aizawl,Delhi,2127.321
Aizawl,Deoghar,930.315
Aizawl,Dhanbad,947.252
Aizawl,Dibrugarh,697.348
Aizawl,Dindigul,2796.973
Aizawl,Durgapur,846.657
Aizawl,Erode,2694.579
Aizawl,Etawah,1817.304
Aizawl,Farrukhabad,1827.391
Aizawl,Gaya,1158.677
Aizawl,Giridih,990.311
Aizawl,Gorakhpur,1484.202
Aizawl,Guwahati,471.696
Aizawl,Gwalior,1927.496
Aizawl,Hazaribagh,1065.983
Aizawl,Hisar,2311.117
Aizawl,Hubballi,2630.129
Aizawl,Hyderabad,2133.295
Aizawl,Imphal,404.418
Aizawl,Indore,2267.022
Aizawl,Jabalpur,1808.367
Aizawl,Jaipur,2176.765
Aizawl,Jalandhar,2447.864
Aizawl,Jalgaon,2265.354
Aizawl,Jammu,2666.403
Aizawl,Jamnagar,2955.863
Aizawl,Jamshedpur,983.334
Aizawl,Jhansi,1884.129
Aizawl,Jodhpur,2509.206
Aizawl,Kakinada,1724.092
Aizawl,Kalaburagi,2370.859
Aizawl,Kanpur,1688.790
Aizawl,Karnal,2198.958
Aizawl,Karur,2721.277
Aizawl,Kochi,2981.346
Aizawl,Kolhapur,2664.305
Aizawl,Kolkata,709.888
Aizawl,Kollam,3107.224
Aizawl,Korba,1464.207
Aizawl,Kota,2205.224
Aizawl,Kozhikode,2878.055
Aizawl,Kurnool,2249.338
Aizawl,Latur,2324.132
Aizawl,Lucknow,1644.038
Aizawl,Ludhiana,2387.957
Aizawl,Madurai,2828.387
Aizawl,Mangaluru,2847.670
Aizawl,Mathura,1998.904
Aizawl,Meerut,2087.996
Aizawl,Moradabad,1996.345
Aizawl,Mumbai,2588.748
Aizawl,Muzaffarnagar,2144.739
Aizawl,Muzaffarpur,1243.358
Aizawl,Mysuru,2670.832
Aizawl,Nagercoil,3079.684
Aizawl,Nagpur,1816.656
Aizawl,Nanded,2205.259
Aizawl,Nashik,2436.572
Aizawl,Nellore,2202.240
Aizawl,Pathankot,2558.756
Aizawl,Patiala,2331.579
Aizawl,Patna,1174.214
Aizawl,Prayagraj,1468.113
Aizawl,Puducherry,2544.617
Aizawl,Pune,2490.672
Aizawl,Purnia,860.359
Aizawl,Raipur,1531.016
Aizawl,Rajamahendravaram,1759.872
Aizawl,Rajapalayam,2946.774
Aizawl,Rajkot,2866.828
Aizawl,Ranchi,1100.658
Aizawl,Ratlam,2415.943
Aizawl,Rewa,1561.565
Aizawl,Rohtak,2200.050
Aizawl,Rourkela,1158.111
Aizawl,Saharanpur,2218.529
Aizawl,Salem,2630.182
Aizawl,Sambalpur,1258.037
Aizawl,Satna,1620.075
Aizawl,Saugor,1920.860
Aizawl,Shillong,374.081
Aizawl,Shimla,2446.782
Aizawl,Shivamogga,2656.179
Aizawl,Sholapur,2450.477
Aizawl,Silchar,168.890
Aizawl,Siliguri,884.456
Aizawl,Sitapur,1731.154
Aizawl,Sonipat,2158.803
Aizawl,Srinagar,2866.172
Aizawl,Surat,2586.841
Aizawl,Thanjavur,2705.347
Aizawl,Thiruvananthapuram,3148.414
Aizawl,Thrissur,2905.761
Aizawl,Tiruchirappalli,2699.974
Aizawl,Tirunelveli,2998.321
Aizawl,Tirupati,2339.831
Aizawl,Tiruppur,2749.414
Aizawl,Tumkur,2537.679
Aizawl,Udaipur,2479.419
Aizawl,Udupi,2801.803
Aizawl,Ujjain,2302.680
Aizawl,Vadodara,2569.300
Aizawl,Varanasi,1346.700
Aizawl,Vellore,2442.163
Aizawl,Vijayawada,1912.519
Aizawl,Visakhapatnam,1582.115
Aizawl,Warangal,2064.089
Ajmer,Akola,928.567
Ajmer,Aligarh,415.547
Ajmer,Alwar,266.254
Ajmer,Amravati,876.420
Ajmer,Amritsar,736.573
Ajmer,Anantapur,1627.268
Ajmer,Arrah,1155.863
Ajmer,Aurangabad,1125.743
Ajmer,Azamgarh,966.836
Ajmer,Ballari,1527.372
Ajmer,Bareilly,570.111
Ajmer,Bathinda,554.414
Ajmer,Begusarai,1327.533
Ajmer,Belagavi,1375.756
Ajmer,Bengaluru,1785.060
Ajmer,Bhagalpur,1431.656
Ajmer,Bhopal,549.293
Ajmer,Bhubaneswar,1744.392
Ajmer,Bikaner,263.303
Ajmer,Bilaspur,1177.745
Ajmer,Brahmapur,1723.744
Ajmer,Chandigarh,611.087
Ajmer,Chennai,1984.772
Ajmer,Coimbatore,2033.051
Ajmer,Darbhanga,1273.376
Ajmer,Davangere,1578.658
Ajmer,Dehradun,644.426
Ajmer,Delhi,426.371
Ajmer,Deoghar,1433.737
Ajmer,Dhanbad,1372.552
Ajmer,Dibrugarh,2403.905
Ajmer,Dindigul,2145.428
Ajmer,Durgapur,1469.390
Ajmer,Erode,2029.018
Ajmer,Etawah,494.171
Ajmer,Farrukhabad,577.784
Ajmer,Gaya,1203.724
Ajmer,Giridih,1362.039
Ajmer,Gorakhpur,970.995
Ajmer,Guwahati,1991.308
Ajmer,Gwalior,446.347
Ajmer,Hazaribagh,1283.409
Ajmer,Hisar,397.283
Ajmer,Hubballi,1461.908
Ajmer,Hyderabad,1314.265
Ajmer,Imphal,2451.053
Ajmer,Indore,509.492
Ajmer,Jabalpur,815.364
Ajmer,Jaipur,132.864
Ajmer,Jalandhar,714.284
Ajmer,Jalgaon,776.741
Ajmer,Jammu,935.546
Ajmer,Jamnagar,773.477
Ajmer,Jamshedpur,1500.078
Ajmer,Jhansi,526.056
Ajmer,Jodhpur,204.914
Ajmer,Kakinada,1709.178
Ajmer,Kalaburagi,1301.619
Ajmer,Kanpur,652.295
Ajmer,Karnal,514.353
Ajmer,Karur,2069.731
Ajmer,Kochi,2172.474
Ajmer,Kolhapur,1326.724
Ajmer,Kolkata,1636.468
Ajmer,Kollam,2312.753
Ajmer,Korba,1261.232
Ajmer,Kota,207.513
Ajmer,Kozhikode,2047.652
Ajmer,Kurnool,1507.168
Ajmer,Latur,1161.840
Ajmer,Lucknow,699.577
Ajmer,Ludhiana,635.886
Ajmer,Madurai,2212.269
Ajmer,Mangaluru,1806.370
Ajmer,Mathura,354.580
Ajmer,Meerut,489.461
Ajmer,Moradabad,596.238
Ajmer,Mumbai,968.614
Ajmer,Muzaffarnagar,546.239
Ajmer,Muzaffarpur,1215.362
Ajmer,Mysuru,1840.430
Ajmer,Nagercoil,2428.139
Ajmer,Nagpur,900.310
Ajmer,Nanded,1043.115
Ajmer,Nashik,918.611
Ajmer,Nellore,1809.191
Ajmer,Pathankot,827.899
Ajmer,Patiala,566.821
Ajmer,Patna,1207.630
Ajmer,Prayagraj,846.171
Ajmer,Puducherry,2074.320
Ajmer,Pune,1097.617
Ajmer,Purnia,1461.696
Ajmer,Raipur,1185.753
Ajmer,Rajamahendravaram,1651.223
Ajmer,Rajapalayam,2295.229
Ajmer,Rajkot,741.666
Ajmer,Ranchi,1379.293
Ajmer,Ratlam,404.221
Ajmer,Rewa,854.442
Ajmer,Rohtak,406.168
Ajmer,Rourkela,1547.854
Ajmer,Saharanpur,564.387
Ajmer,Salem,1977.136
Ajmer,Sambalpur,1456.722
Ajmer,Satna,799.426
Ajmer,Saugor,657.390
Ajmer,Shillong,2079.906
Ajmer,Shimla,709.952
Ajmer,Shivamogga,1654.600
Ajmer,Sholapur,1197.290
Ajmer,Silchar,2219.597
Ajmer,Siliguri,1571.911
Ajmer,Sitapur,699.999
Ajmer,Sonipat,432.515
Ajmer,Srinagar,1135.314
Ajmer,Surat,708.820
Ajmer,Thanjavur,2158.457
Ajmer,Thiruvananthapuram,2384.110
Ajmer,Thrissur,2103.032
Ajmer,Tiruchirappalli,2111.445
Ajmer,Tirunelveli,2346.776
Ajmer,Tirupati,1844.579
Ajmer,Tiruppur,2072.934
Ajmer,Tumkur,1714.615
Ajmer,Udaipur,264.302
Ajmer,Udupi,1753.439
Ajmer,Ujjain,453.371
Ajmer,Vadodara,574.918
Ajmer,Varanasi,969.606
Ajmer,Vellore,1931.624
Ajmer,Vijayawada,1589.840
Ajmer,Visakhapatnam,1721.182
Ajmer,Warangal,1343.021
Akola,Aligarh,1014.999
Akola,Alwar,1022.981
Akola,Amravati,94.963
Akola,Amritsar,1581.044
Akola,Anantapur,819.375
Akola,Arrah,1190.765
Akola,Aurangabad,1161.290
Akola,Azamgarh,1079.724
Akola,Ballari,769.630
Akola,Bareilly,1175.851
Akola,Bathinda,1470.972
Akola,Begusarai,1360.545
Akola,Belagavi,711.080
Akola,Bengaluru,1030.481
Akola,Bhagalpur,1464.667
Akola,Bhopal,377.758
Akola,Bhubaneswar,1117.751
Akola,Bikaner,1188.984
Akola,Bilaspur,672.081
Akola,Brahmapur,1097.102
Akola,Chandigarh,1414.740
Akola,Chennai,1121.809
Akola,Coimbatore,1326.350
Akola,Darbhanga,1367.179
Akola,Davangere,856.740
Akola,Dehradun,1364.284
Akola,Delhi,1146.229
Akola,Deoghar,1354.420
Akola,Dhanbad,1256.691
Akola,Dibrugarh,2492.285
Akola,Dindigul,1380.997
Akola,Durgapur,1362.808
Akola,Erode,1264.588
Akola,Etawah,918.401
Akola,Farrukhabad,1018.344
Akola,Gaya,1239.271
Akola,Giridih,1286.382
Akola,Gorakhpur,1161.680
Akola,Guwahati,2079.688
Akola,Gwalior,796.175
Akola,Hazaribagh,1197.395
Akola,Hisar,1242.764
Akola,Hubballi,739.991
Akola,Hyderabad,483.281
Akola,Imphal,2281.267
Akola,Indore,320.567
Akola,Jabalpur,557.026
Akola,Jaipur,957.309
Akola,Jalandhar,1497.940
Akola,Jalgaon,181.220
Akola,Jammu,1716.479
Akola,Jamnagar,907.000
Akola,Jamshedpur,1219.780
Akola,Jhansi,720.434
Akola,Jodhpur,1024.671
Akola,Kakinada,889.667
Akola,Kalaburagi,463.421
Akola,Kanpur,901.842
Akola,Karnal,1289.438
Akola,Karur,1305.301
Akola,Kochi,1465.774
Akola,Kolhapur,645.680
Akola,Kolkata,1390.874
Akola,Kollam,1606.053
Akola,Korba,755.924
Akola,Kota,717.662
Akola,Kozhikode,1340.952
Akola,Kurnool,676.184
Akola,Latur,309.349
Akola,Lucknow,983.830
Akola,Ludhiana,1438.816
Akola,Madurai,1447.838
Akola,Mangaluru,1096.398
Akola,Mathura,1074.594
Akola,Meerut,1209.319
Akola,Moradabad,1265.511
Akola,Mumbai,571.555
Akola,Muzaffarnagar,1266.097
Akola,Muzaffarpur,1300.910
Akola,Mysuru,1133.730
Akola,Nagercoil,1663.708
Akola,Nagpur,277.695
Akola,Nanded,212.131
Akola,Nashik,419.379
Akola,Nellore,946.227
Akola,Pathankot,1608.833
Akola,Patiala,1382.005
Akola,Patna,1240.641
Akola,Prayagraj,916.120
Akola,Puducherry,1225.154
Akola,Pune,473.479
Akola,Purnia,1535.940
Akola,Raipur,559.112
Akola,Rajamahendravaram,831.712
Akola,Rajapalayam,1530.799
Akola,Rajkot,817.966
Akola,Ranchi,1101.019
Akola,Ratlam,488.013
Akola,Rewa,780.908
Akola,Rohtak,1203.472
Akola,Rourkela,994.625
Akola,Saharanpur,1306.228
Akola,Salem,1212.705
Akola,Sambalpur,830.080
Akola,Satna,752.144
Akola,Saugor,540.659
Akola,Shillong,2045.065
Akola,Shimla,1513.604
Akola,Shivamogga,932.683
Akola,Sholapur,444.134
Akola,Silchar,2023.043
Akola,Siliguri,1660.291
Akola,Sitapur,1077.978
Akola,Sonipat,1189.482
Akola,Srinagar,1916.248
Akola,Surat,502.706
Akola,Thanjavur,1342.898
Akola,Thiruvananthapuram,1732.438
Akola,Thrissur,1396.331
Akola,Tiruchirappalli,1337.525
Akola,Tirunelveli,1582.345
Akola,Tirupati,1013.595
Akola,Tiruppur,1308.503
Akola,Tumkur,992.697
Akola,Udaipur,767.654
Akola,Udupi,1043.467
Akola,Ujjain,370.380
Akola,Vadodara,530.877
Akola,Varanasi,1015.421
Akola,Vellore,1072.089
Akola,Vijayawada,748.186
Akola,Visakhapatnam,1015.705
Akola,Warangal,523.510
Aligarh,Alwar,175.067
Aligarh,Amravati,985.124
Aligarh,Amritsar,590.957
Aligarh,Anantapur,1783.795
Aligarh,Arrah,787.360
Aligarh,Aurangabad,792.906
Aligarh,Azamgarh,598.333
Aligarh,Ballari,1756.322
Aligarh,Bareilly,178.574
Aligarh,Bathinda,498.049
Aligarh,Begusarai,959.029
Aligarh,Belagavi,1604.706
Aligarh,Bengaluru,2014.009
Aligarh,Bhagalpur,1063.152
Aligarh,Bhopal,663.045
Aligarh,Bhubaneswar,1483.289
Aligarh,Bikaner,526.157
Aligarh,Bilaspur,989.172
Aligarh,Brahmapur,1552.620
Aligarh,Chandigarh,386.263
Aligarh,Chennai,1997.021
Aligarh,Coimbatore,2262.001
Aligarh,Darbhanga,904.872
Aligarh,Davangere,1807.607
Aligarh,Dehradun,327.844
Aligarh,Delhi,143.730
Aligarh,Deoghar,1100.900
Aligarh,Dhanbad,1039.716
Aligarh,Dibrugarh,2035.402
Aligarh,Dindigul,2374.377
Aligarh,Durgapur,1136.553
Aligarh,Erode,2257.968
Aligarh,Etawah,181.946
Aligarh,Farrukhabad,184.688
Aligarh,Gaya,870.887
Aligarh,Giridih,1029.203
Aligarh,Gorakhpur,602.491
Aligarh,Guwahati,1622.804
Aligarh,Gwalior,209.994
Aligarh,Hazaribagh,950.572
Aligarh,Hisar,337.581
Aligarh,Hubballi,1690.858
Aligarh,Hyderabad,1406.748
Aligarh,Imphal,2082.550
Aligarh,Indore,712.339
Aligarh,Jabalpur,668.748
Aligarh,Jaipur,283.800
Aligarh,Jalandhar,511.047
Aligarh,Jalgaon,1005.690
Aligarh,Jammu,729.586
Aligarh,Jamnagar,1184.803
Aligarh,Jamshedpur,1167.242
Aligarh,Jhansi,324.340
Aligarh,Jodhpur,616.241
Aligarh,Kakinada,1674.293
Aligarh,Kalaburagi,1530.568
Aligarh,Kanpur,303.856
Aligarh,Karnal,262.131
Aligarh,Karur,2298.681
Aligarh,Kochi,2401.424
Aligarh,Kolhapur,1521.470
Aligarh,Kolkata,1303.632
Aligarh,Kollam,2541.703
Aligarh,Korba,1103.653
Aligarh,Kota,447.394
Aligarh,Kozhikode,2276.602
Aligarh,Kurnool,1640.604
Aligarh,Latur,1390.790
Aligarh,Lucknow,331.073
Aligarh,Ludhiana,451.140
Aligarh,Madurai,2441.218
Aligarh,Mangaluru,2035.319
Aligarh,Mathura,62.274
Aligarh,Meerut,138.875
Aligarh,Moradabad,160.693
Aligarh,Mumbai,1311.955
Aligarh,Muzaffarnagar,195.618
Aligarh,Muzaffarpur,846.858
Aligarh,Mysuru,2069.380
Aligarh,Nagercoil,2657.088
Aligarh,Nagpur,912.559
Aligarh,Nanded,1249.724
Aligarh,Nashik,1126.629
Aligarh,Nellore,1821.440
Aligarh,Pathankot,621.940
Aligarh,Patiala,394.762
Aligarh,Patna,839.126
Aligarh,Prayagraj,521.230
Aligarh,Puducherry,2163.817
Aligarh,Pune,1312.979
Aligarh,Purnia,1093.193
Aligarh,Raipur,1025.342
Aligarh,Rajamahendravaram,1649.208
Aligarh,Rajapalayam,2524.179
Aligarh,Rajkot,1168.838
Aligarh,Ranchi,1046.457
Aligarh,Ratlam,661.001
Aligarh,Rewa,645.957
Aligarh,Rohtak,226.513
Aligarh,Rourkela,1215.017
Aligarh,Saharanpur,269.408
Aligarh,Salem,2206.086
Aligarh,Sambalpur,1184.736
Aligarh,Satna,593.876
Aligarh,Saugor,526.301
Aligarh,Shillong,1711.402
Aligarh,Shimla,493.550
Aligarh,Shivamogga,1883.549
Aligarh,Sholapur,1426.239
Aligarh,Silchar,1886.760
Aligarh,Siliguri,1203.408
Aligarh,Sitapur,326.037
Aligarh,Sonipat,185.267
Aligarh,Srinagar,929.355
Aligarh,Surat,1052.160
Aligarh,Thanjavur,2307.318
Aligarh,Thiruvananthapuram,2613.059
Aligarh,Thrissur,2331.981
Aligarh,Tiruchirappalli,2340.394
Aligarh,Tirunelveli,2575.725
Aligarh,Tirupati,1959.031
Aligarh,Tiruppur,2301.883
Aligarh,Tumkur,1943.564
Aligarh,Udaipur,660.059
Aligarh,Udupi,1982.389
Aligarh,Ujjain,656.218
Aligarh,Vadodara,916.239
Aligarh,Varanasi,636.769
Aligarh,Vellore,2036.509
Aligarh,Vijayawada,1602.088
Aligarh,Visakhapatnam,1604.609
Aligarh,Warangal,1355.270
Alwar,Amravati,972.098
Alwar,Amritsar,591.167
Alwar,Anantapur,1746.458
Alwar,Arrah,947.915
Alwar,Aurangabad,917.795
Alwar,Azamgarh,758.889
Alwar,Ballari,1646.562
Alwar,Bareilly,329.576
Alwar,Bathinda,481.094
Alwar,Begusarai,1119.585
Alwar,Belagavi,1494.946
Alwar,Bengaluru,1904.250
Alwar,Bhagalpur,1223.707
Alwar,Bhopal,644.971
Alwar,Bhubaneswar,1568.989
Alwar,Bikaner,410.075
Alwar,Bilaspur,1033.311
Alwar,Brahmapur,1596.759
Alwar,Chandigarh,424.862
Alwar,Chennai,2080.450
Alwar,Coimbatore,2152.241
Alwar,Darbhanga,1065.428
Alwar,Davangere,1697.848
Alwar,Dehradun,391.197
Alwar,Delhi,173.142
Alwar,Deoghar,1225.789
Alwar,Dhanbad,1164.604
Alwar,Dibrugarh,2195.958
Alwar,Dindigul,2264.618
Alwar,Durgapur,1261.442
Alwar,Erode,2148.209
Alwar,Etawah,286.224
Alwar,Farrukhabad,335.341
Alwar,Gaya,995.776
Alwar,Giridih,1154.091
Alwar,Gorakhpur,763.047
Alwar,Guwahati,1783.360
Alwar,Gwalior,254.133
Alwar,Hazaribagh,1075.460
Alwar,Hisar,240.862
Alwar,Hubballi,1581.099
Alwar,Hyderabad,1407.353
Alwar,Imphal,2243.106
Alwar,Indore,602.580
Alwar,Jabalpur,712.888
Alwar,Jaipur,134.293
Alwar,Jalandhar,508.063
Alwar,Jalgaon,895.931
Alwar,Jammu,726.602
Alwar,Jamnagar,1036.564
Alwar,Jamshedpur,1292.130
Alwar,Jhansi,368.479
Alwar,Jodhpur,468.002
Alwar,Kakinada,1718.432
Alwar,Kalaburagi,1420.809
Alwar,Kanpur,444.347
Alwar,Karnal,299.560
Alwar,Karur,2188.922
Alwar,Kochi,2291.664
Alwar,Kolhapur,1411.711
Alwar,Kolkata,1428.520
Alwar,Kollam,2431.943
Alwar,Korba,1116.798
Alwar,Kota,337.635
Alwar,Kozhikode,2166.843
Alwar,Kurnool,1600.255
Alwar,Latur,1281.031
Alwar,Lucknow,491.629
Alwar,Ludhiana,448.939
Alwar,Madurai,2331.459
Alwar,Mangaluru,1925.560
Alwar,Mathura,111.976
Alwar,Meerut,236.232
Alwar,Moradabad,343.009
Alwar,Mumbai,1202.195
Alwar,Muzaffarnagar,293.010
Alwar,Muzaffarpur,1007.414
Alwar,Mysuru,1959.620
Alwar,Nagercoil,2547.329
Alwar,Nagpur,995.987
Alwar,Nanded,1136.202
Alwar,Nashik,1016.870
Alwar,Nellore,1904.869
Alwar,Pathankot,618.955
Alwar,Patiala,392.127
Alwar,Patna,999.682
Alwar,Prayagraj,638.223
Alwar,Puducherry,2193.510
Alwar,Pune,1203.220
Alwar,Purnia,1253.748
Alwar,Raipur,1069.482
Alwar,Rajamahendravaram,1746.901
Alwar,Rajapalayam,2414.419
Alwar,Rajkot,1059.079
Alwar,Ranchi,1171.345
Alwar,Ratlam,551.242
Alwar,Rewa,745.281
Alwar,Rohtak,213.594
Alwar,Rourkela,1339.906
Alwar,Saharanpur,333.141
Alwar,Salem,2096.326
Alwar,Sambalpur,1281.318
Alwar,Satna,640.248
Alwar,Saugor,570.440
Alwar,Shillong,1871.958
Alwar,Shimla,523.727
Alwar,Shivamogga,1773.790
Alwar,Sholapur,1316.480
Alwar,Silchar,2011.649
Alwar,Siliguri,1363.964
Alwar,Sitapur,477.040
Alwar,Sonipat,222.696
Alwar,Srinagar,926.370
Alwar,Surat,942.401
Alwar,Thanjavur,2277.647
Alwar,Thiruvananthapuram,2503.300
Alwar,Thrissur,2222.222
Alwar,Tiruchirappalli,2230.635
Alwar,Tirunelveli,2465.966
Alwar,Tirupati,1937.666
Alwar,Tiruppur,2192.124
Alwar,Tumkur,1833.805
Alwar,Udaipur,527.389
Alwar,Udupi,1872.629
Alwar,Ujjain,546.459
Alwar,Vadodara,806.479
Alwar,Varanasi,761.658
Alwar,Vellore,2050.814
Alwar,Vijayawada,1685.517
Alwar,Visakhapatnam,1648.748
Alwar,Warangal,1438.699
Amravati,Amritsar,1529.341
Amravati,Anantapur,882.746
Amravati,Arrah,1063.947
Amravati,Aurangabad,1034.473
Amravati,Azamgarh,952.907
Amravati,Ballari,833.002
Amravati,Bareilly,1107.908
Amravati,Bathinda,1419.268
Amravati,Begusarai,1233.727
Amravati,Belagavi,781.227
Amravati,Bengaluru,1093.853
Amravati,Bhagalpur,1337.850
Amravati,Bhopal,326.055
Amravati,Bhubaneswar,1021.175
Amravati,Bikaner,1137.281
Amravati,Bilaspur,575.505
Amravati,Brahmapur,1000.526
Amravati,Chandigarh,1363.036
Amravati,Chennai,1118.632
Amravati,Coimbatore,1381.281
Amravati,Darbhanga,1240.362
Amravati,Davangere,926.888
Amravati,Dehradun,1312.580
Amravati,Delhi,1094.525
Amravati,Deoghar,1257.843
Amravati,Dhanbad,1160.115
Amravati,Dibrugarh,2365.468
Amravati,Dindigul,1444.369
Amravati,Durgapur,1266.231
Amravati,Erode,1327.959
Amravati,Etawah,866.698
Amravati,Farrukhabad,966.640
Amravati,Gaya,1112.454
Amravati,Giridih,1189.806
Amravati,Gorakhpur,1034.862
Amravati,Guwahati,1952.870
Amravati,Gwalior,744.472
Amravati,Hazaribagh,1100.819
Amravati,Hisar,1191.061
Amravati,Hubballi,810.138
Amravati,Hyderabad,546.653
Amravati,Imphal,2184.691
Amravati,Indore,407.685
Amravati,Jabalpur,430.209
Amravati,Jaipur,905.606
Amravati,Jalandhar,1446.237
Amravati,Jalgaon,275.533
Amravati,Jammu,1664.776
Amravati,Jamnagar,1001.313
Amravati,Jamshedpur,1123.204
Amravati,Jhansi,668.731
Amravati,Jodhpur,1044.479
Amravati,Kakinada,838.718
Amravati,Kalaburagi,526.793
Amravati,Kanpur,833.899
Amravati,Karnal,1237.734
Amravati,Karur,1368.672
Amravati,Kochi,1520.704
Amravati,Kolhapur,715.828
Amravati,Kolkata,1294.297
Amravati,Kollam,1660.983
Amravati,Korba,659.348
Amravati,Kota,665.959
Amravati,Kozhikode,1395.882
Amravati,Kurnool,739.555
Amravati,Latur,375.655
Amravati,Lucknow,915.887
Amravati,Ludhiana,1387.113
Amravati,Madurai,1511.210
Amravati,Mangaluru,1166.545
Amravati,Mathura,1022.891
Amravati,Meerut,1157.616
Amravati,Moradabad,1197.568
Amravati,Mumbai,640.271
Amravati,Muzaffarnagar,1214.394
Amravati,Muzaffarpur,1174.093
Amravati,Mysuru,1188.660
Amravati,Nagercoil,1727.080
Amravati,Nagpur,153.866
Amravati,Nanded,275.502
Amravati,Nashik,488.095
Amravati,Nellore,943.051
Amravati,Pathankot,1557.130
Amravati,Patiala,1330.302
Amravati,Patna,1113.824
Amravati,Prayagraj,789.302
Amravati,Puducherry,1288.526
Amravati,Pune,542.195
Amravati,Purnia,1409.123
Amravati,Raipur,462.536
Amravati,Rajamahendravaram,780.763
Amravati,Rajapalayam,1594.170
Amravati,Rajkot,912.279
Amravati,Ranchi,1004.442
Amravati,Ratlam,541.820
Amravati,Rewa,654.091
Amravati,Rohtak,1151.768
Amravati,Rourkela,898.049
Amravati,Saharanpur,1254.524
Amravati,Salem,1276.077
Amravati,Sambalpur,733.504
Amravati,Satna,625.326
Amravati,Saugor,488.956
Amravati,Shillong,1948.488
Amravati,Shimla,1461.901
Amravati,Shivamogga,1002.830
Amravati,Sholapur,514.281
Amravati,Silchar,1926.466
Amravati,Siliguri,1533.474
Amravati,Sitapur,1010.035
Amravati,Sonipat,1137.778
Amravati,Srinagar,1864.545
Amravati,Surat,597.019
Amravati,Thanjavur,1406.269
Amravati,Thiruvananthapuram,1795.810
Amravati,Thrissur,1451.262
Amravati,Tiruchirappalli,1400.897
Amravati,Tirunelveli,1645.717
Amravati,Tirupati,1076.966
Amravati,Tiruppur,1371.875
Amravati,Tumkur,1062.845
Amravati,Udaipur,823.597
Amravati,Udupi,1113.615
Amravati,Ujjain,443.344
Amravati,Vadodara,625.190
Amravati,Varanasi,888.603
Amravati,Vellore,1135.460
Amravati,Vijayawada,719.379
Amravati,Visakhapatnam,957.686
Amravati,Warangal,472.561
Amritsar,Anantapur,2303.769
Amritsar,Arrah,1340.957
Amritsar,Aurangabad,1341.478
Amritsar,Azamgarh,1151.930
Amritsar,Ballari,2203.874
Amritsar,Bareilly,674.828
Amritsar,Bathinda,183.402
Amritsar,Begusarai,1512.627
Amritsar,Belagavi,2052.258
Amritsar,Bengaluru,2461.561
Amritsar,Bhagalpur,1616.749
Amritsar,Bhopal,1202.282
Amritsar,Bhubaneswar,2031.861
Amritsar,Bikaner,490.908
Amritsar,Bilaspur,1552.298
Amritsar,Brahmapur,2115.745
Amritsar,Chandigarh,229.028
Amritsar,Chennai,2637.761
Amritsar,Coimbatore,2709.552
Amritsar,Darbhanga,1458.469
Amritsar,Davangere,2255.159
Amritsar,Dehradun,405.938
Amritsar,Delhi,465.533
Amritsar,Deoghar,1649.472
Amritsar,Dhanbad,1588.287
Amritsar,Dibrugarh,2588.999
Amritsar,Dindigul,2821.929
Amritsar,Durgapur,1685.125
Amritsar,Erode,2705.520
Amritsar,Etawah,779.748
Amritsar,Farrukhabad,748.470
Amritsar,Gaya,1419.459
Amritsar,Giridih,1577.774
Amritsar,Gorakhpur,1156.089
Amritsar,Guwahati,2176.402
Amritsar,Gwalior,773.120
Amritsar,Hazaribagh,1499.144
Amritsar,Hisar,337.324
Amritsar,Hubballi,2138.410
Amritsar,Hyderabad,1964.665
Amritsar,Imphal,2636.148
Amritsar,Indore,1159.891
Amritsar,Jabalpur,1231.874
Amritsar,Jaipur,636.182
Amritsar,Jalandhar,79.759
Amritsar,Jalgaon,1453.243
Amritsar,Jammu,199.536
Amritsar,Jamnagar,1261.028
Amritsar,Jamshedpur,1715.814
Amritsar,Jhansi,887.466
Amritsar,Jodhpur,702.251
Amritsar,Kakinada,2237.419
Amritsar,Kalaburagi,1978.120
Amritsar,Kanpur,895.822
Amritsar,Karnal,329.664
Amritsar,Karur,2746.233
Amritsar,Kochi,2848.976
Amritsar,Kolhapur,1969.023
Amritsar,Kolkata,1852.204
Amritsar,Kollam,2989.255
Amritsar,Korba,1634.846
Amritsar,Kota,894.946
Amritsar,Kozhikode,2724.154
Amritsar,Kurnool,2157.567
Amritsar,Latur,1838.342
Amritsar,Lucknow,884.670
Amritsar,Ludhiana,140.469
Amritsar,Madurai,2888.770
Amritsar,Mangaluru,2482.872
Amritsar,Mathura,597.689
Amritsar,Meerut,440.142
Amritsar,Moradabad,557.042
Amritsar,Mumbai,1634.657
Amritsar,Muzaffarnagar,411.433
Amritsar,Muzaffarpur,1400.456
Amritsar,Mysuru,2516.932
Amritsar,Nagercoil,3104.640
Amritsar,Nagpur,1553.299
Amritsar,Nanded,1693.514
Amritsar,Nashik,1574.181
Amritsar,Nellore,2462.180
Amritsar,Pathankot,112.800
Amritsar,Patiala,252.357
Amritsar,Patna,1392.724
Amritsar,Prayagraj,1069.802
Amritsar,Puducherry,2750.822
Amritsar,Pune,1760.531
Amritsar,Purnia,1646.790
Amritsar,Raipur,1588.468
Amritsar,Rajamahendravaram,2212.334
Amritsar,Rajapalayam,2971.731
Amritsar,Rajkot,1243.184
Amritsar,Ranchi,1595.029
Amritsar,Ratlam,1108.553
Amritsar,Rewa,1199.641
Amritsar,Rohtak,387.684
Amritsar,Rourkela,1763.589
Amritsar,Saharanpur,345.529
Amritsar,Salem,2653.638
Amritsar,Sambalpur,1733.309
Amritsar,Satna,1186.726
Amritsar,Saugor,1089.427
Amritsar,Shillong,2265.000
Amritsar,Shimla,333.132
Amritsar,Shivamogga,2331.102
Amritsar,Sholapur,1873.791
Amritsar,Silchar,2435.332
Amritsar,Siliguri,1757.005
Amritsar,Sitapur,818.147
Amritsar,Sonipat,404.579
Amritsar,Srinagar,399.305
Amritsar,Surat,1374.863
Amritsar,Thanjavur,2834.959
Amritsar,Thiruvananthapuram,3060.611
Amritsar,Thrissur,2779.534
Amritsar,Tiruchirappalli,2787.946
Amritsar,Tirunelveli,3023.277
Amritsar,Tirupati,2494.977
Amritsar,Tiruppur,2749.436
Amritsar,Tumkur,2391.117
Amritsar,Udaipur,955.583
Amritsar,Udupi,2429.941
Amritsar,Ujjain,1103.770
Amritsar,Vadodara,1238.374
Amritsar,Varanasi,1185.341
Amritsar,Vellore,2608.125
Amritsar,Vijayawada,2242.829
Amritsar,Visakhapatnam,2167.735
Amritsar,Warangal,1996.010
Anantapur,Arrah,1784.593
Anantapur,Aurangabad,1698.422
Anantapur,Azamgarh,1673.553
Anantapur,Ballari,100.160
Anantapur,Bareilly,1866.262
Anantapur,Bathinda,2197.095
Anantapur,Begusarai,1941.028
Anantapur,Belagavi,406.052
Anantapur,Bengaluru,212.046
Anantapur,Bhagalpur,1967.102
Anantapur,Bhopal,1193.362
Anantapur,Bhubaneswar,1247.109
Anantapur,Bikaner,1925.055
Anantapur,Bilaspur,1216.770
Anantapur,Brahmapur,1076.607
Anantapur,Chandigarh,2140.863
Anantapur,Chennai,414.160
Anantapur,Coimbatore,544.064
Anantapur,Darbhanga,1959.738
Anantapur,Davangere,221.914
Anantapur,Dehradun,2090.406
Anantapur,Delhi,1872.351
Anantapur,Deoghar,1876.808
Anantapur,Dhanbad,1741.897
Anantapur,Dibrugarh,2837.149
Anantapur,Dindigul,566.067
Anantapur,Durgapur,1723.340
Anantapur,Erode,449.658
Anantapur,Etawah,1667.139
Anantapur,Farrukhabad,1735.328
Anantapur,Gaya,1772.504
Anantapur,Giridih,1806.070
Anantapur,Gorakhpur,1755.508
Anantapur,Guwahati,2431.050
Anantapur,Gwalior,1572.598
Anantapur,Hazaribagh,1742.083
Anantapur,Hisar,1968.887
Anantapur,Hubballi,310.295
Anantapur,Hyderabad,352.840
Anantapur,Imphal,2573.503
Anantapur,Indore,1146.228
Anantapur,Jabalpur,1150.855
Anantapur,Jaipur,1683.432
Anantapur,Jalandhar,2224.063
Anantapur,Jalgaon,903.108
Anantapur,Jammu,2442.602
Anantapur,Jamnagar,1530.620
Anantapur,Jamshedpur,1598.328
Anantapur,Jhansi,1465.717
Anantapur,Jodhpur,1721.123
Anantapur,Kakinada,685.935
Anantapur,Kalaburagi,388.357
Anantapur,Kanpur,1592.253
Anantapur,Karnal,2015.560
Anantapur,Karur,490.371
Anantapur,Kochi,725.505
Anantapur,Kolhapur,511.914
Anantapur,Kolkata,1683.109
Anantapur,Kollam,851.383
Anantapur,Korba,1300.613
Anantapur,Kota,1443.785
Anantapur,Kozhikode,584.970
Anantapur,Kurnool,145.859
Anantapur,Latur,533.982
Anantapur,Lucknow,1674.241
Anantapur,Ludhiana,2164.939
Anantapur,Madurai,632.908
Anantapur,Mangaluru,459.721
Anantapur,Mathura,1800.717
Anantapur,Meerut,1935.442
Anantapur,Moradabad,1955.921
Anantapur,Mumbai,827.776
Anantapur,Muzaffarnagar,1992.220
Anantapur,Muzaffarpur,1903.918
Anantapur,Mysuru,377.747
Anantapur,Nagercoil,848.778
Anantapur,Nagpur,870.437
Anantapur,Nanded,605.651
Anantapur,Nashik,813.740
Anantapur,Nellore,314.492
Anantapur,Pathankot,2334.956
Anantapur,Patiala,2108.128
Anantapur,Patna,1833.201
Anantapur,Prayagraj,1509.948
Anantapur,Puducherry,447.340
Anantapur,Pune,681.066
Anantapur,Purnia,2044.700
Anantapur,Raipur,1103.800
Anantapur,Rajamahendravaram,627.980
Anantapur,Rajapalayam,715.869
Anantapur,Rajkot,1441.586
Anantapur,Ranchi,1645.707
Anantapur,Ratlam,1221.982
Anantapur,Rewa,1374.736
Anantapur,Rohtak,1929.594
Anantapur,Rourkela,1517.708
Anantapur,Saharanpur,2032.351
Anantapur,Salem,397.776
Anantapur,Sambalpur,1308.785
Anantapur,Satna,1345.972
Anantapur,Saugor,1259.426
Anantapur,Shillong,2337.300
Anantapur,Shimla,2239.727
Anantapur,Shivamogga,263.546
Anantapur,Sholapur,460.749
Anantapur,Silchar,2315.278
Anantapur,Siliguri,2176.178
Anantapur,Sitapur,1768.388
Anantapur,Sonipat,1915.604
Anantapur,Srinagar,2642.370
Anantapur,Surat,1043.317
Anantapur,Thanjavur,562.769
Anantapur,Thiruvananthapuram,917.509
Anantapur,Thrissur,649.920
Anantapur,Tiruchirappalli,557.396
Anantapur,Tirunelveli,767.415
Anantapur,Tirupati,283.731
Anantapur,Tiruppur,493.573
Anantapur,Tumkur,186.825
Anantapur,Udaipur,1464.106
Anantapur,Udupi,409.169
Anantapur,Ujjain,1201.077
Anantapur,Vadodara,1166.799
Anantapur,Varanasi,1609.249
Anantapur,Vellore,304.644
Anantapur,Vijayawada,471.257
Anantapur,Visakhapatnam,811.973
Anantapur,Warangal,513.099
Arrah,Aurangabad,122.164
Arrah,Azamgarh,195.365
Arrah,Ballari,1787.575
Arrah,Bareilly,697.756
Arrah,Bathinda,1285.114
Arrah,Begusarai,173.504
Arrah,Belagavi,1830.445
Arrah,Bengaluru,1994.981
Arrah,Bhagalpur,277.626
Arrah,Bhopal,935.281
Arrah,Bhubaneswar,821.944
Arrah,Bikaner,1317.871
Arrah,Bilaspur,605.905
Arrah,Brahmapur,991.039
Arrah,Chandigarh,1168.210
Arrah,Chennai,1901.770
Arrah,Coimbatore,2323.854
Arrah,Darbhanga,180.139
Arrah,Davangere,1976.105
Arrah,Dehradun,1004.362
Arrah,Delhi,940.850
Arrah,Deoghar,298.367
Arrah,Dhanbad,368.974
Arrah,Dibrugarh,1305.245
Arrah,Dindigul,2320.922
Arrah,Durgapur,465.812
Arrah,Erode,2218.528
Arrah,Etawah,684.043
Arrah,Farrukhabad,640.919
Arrah,Gaya,130.797
Arrah,Giridih,326.000
Arrah,Gorakhpur,240.665
Arrah,Guwahati,892.647
Arrah,Gwalior,794.235
Arrah,Hazaribagh,279.830
Arrah,Hisar,1124.646
Arrah,Hubballi,1859.356
Arrah,Hyderabad,1406.828
Arrah,Imphal,1352.393
Arrah,Indore,1129.533
Arrah,Jabalpur,640.627
Arrah,Jaipur,1022.354
Arrah,Jalandhar,1261.392
Arrah,Jalgaon,1303.909
Arrah,Jammu,1479.931
Arrah,Jamnagar,1856.904
Arrah,Jamshedpur,496.500
Arrah,Jhansi,728.219
Arrah,Jodhpur,1354.795
Arrah,Kakinada,1404.777
Arrah,Kalaburagi,1521.173
Arrah,Kanpur,521.569
Arrah,Karnal,1012.486
Arrah,Karur,2245.226
Arrah,Kochi,2505.296
Arrah,Kolhapur,1765.045
Arrah,Kolkata,632.890
Arrah,Kollam,2631.173
Arrah,Korba,557.547
Arrah,Kota,1049.314
Arrah,Kozhikode,2353.785
Arrah,Kurnool,1640.683
Arrah,Latur,1424.872
Arrah,Lucknow,452.731
Arrah,Ludhiana,1201.485
Arrah,Madurai,2352.336
Arrah,Mangaluru,2215.763
Arrah,Mathura,828.097
Arrah,Meerut,901.524
Arrah,Moradabad,795.917
Arrah,Mumbai,1689.488
Arrah,Muzaffarnagar,958.268
Arrah,Muzaffarpur,113.870
Arrah,Mysuru,2146.562
Arrah,Nagercoil,2603.633
Arrah,Nagpur,909.545
Arrah,Nanded,1324.720
Arrah,Nashik,1537.312
Arrah,Nellore,1726.189
Arrah,Pathankot,1372.285
Arrah,Patiala,1145.108
Arrah,Patna,53.601
Arrah,Prayagraj,312.203
Arrah,Puducherry,2068.566
Arrah,Pune,1591.412
Arrah,Purnia,348.900
Arrah,Raipur,723.002
Arrah,Rajamahendravaram,1346.868
Arrah,Rajapalayam,2470.724
Arrah,Rajkot,1767.870
Arrah,Ranchi,375.715
Arrah,Ratlam,1260.033
Arrah,Rewa,405.655
Arrah,Rohtak,1013.578
Arrah,Rourkela,526.489
Arrah,Saharanpur,1032.057
Arrah,Salem,2154.132
Arrah,Sambalpur,631.581
Arrah,Satna,464.164
Arrah,Saugor,764.949
Arrah,Shillong,981.245
Arrah,Shimla,1260.310
Arrah,Shivamogga,2052.047
Arrah,Sholapur,1563.498
Arrah,Silchar,1186.513
Arrah,Siliguri,473.251
Arrah,Sitapur,539.847
Arrah,Sonipat,972.332
Arrah,Srinagar,1679.700
Arrah,Surat,1556.921
Arrah,Thanjavur,2229.297
Arrah,Thiruvananthapuram,2672.363
Arrah,Thrissur,2409.164
Arrah,Tiruchirappalli,2223.924
Arrah,Tirunelveli,2522.271
Arrah,Tirupati,1863.781
Arrah,Tiruppur,2273.364
Arrah,Tumkur,1969.760
Arrah,Udaipur,1323.509
Arrah,Udupi,2162.832
Arrah,Ujjain,1175.418
Arrah,Vadodara,1515.271
Arrah,Varanasi,190.789
Arrah,Vellore,1966.112
Arrah,Vijayawada,1455.719
Arrah,Visakhapatnam,1262.800
Arrah,Warangal,1306.676
Aurangabad,Azamgarh,243.706
Aurangabad,Ballari,1698.447
Aurangabad,Bareilly,721.259
Aurangabad,Bathinda,1286.159
Aurangabad,Begusarai,244.402
Aurangabad,Belagavi,1800.929
Aurangabad,Bengaluru,1905.852
Aurangabad,Bhagalpur,335.883
Aurangabad,Bhopal,905.765
Aurangabad,Bhubaneswar,689.676
Aurangabad,Bikaner,1322.098
Aurangabad,Bilaspur,485.446
Aurangabad,Brahmapur,858.772
Aurangabad,Chandigarh,1169.256
Aurangabad,Chennai,1781.311
Aurangabad,Coimbatore,2203.395
Aurangabad,Darbhanga,263.113
Aurangabad,Davangere,1835.335
Aurangabad,Dehradun,1019.539
Aurangabad,Delhi,941.895
Aurangabad,Deoghar,303.627
Aurangabad,Dhanbad,246.103
Aurangabad,Dibrugarh,1398.736
Aurangabad,Dindigul,2200.463
Aurangabad,Durgapur,342.940
Aurangabad,Erode,2098.070
Aurangabad,Etawah,631.877
Aurangabad,Farrukhabad,641.964
Aurangabad,Gaya,74.476
Aurangabad,Giridih,235.590
Aurangabad,Gorakhpur,303.398
Aurangabad,Guwahati,986.139
Aurangabad,Gwalior,742.070
Aurangabad,Hazaribagh,156.959
Aurangabad,Hisar,1125.691
Aurangabad,Hubballi,1829.840
Aurangabad,Hyderabad,1336.866
Aurangabad,Imphal,1351.372
Aurangabad,Indore,1100.017
Aurangabad,Jabalpur,611.111
Aurangabad,Jaipur,991.338
Aurangabad,Jalandhar,1262.438
Aurangabad,Jalgaon,1274.393
Aurangabad,Jammu,1480.977
Aurangabad,Jamnagar,1827.389
Aurangabad,Jamshedpur,373.629
Aurangabad,Jhansi,698.703
Aurangabad,Jodhpur,1323.779
Aurangabad,Kakinada,1272.509
Aurangabad,Kalaburagi,1472.873
Aurangabad,Kanpur,503.363
Aurangabad,Karnal,1013.532
Aurangabad,Karur,2124.767
Aurangabad,Kochi,2384.836
Aurangabad,Kolhapur,1735.529
Aurangabad,Kolkata,510.019
Aurangabad,Kollam,2510.714
Aurangabad,Korba,437.087
Aurangabad,Kota,1019.798
Aurangabad,Kozhikode,2264.657
Aurangabad,Kurnool,1551.555
Aurangabad,Latur,1395.357
Aurangabad,Lucknow,458.611
Aurangabad,Ludhiana,1202.531
Aurangabad,Madurai,2231.877
Aurangabad,Mangaluru,2130.807
Aurangabad,Mathura,813.478
Aurangabad,Meerut,902.570
Aurangabad,Moradabad,810.919
Aurangabad,Mumbai,1659.973
Aurangabad,Muzaffarnagar,959.313
Aurangabad,Muzaffarpur,207.292
Aurangabad,Mysuru,2057.434
Aurangabad,Nagercoil,2483.174
Aurangabad,Nagpur,880.029
Aurangabad,Nanded,1295.204
Aurangabad,Nashik,1507.796
Aurangabad,Nellore,1605.730
Aurangabad,Pathankot,1373.330
Aurangabad,Patiala,1146.153
Aurangabad,Patna,136.575
Aurangabad,Prayagraj,282.687
Aurangabad,Puducherry,1948.107
Aurangabad,Pune,1561.896
Aurangabad,Purnia,419.797
Aurangabad,Raipur,602.543
Aurangabad,Rajamahendravaram,1226.408
Aurangabad,Rajapalayam,2350.265
Aurangabad,Rajkot,1738.354
Aurangabad,Ranchi,252.844
Aurangabad,Ratlam,1230.517
Aurangabad,Rewa,376.139
Aurangabad,Rohtak,1014.623
Aurangabad,Rourkela,421.404
Aurangabad,Saharanpur,1033.103
Aurangabad,Salem,2033.672
Aurangabad,Sambalpur,526.497
Aurangabad,Satna,434.649
Aurangabad,Saugor,735.434
Aurangabad,Shillong,1074.737
Aurangabad,Shimla,1261.356
Aurangabad,Shivamogga,1934.632
Aurangabad,Sholapur,1533.983
Aurangabad,Silchar,1093.147
Aurangabad,Siliguri,566.742
Aurangabad,Sitapur,545.728
Aurangabad,Sonipat,973.377
Aurangabad,Srinagar,1680.745
Aurangabad,Surat,1527.406
Aurangabad,Thanjavur,2108.838
Aurangabad,Thiruvananthapuram,2551.905
Aurangabad,Thrissur,2309.251
Aurangabad,Tiruchirappalli,2103.465
Aurangabad,Tirunelveli,2401.811
Aurangabad,Tirupati,1743.322
Aurangabad,Tiruppur,2152.905
Aurangabad,Tumkur,1880.631
Aurangabad,Udaipur,1293.993
Aurangabad,Udupi,2080.255
Aurangabad,Ujjain,1145.902
Aurangabad,Vadodara,1485.755
Aurangabad,Varanasi,161.273
Aurangabad,Vellore,1845.653
Aurangabad,Vijayawada,1335.259
Aurangabad,Visakhapatnam,1130.533
Aurangabad,Warangal,1186.217
Azamgarh,Ballari,1676.931
Azamgarh,Bareilly,508.671
Azamgarh,Bathinda,1096.030
Azamgarh,Begusarai,366.975
Azamgarh,Belagavi,1719.801
Azamgarh,Bengaluru,1884.337
Azamgarh,Bhagalpur,471.097
Azamgarh,Bhopal,790.490
Azamgarh,Bhubaneswar,934.045
Azamgarh,Bikaner,1128.787
Azamgarh,Bilaspur,613.821
Azamgarh,Brahmapur,1103.140
Azamgarh,Chandigarh,979.126
Azamgarh,Chennai,1886.457
Azamgarh,Coimbatore,2212.849
Azamgarh,Darbhanga,334.676
Azamgarh,Davangere,1865.461
Azamgarh,Dehradun,815.278
Azamgarh,Delhi,751.765
Azamgarh,Deoghar,491.838
Azamgarh,Dhanbad,490.471
Azamgarh,Dibrugarh,1465.206
Azamgarh,Dindigul,2234.853
Azamgarh,Durgapur,587.309
Azamgarh,Erode,2118.443
Azamgarh,Etawah,494.959
Azamgarh,Farrukhabad,451.835
Azamgarh,Gaya,283.928
Azamgarh,Giridih,479.958
Azamgarh,Gorakhpur,104.913
Azamgarh,Guwahati,1052.609
Azamgarh,Gwalior,605.151
Azamgarh,Hazaribagh,401.327
Azamgarh,Hisar,935.561
Azamgarh,Hubballi,1748.712
Azamgarh,Hyderabad,1296.184
Azamgarh,Imphal,1512.354
Azamgarh,Indore,1018.889
Azamgarh,Jabalpur,529.983
Azamgarh,Jaipur,833.270
Azamgarh,Jalandhar,1072.308
Azamgarh,Jalgaon,1193.265
Azamgarh,Jammu,1290.847
Azamgarh,Jamnagar,1696.616
Azamgarh,Jamshedpur,617.997
Azamgarh,Jhansi,567.930
Azamgarh,Jodhpur,1165.711
Azamgarh,Kakinada,1347.332
Azamgarh,Kalaburagi,1410.529
Azamgarh,Kanpur,332.484
Azamgarh,Karnal,823.402
Azamgarh,Karur,2159.157
Azamgarh,Kochi,2367.963
Azamgarh,Kolhapur,1654.401
Azamgarh,Kolkata,754.387
Azamgarh,Kollam,2508.242
Azamgarh,Korba,565.462
Azamgarh,Kota,889.025
Azamgarh,Kozhikode,2243.141
Azamgarh,Kurnool,1530.040
Azamgarh,Latur,1314.228
Azamgarh,Lucknow,263.646
Azamgarh,Ludhiana,1012.401
Azamgarh,Madurai,2301.694
Azamgarh,Mangaluru,2105.119
Azamgarh,Mathura,639.013
Azamgarh,Meerut,712.440
Azamgarh,Moradabad,606.832
Azamgarh,Mumbai,1578.845
Azamgarh,Muzaffarnagar,769.183
Azamgarh,Muzaffarpur,267.202
Azamgarh,Mysuru,2035.919
Azamgarh,Nagercoil,2517.564
Azamgarh,Nagpur,798.901
Azamgarh,Nanded,1214.076
Azamgarh,Nashik,1426.668
Azamgarh,Nellore,1710.876
Azamgarh,Pathankot,1183.201
Azamgarh,Patiala,956.023
Azamgarh,Patna,247.072
Azamgarh,Prayagraj,167.412
Azamgarh,Puducherry,2053.253
Azamgarh,Pune,1480.768
Azamgarh,Purnia,522.997
Azamgarh,Raipur,754.145
Azamgarh,Rajamahendravaram,1378.011
Azamgarh,Rajapalayam,2384.655
Azamgarh,Rajkot,1607.582
Azamgarh,Ranchi,497.212
Azamgarh,Ratlam,1099.744
Azamgarh,Rewa,295.011
Azamgarh,Rohtak,824.494
Azamgarh,Rourkela,665.773
Azamgarh,Saharanpur,842.973
Azamgarh,Salem,2066.561
Azamgarh,Sambalpur,770.865
Azamgarh,Satna,353.521
Azamgarh,Saugor,620.159
Azamgarh,Shillong,1141.207
Azamgarh,Shimla,1071.226
Azamgarh,Shivamogga,1941.403
Azamgarh,Sholapur,1452.855
Azamgarh,Silchar,1346.474
Azamgarh,Siliguri,633.212
Azamgarh,Sitapur,350.763
Azamgarh,Sonipat,783.247
Azamgarh,Srinagar,1490.616
Azamgarh,Surat,1446.278
Azamgarh,Thanjavur,2196.753
Azamgarh,Thiruvananthapuram,2586.294
Azamgarh,Thrissur,2298.521
Azamgarh,Tiruchirappalli,2191.381
Azamgarh,Tirunelveli,2436.201
Azamgarh,Tirupati,1848.467
Azamgarh,Tiruppur,2162.359
Azamgarh,Tumkur,1859.116
Azamgarh,Udaipur,1163.220
Azamgarh,Udupi,2052.188
Azamgarh,Ujjain,1030.627
Azamgarh,Vadodara,1354.982
Azamgarh,Varanasi,98.493
Azamgarh,Vellore,1925.945
Azamgarh,Vijayawada,1491.524
Azamgarh,Visakhapatnam,1175.325
Azamgarh,Warangal,1244.706
Ballari,Bareilly,1870.138
Ballari,Bathinda,2097.165
Ballari,Begusarai,1944.904
Ballari,Belagavi,306.122
Ballari,Bengaluru,310.902
Ballari,Bhagalpur,2000.285
Ballari,Bhopal,1150.497
Ballari,Bhubaneswar,1280.293
Ballari,Bikaner,1825.125
Ballari,Bilaspur,1220.646
Ballari,Brahmapur,1109.791
Ballari,Chandigarh,2040.933
Ballari,Chennai,500.216
Ballari,Coimbatore,557.626
Ballari,Darbhanga,1963.615
Ballari,Davangere,165.819
Ballari,Dehradun,1990.477
Ballari,Delhi,1772.422
Ballari,Deoghar,1909.992
Ballari,Dhanbad,1775.080
Ballari,Dibrugarh,2870.332
Ballari,Dindigul,671.270
Ballari,Durgapur,1756.523
Ballari,Erode,554.861
Ballari,Etawah,1671.015
Ballari,Farrukhabad,1739.204
Ballari,Gaya,1776.380
Ballari,Giridih,1839.254
Ballari,Gorakhpur,1759.385
Ballari,Guwahati,2464.233
Ballari,Gwalior,1576.474
Ballari,Hazaribagh,1745.960
Ballari,Hisar,1868.957
Ballari,Hubballi,210.365
Ballari,Hyderabad,356.717
Ballari,Imphal,2606.686
Ballari,Indore,1046.299
Ballari,Jabalpur,1154.731
Ballari,Jaipur,1583.503
Ballari,Jalandhar,2124.133
Ballari,Jalgaon,803.178
Ballari,Jammu,2342.672
Ballari,Jamnagar,1430.690
Ballari,Jamshedpur,1631.512
Ballari,Jhansi,1469.593
Ballari,Jodhpur,1621.194
Ballari,Kakinada,719.119
Ballari,Kalaburagi,305.335
Ballari,Kanpur,1596.129
Ballari,Karnal,1915.631
Ballari,Karur,595.574
Ballari,Kochi,697.050
Ballari,Kolhapur,411.985
Ballari,Kolkata,1716.292
Ballari,Kollam,837.329
Ballari,Korba,1304.489
Ballari,Kota,1343.855
Ballari,Kozhikode,572.228
Ballari,Kurnool,178.373
Ballari,Latur,446.738
Ballari,Lucknow,1678.117
Ballari,Ludhiana,2065.009
Ballari,Madurai,738.112
Ballari,Mangaluru,438.378
Ballari,Mathura,1700.787
Ballari,Meerut,1835.512
Ballari,Moradabad,1942.289
Ballari,Mumbai,727.846
Ballari,Muzaffarnagar,1892.290
Ballari,Muzaffarpur,1907.795
Ballari,Mysuru,365.006
Ballari,Nagercoil,953.982
Ballari,Nagpur,874.313
Ballari,Nanded,558.499
Ballari,Nashik,713.811
Ballari,Nellore,390.789
Ballari,Pathankot,2235.026
Ballari,Patiala,2008.198
Ballari,Patna,1837.077
Ballari,Prayagraj,1513.825
Ballari,Puducherry,547.490
Ballari,Pune,581.137
Ballari,Purnia,2120.300
Ballari,Raipur,1107.677
Ballari,Rajamahendravaram,661.163
Ballari,Rajapalayam,821.072
Ballari,Rajkot,1341.656
Ballari,Ranchi,1649.583
Ballari,Ratlam,1122.052
Ballari,Rewa,1378.613
Ballari,Rohtak,1829.665
Ballari,Rourkela,1550.892
Ballari,Saharanpur,1932.421
Ballari,Salem,502.979
Ballari,Sambalpur,1341.968
Ballari,Satna,1349.848
Ballari,Saugor,1263.303
Ballari,Shillong,2370.483
Ballari,Shimla,2139.798
Ballari,Shivamogga,242.203
Ballari,Sholapur,360.819
Ballari,Silchar,2348.461
Ballari,Siliguri,2209.362
Ballari,Sitapur,1772.265
Ballari,Sonipat,1815.675
Ballari,Srinagar,2542.441
Ballari,Surat,943.388
Ballari,Thanjavur,662.919
Ballari,Thiruvananthapuram,908.685
Ballari,Thrissur,627.607
Ballari,Tiruchirappalli,637.287
Ballari,Tirunelveli,872.619
Ballari,Tirupati,381.106
Ballari,Tiruppur,598.777
Ballari,Tumkur,240.458
Ballari,Udaipur,1364.176
Ballari,Udupi,387.827
Ballari,Ujjain,1101.148
Ballari,Vadodara,1066.869
Ballari,Varanasi,1613.126
Ballari,Vellore,404.794
Ballari,Vijayawada,504.440
Ballari,Visakhapatnam,845.157
Ballari,Warangal,516.975
Bareilly,Bathinda,617.187
Bareilly,Begusarai,870.780
Bareilly,Belagavi,1757.996
Bareilly,Bengaluru,2064.503
Bareilly,Bhagalpur,974.903
Bareilly,Bhopal,791.788
Bareilly,Bhubaneswar,1410.583
Bareilly,Bikaner,726.374
Bareilly,Bilaspur,996.193
Bareilly,Brahmapur,1579.679
Bareilly,Chandigarh,500.283
Bareilly,Chennai,2066.623
Bareilly,Coimbatore,2393.015
Bareilly,Darbhanga,820.117
Bareilly,Davangere,1960.897
Bareilly,Dehradun,301.208
Bareilly,Delhi,272.923
Bareilly,Deoghar,1028.194
Bareilly,Dhanbad,967.010
Bareilly,Dibrugarh,1950.648
Bareilly,Dindigul,2415.019
Bareilly,Durgapur,1063.847
Bareilly,Erode,2298.609
Bareilly,Etawah,220.820
Bareilly,Farrukhabad,127.192
Bareilly,Gaya,798.181
Bareilly,Giridih,956.497
Bareilly,Gorakhpur,517.737
Bareilly,Guwahati,1538.050
Bareilly,Gwalior,332.712
Bareilly,Hazaribagh,877.866
Bareilly,Hisar,456.719
Bareilly,Hubballi,1844.148
Bareilly,Hyderabad,1476.350
Bareilly,Imphal,1997.796
Bareilly,Indore,865.629
Bareilly,Jabalpur,716.930
Bareilly,Jaipur,437.090
Bareilly,Jalandhar,593.465
Bareilly,Jalgaon,1158.981
Bareilly,Jammu,812.004
Bareilly,Jamnagar,1338.093
Bareilly,Jamshedpur,1094.536
Bareilly,Jhansi,417.697
Bareilly,Jodhpur,769.531
Bareilly,Kakinada,1722.474
Bareilly,Kalaburagi,1590.695
Bareilly,Kanpur,274.561
Bareilly,Karnal,344.559
Bareilly,Karur,2339.323
Bareilly,Kochi,2554.714
Bareilly,Kolhapur,1674.761
Bareilly,Kolkata,1230.926
Bareilly,Kollam,2694.993
Bareilly,Korba,1013.568
Bareilly,Kota,600.684
Bareilly,Kozhikode,2429.892
Bareilly,Kurnool,1710.206
Bareilly,Latur,1494.395
Bareilly,Lucknow,246.282
Bareilly,Ludhiana,533.558
Bareilly,Madurai,2481.860
Bareilly,Mangaluru,2188.610
Bareilly,Mathura,215.564
Bareilly,Meerut,233.597
Bareilly,Moradabad,92.763
Bareilly,Mumbai,1465.245
Bareilly,Muzaffarnagar,290.341
Bareilly,Muzaffarpur,762.104
Bareilly,Mysuru,2222.670
Bareilly,Nagercoil,2697.730
Bareilly,Nagpur,979.067
Bareilly,Nanded,1394.242
Bareilly,Nashik,1279.920
Bareilly,Nellore,1891.042
Bareilly,Pathankot,704.358
Bareilly,Patiala,477.180
Bareilly,Patna,750.877
Bareilly,Prayagraj,448.524
Bareilly,Puducherry,2233.419
Bareilly,Pune,1466.270
Bareilly,Purnia,1008.438
Bareilly,Raipur,1073.524
Bareilly,Rajamahendravaram,1697.389
Bareilly,Rajapalayam,2564.820
Bareilly,Rajkot,1322.129
Bareilly,Ranchi,973.751
Bareilly,Ratlam,814.291
Bareilly,Rewa,578.363
Bareilly,Rohtak,345.651
Bareilly,Rourkela,1142.312
Bareilly,Saharanpur,364.130
Bareilly,Salem,2246.727
Bareilly,Sambalpur,1112.031
Bareilly,Satna,539.866
Bareilly,Saugor,621.456
Bareilly,Shillong,1626.648
Bareilly,Shimla,592.383
Bareilly,Shivamogga,2036.840
Bareilly,Sholapur,1579.530
Bareilly,Silchar,1814.054
Bareilly,Siliguri,1118.653
Bareilly,Sitapur,170.251
Bareilly,Sonipat,304.405
Bareilly,Srinagar,1011.773
Bareilly,Surat,1205.451
Bareilly,Thanjavur,2376.919
Bareilly,Thiruvananthapuram,2766.460
Bareilly,Thrissur,2485.272
Bareilly,Tiruchirappalli,2371.547
Bareilly,Tirunelveli,2616.367
Bareilly,Tirupati,2028.633
Bareilly,Tiruppur,2342.525
Bareilly,Tumkur,2039.282
Bareilly,Udaipur,813.349
Bareilly,Udupi,2135.679
Bareilly,Ujjain,809.508
Bareilly,Vadodara,1069.529
Bareilly,Varanasi,564.064
Bareilly,Vellore,2106.111
Bareilly,Vijayawada,1671.690
Bareilly,Visakhapatnam,1652.790
Bareilly,Warangal,1424.872
Bathinda,Begusarai,1438.926
Bathinda,Belagavi,1895.943
Bathinda,Bengaluru,2305.247
Bathinda,Bhagalpur,1543.048
Bathinda,Bhopal,1045.968
Bathinda,Bhubaneswar,1958.159
Bathinda,Bikaner,308.808
Bathinda,Bilaspur,1436.595
Bathinda,Brahmapur,2000.043
Bathinda,Chandigarh,228.623
Bathinda,Chennai,2481.447
Bathinda,Coimbatore,2553.238
Bathinda,Darbhanga,1384.768
Bathinda,Davangere,2098.845
Bathinda,Dehradun,369.895
Bathinda,Delhi,355.036
Bathinda,Deoghar,1575.771
Bathinda,Dhanbad,1514.586
Bathinda,Dibrugarh,2515.298
Bathinda,Dindigul,2665.615
Bathinda,Durgapur,1611.424
Bathinda,Erode,2549.206
Bathinda,Etawah,664.046
Bathinda,Farrukhabad,674.768
Bathinda,Gaya,1345.758
Bathinda,Giridih,1504.073
Bathinda,Gorakhpur,1082.388
Bathinda,Guwahati,2102.700
Bathinda,Gwalior,657.417
Bathinda,Hazaribagh,1425.442
Bathinda,Hisar,187.126
Bathinda,Hubballi,1982.095
Bathinda,Hyderabad,1808.350
Bathinda,Imphal,2562.446
Bathinda,Indore,1003.577
Bathinda,Jabalpur,1116.172
Bathinda,Jaipur,484.696
Bathinda,Jalandhar,160.776
Bathinda,Jalgaon,1296.928
Bathinda,Jammu,382.038
Bathinda,Jamnagar,1078.928
Bathinda,Jamshedpur,1642.112
Bathinda,Jhansi,771.764
Bathinda,Jodhpur,520.151
Bathinda,Kakinada,2121.716
Bathinda,Kalaburagi,1821.806
Bathinda,Kanpur,785.324
Bathinda,Karnal,265.886
Bathinda,Karur,2589.919
Bathinda,Kochi,2692.661
Bathinda,Kolhapur,1812.708
Bathinda,Kolkata,1778.502
Bathinda,Kollam,2832.940
Bathinda,Korba,1561.145
Bathinda,Kota,738.632
Bathinda,Kozhikode,2567.840
Bathinda,Kurnool,2001.252
Bathinda,Latur,1682.027
Bathinda,Lucknow,810.969
Bathinda,Ludhiana,144.987
Bathinda,Madurai,2732.456
Bathinda,Mangaluru,2326.557
Bathinda,Mathura,481.987
Bathinda,Meerut,377.103
Bathinda,Moradabad,490.706
Bathinda,Mumbai,1452.557
Bathinda,Muzaffarnagar,352.194
Bathinda,Muzaffarpur,1326.754
Bathinda,Mysuru,2360.617
Bathinda,Nagercoil,2948.326
Bathinda,Nagpur,1396.984
Bathinda,Nanded,1537.199
Bathinda,Nashik,1402.554
Bathinda,Nellore,2305.865
Bathinda,Pathankot,274.391
Bathinda,Patiala,155.743
Bathinda,Patna,1319.022
Bathinda,Prayagraj,996.101
Bathinda,Puducherry,2594.507
Bathinda,Pune,1581.560
Bathinda,Purnia,1573.089
Bathinda,Raipur,1472.765
Bathinda,Rajamahendravaram,2096.631
Bathinda,Rajapalayam,2815.416
Bathinda,Rajkot,1061.083
Bathinda,Ranchi,1521.327
Bathinda,Ratlam,952.239
Bathinda,Rewa,1125.939
Bathinda,Rohtak,274.660
Bathinda,Rourkela,1689.888
Bathinda,Saharanpur,309.486
Bathinda,Salem,2497.323
Bathinda,Sambalpur,1659.607
Bathinda,Satna,1071.023
Bathinda,Saugor,973.724
Bathinda,Shillong,2191.298
Bathinda,Shimla,327.488
Bathinda,Shivamogga,2174.787
Bathinda,Sholapur,1717.477
Bathinda,Silchar,2361.631
Bathinda,Siliguri,1683.304
Bathinda,Sitapur,744.445
Bathinda,Sonipat,295.278
Bathinda,Srinagar,581.807
Bathinda,Surat,1192.763
Bathinda,Thanjavur,2678.644
Bathinda,Thiruvananthapuram,2904.297
Bathinda,Thrissur,2623.219
Bathinda,Tiruchirappalli,2631.632
Bathinda,Tirunelveli,2866.963
Bathinda,Tirupati,2338.663
Bathinda,Tiruppur,2593.121
Bathinda,Tumkur,2234.802
Bathinda,Udaipur,773.482
Bathinda,Udupi,2273.626
Bathinda,Ujjain,947.456
Bathinda,Vadodara,1056.273
Bathinda,Varanasi,1111.640
Bathinda,Vellore,2451.811
Bathinda,Vijayawada,2086.514
Bathinda,Visakhapatnam,2052.032
Bathinda,Warangal,1839.696
Begusarai,Belagavi,2000.707
Begusarai,Bengaluru,2149.242
Begusarai,Bhagalpur,106.985
Begusarai,Bhopal,1105.543
Begusarai,Bhubaneswar,754.499
Begusarai,Bikaner,1490.307
Begusarai,Bilaspur,728.837
Begusarai,Brahmapur,923.595
Begusarai,Chandigarh,1340.646
Begusarai,Chennai,1967.623
Begusarai,Coimbatore,2389.707
Begusarai,Darbhanga,115.272
Begusarai,Davangere,2146.367
Begusarai,Dehradun,1176.798
Begusarai,Delhi,1113.285
Begusarai,Deoghar,168.488
Begusarai,Dhanbad,260.434
Begusarai,Dibrugarh,1169.355
Begusarai,Dindigul,2386.774
Begusarai,Durgapur,332.190
Begusarai,Erode,2284.381
Begusarai,Etawah,856.479
Begusarai,Farrukhabad,813.355
Begusarai,Gaya,174.833
Begusarai,Giridih,196.121
Begusarai,Gorakhpur,361.436
Begusarai,Guwahati,756.757
Begusarai,Gwalior,966.671
Begusarai,Hazaribagh,234.264
Begusarai,Hisar,1297.081
Begusarai,Hubballi,2029.618
Begusarai,Hyderabad,1580.256
Begusarai,Imphal,1216.503
Begusarai,Indore,1299.795
Begusarai,Jabalpur,810.889
Begusarai,Jaipur,1194.790
Begusarai,Jalandhar,1433.828
Begusarai,Jalgaon,1474.171
Begusarai,Jammu,1652.367
Begusarai,Jamnagar,2027.167
Begusarai,Jamshedpur,409.454
Begusarai,Jhansi,898.481
Begusarai,Jodhpur,1527.231
Begusarai,Kakinada,1337.333
Begusarai,Kalaburagi,1691.435
Begusarai,Kanpur,694.004
Begusarai,Karnal,1184.922
Begusarai,Karur,2311.079
Begusarai,Kochi,2571.148
Begusarai,Kolhapur,1935.307
Begusarai,Kolkata,504.586
Begusarai,Kollam,2697.026
Begusarai,Korba,684.300
Begusarai,Kota,1219.576
Begusarai,Kozhikode,2508.047
Begusarai,Kurnool,1794.945
Begusarai,Latur,1595.135
Begusarai,Lucknow,625.166
Begusarai,Ludhiana,1373.921
Begusarai,Madurai,2418.189
Begusarai,Mangaluru,2374.197
Begusarai,Mathura,1000.533
Begusarai,Meerut,1073.960
Begusarai,Moradabad,968.353
Begusarai,Mumbai,1859.751
Begusarai,Muzaffarnagar,1130.703
Begusarai,Muzaffarpur,116.147
Begusarai,Mysuru,2300.825
Begusarai,Nagercoil,2669.485
Begusarai,Nagpur,1079.807
Begusarai,Nanded,1494.982
Begusarai,Nashik,1707.574
Begusarai,Nellore,1792.042
Begusarai,Pathankot,1544.721
Begusarai,Patiala,1317.543
Begusarai,Patna,122.883
Begusarai,Prayagraj,482.465
Begusarai,Puducherry,2134.419
Begusarai,Pune,1761.674
Begusarai,Purnia,176.379
Begusarai,Raipur,845.933
Begusarai,Rajamahendravaram,1373.113
Begusarai,Rajapalayam,2536.576
Begusarai,Rajkot,1938.132
Begusarai,Ranchi,330.149
Begusarai,Ratlam,1430.295
Begusarai,Rewa,575.917
Begusarai,Rohtak,1186.014
Begusarai,Rourkela,569.373
Begusarai,Saharanpur,1204.493
Begusarai,Salem,2219.984
Begusarai,Sambalpur,674.466
Begusarai,Satna,634.427
Begusarai,Saugor,935.212
Begusarai,Shillong,845.355
Begusarai,Shimla,1432.746
Begusarai,Shivamogga,2178.022
Begusarai,Sholapur,1733.761
Begusarai,Silchar,952.285
Begusarai,Siliguri,351.900
Begusarai,Sitapur,712.283
Begusarai,Sonipat,1144.767
Begusarai,Srinagar,1852.136
Begusarai,Surat,1727.184
Begusarai,Thanjavur,2295.149
Begusarai,Thiruvananthapuram,2738.216
Begusarai,Thrissur,2495.562
Begusarai,Tiruchirappalli,2289.776
Begusarai,Tirunelveli,2588.123
Begusarai,Tirupati,1929.633
Begusarai,Tiruppur,2339.216
Begusarai,Tumkur,2124.021
Begusarai,Udaipur,1493.771
Begusarai,Udupi,2333.095
Begusarai,Ujjain,1345.680
Begusarai,Vadodara,1685.533
Begusarai,Varanasi,361.051
Begusarai,Vellore,2031.965
Begusarai,Vijayawada,1521.571
Begusarai,Visakhapatnam,1195.356
Begusarai,Warangal,1429.607
Belagavi,Bengaluru,504.711
Belagavi,Bhagalpur,2102.078
Belagavi,Bhopal,1086.150
Belagavi,Bhubaneswar,1578.772
Belagavi,Bikaner,1657.635
Belagavi,Bilaspur,1309.493
Belagavi,Brahmapur,1408.271
Belagavi,Chandigarh,1890.186
Belagavi,Chennai,804.948
Belagavi,Coimbatore,752.702
Belagavi,Darbhanga,2004.591
Belagavi,Davangere,245.399
Belagavi,Dehradun,1839.730
Belagavi,Delhi,1621.675
Belagavi,Deoghar,1991.831
Belagavi,Dhanbad,1894.103
Belagavi,Dibrugarh,3129.697
Belagavi,Dindigul,865.079
Belagavi,Durgapur,2000.219
Belagavi,Erode,748.670
Belagavi,Etawah,1626.792
Belagavi,Farrukhabad,1726.735
Belagavi,Gaya,1876.683
Belagavi,Giridih,1923.793
Belagavi,Gorakhpur,1799.091
Belagavi,Guwahati,2717.099
Belagavi,Gwalior,1504.566
Belagavi,Hazaribagh,1834.806
Belagavi,Hisar,1718.210
Belagavi,Hubballi,96.020
Belagavi,Hyderabad,567.168
Belagavi,Imphal,2918.678
Belagavi,Indore,895.552
Belagavi,Jabalpur,1194.438
Belagavi,Jaipur,1432.756
Belagavi,Jalandhar,1973.386
Belagavi,Jalgaon,672.850
Belagavi,Jammu,2191.925
Belagavi,Jamnagar,1263.200
Belagavi,Jamshedpur,1857.191
Belagavi,Jhansi,1428.826
Belagavi,Jodhpur,1453.703
Belagavi,Kakinada,1017.598
Belagavi,Kalaburagi,368.207
Belagavi,Kanpur,1610.234
Belagavi,Karnal,1764.884
Belagavi,Karur,789.383
Belagavi,Kochi,892.126
Belagavi,Kolhapur,111.018
Belagavi,Kolkata,2028.285
Belagavi,Kollam,1032.405
Belagavi,Korba,1393.335
Belagavi,Kota,1193.108
Belagavi,Kozhikode,666.845
Belagavi,Kurnool,483.105
Belagavi,Latur,431.169
Belagavi,Lucknow,1692.222
Belagavi,Ludhiana,1914.262
Belagavi,Madurai,931.920
Belagavi,Mangaluru,435.942
Belagavi,Mathura,1550.040
Belagavi,Meerut,1684.765
Belagavi,Moradabad,1791.542
Belagavi,Mumbai,514.816
Belagavi,Muzaffarnagar,1741.543
Belagavi,Muzaffarpur,1938.322
Belagavi,Mysuru,560.082
Belagavi,Nagercoil,1147.790
Belagavi,Nagpur,915.106
Belagavi,Nanded,565.532
Belagavi,Nashik,563.064
Belagavi,Nellore,695.521
Belagavi,Pathankot,2084.279
Belagavi,Patiala,1857.451
Belagavi,Patna,1878.053
Belagavi,Prayagraj,1553.531
Belagavi,Puducherry,840.761
Belagavi,Pune,368.107
Belagavi,Purnia,2173.352
Belagavi,Raipur,1196.523
Belagavi,Rajamahendravaram,959.643
Belagavi,Rajapalayam,1014.881
Belagavi,Rajkot,1174.166
Belagavi,Ranchi,1738.430
Belagavi,Ratlam,971.305
Belagavi,Rewa,1418.319
Belagavi,Rohtak,1678.918
Belagavi,Rourkela,1632.036
Belagavi,Saharanpur,1781.674
Belagavi,Salem,696.788
Belagavi,Sambalpur,1467.491
Belagavi,Satna,1389.555
Belagavi,Saugor,1249.051
Belagavi,Shillong,2682.476
Belagavi,Shimla,1989.051
Belagavi,Shivamogga,291.017
Belagavi,Sholapur,302.996
Belagavi,Silchar,2660.454
Belagavi,Siliguri,2297.703
Belagavi,Sitapur,1786.370
Belagavi,Sonipat,1664.928
Belagavi,Srinagar,2391.694
Belagavi,Surat,775.898
Belagavi,Thanjavur,878.108
Belagavi,Thiruvananthapuram,1103.761
Belagavi,Thrissur,822.683
Belagavi,Tiruchirappalli,831.096
Belagavi,Tirunelveli,1066.427
Belagavi,Tirupati,685.838
Belagavi,Tiruppur,792.585
Belagavi,Tumkur,434.266
Belagavi,Udaipur,1196.686
Belagavi,Udupi,383.011
Belagavi,Ujjain,950.401
Belagavi,Vadodara,899.379
Belagavi,Varanasi,1652.832
Belagavi,Vellore,698.750
Belagavi,Vijayawada,809.172
Belagavi,Visakhapatnam,1143.636
Belagavi,Warangal,739.072
Bengaluru,Bhagalpur,2112.189
Bengaluru,Bhopal,1438.107
Bengaluru,Bhubaneswar,1392.196
Bengaluru,Bikaner,2081.671
Bengaluru,Bilaspur,1425.567
Bengaluru,Brahmapur,1221.694
Bengaluru,Chandigarh,2297.478
Bengaluru,Chennai,327.277
Bengaluru,Coimbatore,333.439
Bengaluru,Darbhanga,2168.536
Bengaluru,Davangere,266.717
Bengaluru,Dehradun,2247.022
Bengaluru,Delhi,2028.967
Bengaluru,Deoghar,2021.895
Bengaluru,Dhanbad,1886.984
Bengaluru,Dibrugarh,2982.236
Bengaluru,Dindigul,355.443
Bengaluru,Durgapur,1868.427
Bengaluru,Erode,239.033
Bengaluru,Etawah,1875.937
Bengaluru,Farrukhabad,1944.125
Bengaluru,Gaya,1954.328
Bengaluru,Giridih,1951.157
Bengaluru,Gorakhpur,1964.306
Bengaluru,Guwahati,2576.137
Bengaluru,Gwalior,1781.395
Bengaluru,Hazaribagh,1886.884
Bengaluru,Hisar,2125.503
Bengaluru,Hubballi,407.698
Bengaluru,Hyderabad,561.638
Bengaluru,Imphal,2718.590
Bengaluru,Indore,1302.844
Bengaluru,Jabalpur,1359.652
Bengaluru,Jaipur,1840.048
Bengaluru,Jalandhar,2380.679
Bengaluru,Jalgaon,1059.723
Bengaluru,Jammu,2599.218
Bengaluru,Jamnagar,1687.236
Bengaluru,Jamshedpur,1743.415
Bengaluru,Jhansi,1674.514
Bengaluru,Jodhpur,1877.739
Bengaluru,Kakinada,828.560
Bengaluru,Kalaburagi,611.689
Bengaluru,Kanpur,1801.051
Bengaluru,Karnal,2172.176
Bengaluru,Karur,279.746
Bengaluru,Kochi,514.880
Bengaluru,Kolhapur,609.989
Bengaluru,Kolkata,1828.196
Bengaluru,Kollam,640.758
Bengaluru,Korba,1509.410
Bengaluru,Kota,1600.400
Bengaluru,Kozhikode,350.951
Bengaluru,Kurnool,354.657
Bengaluru,Latur,740.418
Bengaluru,Lucknow,1883.038
Bengaluru,Ludhiana,2321.555
Bengaluru,Madurai,422.284
Bengaluru,Mangaluru,365.157
Bengaluru,Mathura,1957.332
Bengaluru,Meerut,2092.057
Bengaluru,Moradabad,2198.835
Bengaluru,Mumbai,984.392
Bengaluru,Muzaffarnagar,2148.836
Bengaluru,Muzaffarpur,2112.716
Bengaluru,Mysuru,143.728
Bengaluru,Nagercoil,638.154
Bengaluru,Nagpur,1079.235
Bengaluru,Nanded,814.448
Bengaluru,Nashik,970.356
Bengaluru,Nellore,390.726
Bengaluru,Pathankot,2491.572
Bengaluru,Patiala,2264.744
Bengaluru,Patna,2041.998
Bengaluru,Prayagraj,1718.746
Bengaluru,Puducherry,336.629
Bengaluru,Pune,837.682
Bengaluru,Purnia,2189.787
Bengaluru,Raipur,1312.598
Bengaluru,Rajamahendravaram,773.067
Bengaluru,Rajapalayam,505.244
Bengaluru,Rajkot,1598.202
Bengaluru,Ranchi,1783.364
Bengaluru,Ratlam,1378.598
Bengaluru,Rewa,1583.534
Bengaluru,Rohtak,2086.210
Bengaluru,Rourkela,1662.795
Bengaluru,Saharanpur,2188.966
Bengaluru,Salem,187.151
Bengaluru,Sambalpur,1453.872
Bengaluru,Satna,1554.770
Bengaluru,Saugor,1468.224
Bengaluru,Shillong,2482.387
Bengaluru,Shimla,2396.343
Bengaluru,Shivamogga,305.480
Bengaluru,Sholapur,617.364
Bengaluru,Silchar,2460.365
Bengaluru,Siliguri,2321.265
Bengaluru,Sitapur,1977.186
Bengaluru,Sonipat,2072.220
Bengaluru,Srinagar,2798.986
Bengaluru,Surat,1199.933
Bengaluru,Thanjavur,368.472
Bengaluru,Thiruvananthapuram,706.884
Bengaluru,Thrissur,406.330
Bengaluru,Tiruchirappalli,321.459
Bengaluru,Tirunelveli,556.791
Bengaluru,Tirupati,258.258
Bengaluru,Tiruppur,282.949
Bengaluru,Tumkur,70.451
Bengaluru,Udaipur,1620.722
Bengaluru,Udupi,415.477
Bengaluru,Ujjain,1357.693
Bengaluru,Vadodara,1323.415
Bengaluru,Varanasi,1818.047
Bengaluru,Vellore,194.618
Bengaluru,Vijayawada,616.344
Bengaluru,Visakhapatnam,957.060
Bengaluru,Warangal,721.896
Bhagalpur,Bhopal,1207.106
Bhagalpur,Bhubaneswar,719.480
Bhagalpur,Bikaner,1591.869
Bhagalpur,Bilaspur,815.427
Bhagalpur,Brahmapur,888.576
Bhagalpur,Chandigarh,1442.208
Bhagalpur,Chennai,1956.042
Bhagalpur,Coimbatore,2378.126
Bhagalpur,Darbhanga,216.835
Bhagalpur,Davangere,2192.769
Bhagalpur,Dehradun,1278.361
Bhagalpur,Delhi,1214.848
Bhagalpur,Deoghar,119.263
Bhagalpur,Dhanbad,225.415
Bhagalpur,Dibrugarh,1162.128
Bhagalpur,Dindigul,2375.194
Bhagalpur,Durgapur,254.146
Bhagalpur,Erode,2272.800
Bhagalpur,Etawah,958.041
Bhagalpur,Farrukhabad,914.917
Bhagalpur,Gaya,239.546
Bhagalpur,Giridih,184.825
Bhagalpur,Gorakhpur,462.999
Bhagalpur,Guwahati,729.939
Bhagalpur,Gwalior,1068.233
Bhagalpur,Hazaribagh,273.848
Bhagalpur,Hisar,1398.644
Bhagalpur,Hubballi,2131.180
Bhagalpur,Hyderabad,1671.026
Bhagalpur,Imphal,1163.582
Bhagalpur,Indore,1401.358
Bhagalpur,Jabalpur,912.452
Bhagalpur,Jaipur,1296.352
Bhagalpur,Jalandhar,1535.390
Bhagalpur,Jalgaon,1575.734
Bhagalpur,Jammu,1753.929
Bhagalpur,Jamnagar,2128.729
Bhagalpur,Jamshedpur,374.435
Bhagalpur,Jhansi,1000.043
Bhagalpur,Jodhpur,1628.793
Bhagalpur,Kakinada,1302.313
Bhagalpur,Kalaburagi,1792.998
Bhagalpur,Kanpur,795.567
Bhagalpur,Karnal,1286.485
Bhagalpur,Karur,2299.498
Bhagalpur,Kochi,2559.568
Bhagalpur,Kolhapur,2036.870
Bhagalpur,Kolkata,401.418
Bhagalpur,Kollam,2685.445
Bhagalpur,Korba,749.014
Bhagalpur,Kota,1321.138
Bhagalpur,Kozhikode,2456.276
Bhagalpur,Kurnool,1827.560
Bhagalpur,Latur,1696.697
Bhagalpur,Lucknow,726.729
Bhagalpur,Ludhiana,1475.483
Bhagalpur,Madurai,2406.608
Bhagalpur,Mangaluru,2425.891
Bhagalpur,Mathura,1102.095
Bhagalpur,Meerut,1175.522
Bhagalpur,Moradabad,1069.915
Bhagalpur,Mumbai,1961.313
Bhagalpur,Muzaffarnagar,1232.266
Bhagalpur,Muzaffarpur,217.709
Bhagalpur,Mysuru,2249.054
Bhagalpur,Nagercoil,2657.905
Bhagalpur,Nagpur,1181.370
Bhagalpur,Nanded,1596.544
Bhagalpur,Nashik,1809.137
Bhagalpur,Nellore,1780.461
Bhagalpur,Pathankot,1646.283
Bhagalpur,Patiala,1419.106
Bhagalpur,Patna,224.445
Bhagalpur,Prayagraj,584.028
Bhagalpur,Puducherry,2122.838
Bhagalpur,Pune,1863.237
Bhagalpur,Purnia,107.635
Bhagalpur,Raipur,936.703
Bhagalpur,Rajamahendravaram,1338.093
Bhagalpur,Rajapalayam,2524.996
Bhagalpur,Rajkot,2039.695
Bhagalpur,Ranchi,365.214
Bhagalpur,Ratlam,1531.857
Bhagalpur,Rewa,677.480
Bhagalpur,Rohtak,1287.576
Bhagalpur,Rourkela,543.785
Bhagalpur,Saharanpur,1306.056
Bhagalpur,Salem,2208.403
Bhagalpur,Sambalpur,730.982
Bhagalpur,Satna,735.989
Bhagalpur,Saugor,1036.774
Bhagalpur,Shillong,818.537
Bhagalpur,Shimla,1534.308
Bhagalpur,Shivamogga,2234.401
Bhagalpur,Sholapur,1835.323
Bhagalpur,Silchar,905.358
Bhagalpur,Siliguri,283.156
Bhagalpur,Sitapur,813.845
Bhagalpur,Sonipat,1246.330
Bhagalpur,Srinagar,1953.698
Bhagalpur,Surat,1828.746
Bhagalpur,Thanjavur,2283.569
Bhagalpur,Thiruvananthapuram,2726.635
Bhagalpur,Thrissur,2483.982
Bhagalpur,Tiruchirappalli,2278.196
Bhagalpur,Tirunelveli,2576.542
Bhagalpur,Tirupati,1918.053
Bhagalpur,Tiruppur,2327.636
Bhagalpur,Tumkur,2115.901
Bhagalpur,Udaipur,1595.334
Bhagalpur,Udupi,2380.024
Bhagalpur,Ujjain,1447.243
Bhagalpur,Vadodara,1787.095
Bhagalpur,Varanasi,462.614
Bhagalpur,Vellore,2020.384
Bhagalpur,Vijayawada,1490.740
Bhagalpur,Visakhapatnam,1160.336
Bhagalpur,Warangal,1520.377
Bhopal,Bhubaneswar,1195.269
Bhopal,Bikaner,811.396
Bhopal,Bilaspur,628.622
Bhopal,Brahmapur,1174.620
Bhopal,Chandigarh,1037.151
Bhopal,Chennai,1435.649
Bhopal,Coimbatore,1687.917
Bhopal,Darbhanga,1111.963
Bhopal,Davangere,1233.524
Bhopal,Dehradun,986.696
Bhopal,Delhi,768.641
Bhopal,Deoghar,1214.068
Bhopal,Dhanbad,1152.883
Bhopal,Dibrugarh,2249.225
Bhopal,Dindigul,1760.764
Bhopal,Durgapur,1249.721
Bhopal,Erode,1644.354
Bhopal,Etawah,545.639
Bhopal,Farrukhabad,645.582
Bhopal,Gaya,984.055
Bhopal,Giridih,1142.370
Bhopal,Gorakhpur,841.042
Bhopal,Guwahati,1836.628
Bhopal,Gwalior,423.413
Bhopal,Hazaribagh,1063.740
Bhopal,Hisar,865.176
Bhopal,Hubballi,1116.774
Bhopal,Hyderabad,863.048
Bhopal,Imphal,2258.152
Bhopal,Indore,190.499
Bhopal,Jabalpur,315.428
Bhopal,Jaipur,579.721
Bhopal,Jalandhar,1120.352
Bhopal,Jalgaon,435.865
Bhopal,Jammu,1338.891
Bhopal,Jamnagar,879.447
Bhopal,Jamshedpur,1186.611
Bhopal,Jhansi,347.673
Bhopal,Jodhpur,718.594
Bhopal,Kakinada,1160.055
Bhopal,Kalaburagi,843.188
Bhopal,Kanpur,531.112
Bhopal,Karnal,911.849
Bhopal,Karur,1685.068
Bhopal,Kochi,1827.340
Bhopal,Kolhapur,1022.464
Bhopal,Kolkata,1416.800
Bhopal,Kollam,1967.619
Bhopal,Korba,712.109
Bhopal,Kota,340.074
Bhopal,Kozhikode,1702.518
Bhopal,Kurnool,1055.951
Bhopal,Latur,730.882
Bhopal,Lucknow,613.100
Bhopal,Ludhiana,1061.228
Bhopal,Madurai,1827.605
Bhopal,Mangaluru,1473.181
Bhopal,Mathura,697.006
Bhopal,Meerut,831.731
Bhopal,Moradabad,894.780
Bhopal,Mumbai,773.932
Bhopal,Muzaffarnagar,888.509
Bhopal,Muzaffarpur,1057.850
Bhopal,Mysuru,1495.296
Bhopal,Nagercoil,2043.475
Bhopal,Nagpur,351.187
Bhopal,Nanded,591.898
Bhopal,Nashik,607.105
Bhopal,Nellore,1260.068
Bhopal,Pathankot,1231.245
Bhopal,Patiala,1004.417
Bhopal,Patna,985.425
Bhopal,Prayagraj,622.990
Bhopal,Puducherry,1604.921
Bhopal,Pune,832.591
Bhopal,Purnia,1280.724
Bhopal,Raipur,636.630
Bhopal,Rajamahendravaram,1102.100
Bhopal,Rajapalayam,1910.565
Bhopal,Rajkot,790.413
Bhopal,Ranchi,1057.204
Bhopal,Ratlam,374.262
Bhopal,Rewa,524.316
Bhopal,Rohtak,825.884
Bhopal,Rourkela,989.288
Bhopal,Saharanpur,928.640
Bhopal,Salem,1592.472
Bhopal,Sambalpur,907.598
Bhopal,Satna,469.301
Bhopal,Saugor,169.929
Bhopal,Shillong,1925.226
Bhopal,Shimla,1136.016
Bhopal,Shivamogga,1309.466
Bhopal,Sholapur,820.917
Bhopal,Silchar,1999.928
Bhopal,Siliguri,1417.231
Bhopal,Sitapur,707.248
Bhopal,Sonipat,811.893
Bhopal,Srinagar,1538.660
Bhopal,Surat,629.759
Bhopal,Thanjavur,1722.665
Bhopal,Thiruvananthapuram,2038.975
Bhopal,Thrissur,1757.898
Bhopal,Tiruchirappalli,1717.292
Bhopal,Tirunelveli,1962.112
Bhopal,Tirupati,1393.361
Bhopal,Tiruppur,1688.270
Bhopal,Tumkur,1369.481
Bhopal,Udaipur,572.703
Bhopal,Udupi,1420.251
Bhopal,Ujjain,194.059
Bhopal,Vadodara,537.813
Bhopal,Varanasi,749.937
Bhopal,Vellore,1451.856
Bhopal,Vijayawada,1040.716
Bhopal,Visakhapatnam,1172.059
Bhopal,Warangal,793.898
Bhubaneswar,Bikaner,2040.488
Bhubaneswar,Bilaspur,536.558
Bhubaneswar,Brahmapur,174.122
Bhubaneswar,Chandigarh,1887.645
Bhubaneswar,Chennai,1241.589
Bhubaneswar,Coimbatore,1663.673
Bhubaneswar,Darbhanga,850.890
Bhubaneswar,Davangere,1478.315
Bhubaneswar,Dehradun,1737.928
Bhubaneswar,Delhi,1660.285
Bhubaneswar,Deoghar,635.425
Bhubaneswar,Dhanbad,500.514
Bhubaneswar,Dibrugarh,1595.766
Bhubaneswar,Dindigul,1660.741
Bhubaneswar,Durgapur,481.956
Bhubaneswar,Erode,1558.347
Bhubaneswar,Etawah,1350.267
Bhubaneswar,Farrukhabad,1360.354
Bhubaneswar,Gaya,665.315
Bhubaneswar,Giridih,564.687
Bhubaneswar,Gorakhpur,1021.788
Bhubaneswar,Guwahati,1189.667
Bhubaneswar,Gwalior,1303.833
Bhubaneswar,Hazaribagh,534.436
Bhubaneswar,Hisar,1844.081
Bhubaneswar,Hubballi,1493.897
Bhubaneswar,Hyderabad,997.062
Bhubaneswar,Imphal,1332.119
Bhubaneswar,Indore,1293.868
Bhubaneswar,Jabalpur,850.208
Bhubaneswar,Jaipur,1709.728
Bhubaneswar,Jalandhar,1980.827
Bhubaneswar,Jalgaon,1292.200
Bhubaneswar,Jammu,2199.367
Bhubaneswar,Jamnagar,1982.708
Bhubaneswar,Jamshedpur,356.945
Bhubaneswar,Jhansi,1197.956
Bhubaneswar,Jodhpur,1912.470
Bhubaneswar,Kakinada,587.860
Bhubaneswar,Kalaburagi,1234.627
Bhubaneswar,Kanpur,1221.753
Bhubaneswar,Karnal,1731.921
Bhubaneswar,Karur,1585.044
Bhubaneswar,Kochi,1845.114
Bhubaneswar,Kolhapur,1554.100
Bhubaneswar,Kolkata,441.726
Bhubaneswar,Kollam,1970.992
Bhubaneswar,Korba,536.792
Bhubaneswar,Kota,1533.949
Bhubaneswar,Kozhikode,1741.823
Bhubaneswar,Kurnool,1113.106
Bhubaneswar,Latur,1301.171
Bhubaneswar,Lucknow,1177.001
Bhubaneswar,Ludhiana,1920.920
Bhubaneswar,Madurai,1692.155
Bhubaneswar,Mangaluru,1711.438
Bhubaneswar,Mathura,1531.867
Bhubaneswar,Meerut,1620.959
Bhubaneswar,Moradabad,1529.308
Bhubaneswar,Mumbai,1615.594
Bhubaneswar,Muzaffarnagar,1677.703
Bhubaneswar,Muzaffarpur,828.890
Bhubaneswar,Mysuru,1534.601
Bhubaneswar,Nagercoil,1943.451
Bhubaneswar,Nagpur,843.502
Bhubaneswar,Nanded,1201.914
Bhubaneswar,Nashik,1463.418
Bhubaneswar,Nellore,1066.008
Bhubaneswar,Pathankot,2091.720
Bhubaneswar,Patiala,1864.543
Bhubaneswar,Patna,763.584
Bhubaneswar,Prayagraj,1001.077
Bhubaneswar,Puducherry,1408.385
Bhubaneswar,Pune,1517.518
Bhubaneswar,Purnia,803.317
Bhubaneswar,Raipur,557.862
Bhubaneswar,Rajamahendravaram,623.640
Bhubaneswar,Rajapalayam,1810.542
Bhubaneswar,Rajkot,1893.674
Bhubaneswar,Ranchi,451.514
Bhubaneswar,Ratlam,1428.003
Bhubaneswar,Rewa,956.349
Bhubaneswar,Rohtak,1733.013
Bhubaneswar,Rourkela,317.737
Bhubaneswar,Saharanpur,1751.493
Bhubaneswar,Salem,1493.950
Bhubaneswar,Sambalpur,284.711
Bhubaneswar,Satna,1025.735
Bhubaneswar,Saugor,1015.602
Bhubaneswar,Shillong,1095.917
Bhubaneswar,Shimla,1979.745
Bhubaneswar,Shivamogga,1519.947
Bhubaneswar,Sholapur,1314.245
Bhubaneswar,Silchar,1073.895
Bhubaneswar,Siliguri,934.795
Bhubaneswar,Sitapur,1264.118
Bhubaneswar,Sonipat,1691.766
Bhubaneswar,Srinagar,2399.135
Bhubaneswar,Surat,1613.687
Bhubaneswar,Thanjavur,1569.115
Bhubaneswar,Thiruvananthapuram,2012.182
Bhubaneswar,Thrissur,1769.529
Bhubaneswar,Tiruchirappalli,1563.742
Bhubaneswar,Tirunelveli,1862.089
Bhubaneswar,Tirupati,1203.599
Bhubaneswar,Tiruppur,1613.182
Bhubaneswar,Tumkur,1401.447
Bhubaneswar,Udaipur,1709.780
Bhubaneswar,Udupi,1665.571
Bhubaneswar,Ujjain,1329.526
Bhubaneswar,Vadodara,1596.146
Bhubaneswar,Varanasi,879.663
Bhubaneswar,Vellore,1305.931
Bhubaneswar,Vijayawada,776.287
Bhubaneswar,Visakhapatnam,445.883
Bhubaneswar,Warangal,927.857
Bikaner,Bilaspur,1442.201
Bikaner,Brahmapur,2005.648
Bikaner,Chandigarh,535.819
Bikaner,Chennai,2331.722
Bikaner,Coimbatore,2337.727
Bikaner,Darbhanga,1474.317
Bikaner,Davangere,1883.334
Bikaner,Dehradun,677.412
Bikaner,Delhi,433.562
Bikaner,Deoghar,1634.678
Bikaner,Dhanbad,1573.494
Bikaner,Dibrugarh,2604.847
Bikaner,Dindigul,2450.104
Bikaner,Durgapur,1670.331
Bikaner,Erode,2333.695
Bikaner,Etawah,695.113
Bikaner,Farrukhabad,712.821
Bikaner,Gaya,1404.665
Bikaner,Giridih,1562.980
Bikaner,Gorakhpur,1171.937
Bikaner,Guwahati,2192.249
Bikaner,Gwalior,663.022
Bikaner,Hazaribagh,1484.350
Bikaner,Hisar,330.106
Bikaner,Hubballi,1752.607
Bikaner,Hyderabad,1603.070
Bikaner,Imphal,2651.995
Bikaner,Indore,773.102
Bikaner,Jabalpur,1121.777
Bikaner,Jaipur,333.602
Bikaner,Jalandhar,468.214
Bikaner,Jalgaon,1027.566
Bikaner,Jammu,689.475
Bikaner,Jamnagar,791.978
Bikaner,Jamshedpur,1701.020
Bikaner,Jhansi,777.369
Bikaner,Jodhpur,246.026
Bikaner,Kakinada,1972.789
Bikaner,Kalaburagi,1641.494
Bikaner,Kanpur,853.236
Bikaner,Karnal,481.566
Bikaner,Karur,2374.408
Bikaner,Kochi,2477.151
Bikaner,Kolhapur,1523.717
Bikaner,Kolkata,1837.410
Bikaner,Kollam,2617.429
Bikaner,Korba,1525.687
Bikaner,Kota,471.123
Bikaner,Kozhikode,2352.329
Bikaner,Kurnool,1795.973
Bikaner,Latur,1412.666
Bikaner,Lucknow,900.518
Bikaner,Ludhiana,452.425
Bikaner,Madurai,2516.945
Bikaner,Mangaluru,2046.753
Bikaner,Mathura,523.884
Bikaner,Meerut,506.123
Bikaner,Moradabad,619.726
Bikaner,Mumbai,1165.607
Bikaner,Muzaffarnagar,549.620
Bikaner,Muzaffarpur,1416.303
Bikaner,Mysuru,2145.106
Bikaner,Nagercoil,2732.815
Bikaner,Nagpur,1163.920
Bikaner,Nanded,1331.919
Bikaner,Nashik,1115.605
Bikaner,Nellore,2072.801
Bikaner,Pathankot,581.829
Bikaner,Patiala,462.939
Bikaner,Patna,1408.571
Bikaner,Prayagraj,1047.113
Bikaner,Puducherry,2378.996
Bikaner,Pune,1294.611
Bikaner,Purnia,1662.638
Bikaner,Raipur,1478.371
Bikaner,Rajamahendravaram,1914.833
Bikaner,Rajapalayam,2599.905
Bikaner,Rajkot,774.134
Bikaner,Ranchi,1580.235
Bikaner,Ratlam,655.047
Bikaner,Rewa,1154.171
Bikaner,Rohtak,381.512
Bikaner,Rourkela,1748.795
Bikaner,Saharanpur,573.410
Bikaner,Salem,2281.812
Bikaner,Sambalpur,1690.208
Bikaner,Satna,1049.138
Bikaner,Saugor,968.867
Bikaner,Shillong,2280.847
Bikaner,Shimla,634.684
Bikaner,Shivamogga,1959.276
Bikaner,Sholapur,1501.966
Bikaner,Silchar,2420.538
Bikaner,Siliguri,1772.853
Bikaner,Sitapur,873.465
Bikaner,Sonipat,435.038
Bikaner,Srinagar,889.244
Bikaner,Surat,905.813
Bikaner,Thanjavur,2463.133
Bikaner,Thiruvananthapuram,2688.785
Bikaner,Thrissur,2407.708
Bikaner,Tiruchirappalli,2416.121
Bikaner,Tirunelveli,2651.452
Bikaner,Tirupati,2212.611
Bikaner,Tiruppur,2377.610
Bikaner,Tumkur,2019.291
Bikaner,Udaipur,481.337
Bikaner,Udupi,1993.822
Bikaner,Ujjain,716.981
Bikaner,Vadodara,769.324
Bikaner,Varanasi,1170.547
Bikaner,Vellore,2236.300
Bikaner,Vijayawada,1853.449
Bikaner,Visakhapatnam,1984.792
Bikaner,Warangal,1606.631
Bilaspur,Brahmapur,537.730
Bilaspur,Chandigarh,1358.343
Bilaspur,Chennai,1298.539
Bilaspur,Coimbatore,1720.623
Bilaspur,Darbhanga,745.631
Bilaspur,Davangere,1352.562
Bilaspur,Dehradun,1295.178
Bilaspur,Delhi,1099.969
Bilaspur,Deoghar,683.705
Bilaspur,Dhanbad,585.977
Bilaspur,Dibrugarh,1881.255
Bilaspur,Dindigul,1717.691
Bilaspur,Durgapur,692.093
Bilaspur,Erode,1615.297
Bilaspur,Etawah,851.308
Bilaspur,Farrukhabad,917.604
Bilaspur,Gaya,577.042
Bilaspur,Giridih,615.668
Bilaspur,Gorakhpur,785.917
Bilaspur,Guwahati,1432.186
Bilaspur,Gwalior,768.257
Bilaspur,Hazaribagh,526.680
Bilaspur,Hisar,1268.653
Bilaspur,Hubballi,1341.238
Bilaspur,Hyderabad,854.093
Bilaspur,Imphal,1697.579
Bilaspur,Indore,809.807
Bilaspur,Jabalpur,314.631
Bilaspur,Jaipur,1111.469
Bilaspur,Jalandhar,1467.120
Bilaspur,Jalgaon,847.976
Bilaspur,Jammu,1685.659
Bilaspur,Jamnagar,1498.647
Bilaspur,Jamshedpur,559.711
Bilaspur,Jhansi,662.380
Bilaspur,Jodhpur,1346.670
Bilaspur,Kakinada,768.721
Bilaspur,Kalaburagi,990.101
Bilaspur,Kanpur,776.422
Bilaspur,Karnal,1234.211
Bilaspur,Karur,1641.995
Bilaspur,Kochi,1902.064
Bilaspur,Kolhapur,1246.927
Bilaspur,Kolkata,807.185
Bilaspur,Kollam,2027.942
Bilaspur,Korba,85.210
Bilaspur,Kota,968.150
Bilaspur,Kozhikode,1781.884
Bilaspur,Kurnool,1068.783
Bilaspur,Latur,906.755
Bilaspur,Lucknow,756.320
Bilaspur,Ludhiana,1407.996
Bilaspur,Madurai,1749.105
Bilaspur,Mangaluru,1648.034
Bilaspur,Mathura,955.331
Bilaspur,Meerut,1178.209
Bilaspur,Moradabad,1086.558
Bilaspur,Mumbai,1171.371
Bilaspur,Muzaffarnagar,1234.953
Bilaspur,Muzaffarpur,689.811
Bilaspur,Mysuru,1574.662
Bilaspur,Nagercoil,2000.402
Bilaspur,Nagpur,399.279
Bilaspur,Nanded,775.653
Bilaspur,Nashik,1019.194
Bilaspur,Nellore,1122.958
Bilaspur,Pathankot,1578.012
Bilaspur,Patiala,1351.185
Bilaspur,Patna,619.093
Bilaspur,Prayagraj,549.064
Bilaspur,Puducherry,1465.335
Bilaspur,Pune,1073.294
Bilaspur,Purnia,902.316
Bilaspur,Raipur,119.770
Bilaspur,Rajamahendravaram,743.636
Bilaspur,Rajapalayam,1867.492
Bilaspur,Rajkot,1409.613
Bilaspur,Ranchi,430.304
Bilaspur,Ratlam,943.941
Bilaspur,Rewa,420.772
Bilaspur,Rohtak,1172.651
Bilaspur,Rourkela,362.388
Bilaspur,Saharanpur,1308.743
Bilaspur,Salem,1550.900
Bilaspur,Sambalpur,248.898
Bilaspur,Satna,490.158
Bilaspur,Saugor,480.025
Bilaspur,Shillong,1461.376
Bilaspur,Shimla,1536.995
Bilaspur,Shivamogga,1451.859
Bilaspur,Sholapur,1045.381
Bilaspur,Silchar,1439.355
Bilaspur,Siliguri,1049.261
Bilaspur,Sitapur,843.440
Bilaspur,Sonipat,1157.347
Bilaspur,Srinagar,1885.428
Bilaspur,Surat,1169.463
Bilaspur,Thanjavur,1626.065
Bilaspur,Thiruvananthapuram,2069.132
Bilaspur,Thrissur,1826.479
Bilaspur,Tiruchirappalli,1620.693
Bilaspur,Tirunelveli,1919.039
Bilaspur,Tirupati,1260.549
Bilaspur,Tiruppur,1670.132
Bilaspur,Tumkur,1397.859
Bilaspur,Udaipur,1200.779
Bilaspur,Udupi,1597.483
Bilaspur,Ujjain,845.465
Bilaspur,Vadodara,1157.013
Bilaspur,Varanasi,517.441
Bilaspur,Vellore,1362.881
Bilaspur,Vijayawada,852.487
Bilaspur,Visakhapatnam,699.037
Bilaspur,Warangal,703.444
Brahmapur,Chandigarh,1875.030
Brahmapur,Chennai,1071.833
Brahmapur,Coimbatore,1493.917
Brahmapur,Darbhanga,1019.577
Brahmapur,Davangere,1308.559
Brahmapur,Dehradun,1725.313
Brahmapur,Delhi,1662.866
Brahmapur,Deoghar,804.112
Brahmapur,Dhanbad,669.200
Brahmapur,Dibrugarh,1764.453
Brahmapur,Dindigul,1490.985
Brahmapur,Durgapur,650.643
Brahmapur,Erode,1388.591
Brahmapur,Etawah,1414.205
Brahmapur,Farrukhabad,1347.739
Brahmapur,Gaya,834.002
Brahmapur,Giridih,733.374
Brahmapur,Gorakhpur,1183.901
Brahmapur,Guwahati,1358.354
Brahmapur,Gwalior,1331.153
Brahmapur,Hazaribagh,703.123
Brahmapur,Hisar,1831.550
Brahmapur,Hubballi,1324.141
Brahmapur,Hyderabad,827.307
Brahmapur,Imphal,1500.806
Brahmapur,Indore,1273.283
Brahmapur,Jabalpur,877.527
Brahmapur,Jaipur,1674.366
Brahmapur,Jalandhar,2030.016
Brahmapur,Jalgaon,1271.615
Brahmapur,Jammu,2248.555
Brahmapur,Jamnagar,1962.124
Brahmapur,Jamshedpur,525.632
Brahmapur,Jhansi,1225.276
Brahmapur,Jodhpur,1891.885
Brahmapur,Kakinada,418.104
Brahmapur,Kalaburagi,1064.871
Brahmapur,Kanpur,1339.319
Brahmapur,Karnal,1719.306
Brahmapur,Karur,1415.289
Brahmapur,Kochi,1675.358
Brahmapur,Kolhapur,1384.344
Brahmapur,Kolkata,610.413
Brahmapur,Kollam,1801.236
Brahmapur,Korba,533.539
Brahmapur,Kota,1513.365
Brahmapur,Kozhikode,1572.067
Brahmapur,Kurnool,943.350
Brahmapur,Latur,1123.777
Brahmapur,Lucknow,1339.114
Brahmapur,Ludhiana,1970.892
Brahmapur,Madurai,1522.399
Brahmapur,Mangaluru,1541.682
Brahmapur,Mathura,1518.227
Brahmapur,Meerut,1608.344
Brahmapur,Moradabad,1516.693
Brahmapur,Mumbai,1595.010
Brahmapur,Muzaffarnagar,1665.087
Brahmapur,Muzaffarpur,997.577
Brahmapur,Mysuru,1364.844
Brahmapur,Nagercoil,1773.696
Brahmapur,Nagpur,822.918
Brahmapur,Nanded,1031.232
Brahmapur,Nashik,1442.833
Brahmapur,Nellore,896.252
Brahmapur,Pathankot,2140.909
Brahmapur,Patiala,1914.081
Brahmapur,Patna,932.271
Brahmapur,Prayagraj,988.462
Brahmapur,Puducherry,1238.629
Brahmapur,Pune,1394.687
Brahmapur,Purnia,972.004
Brahmapur,Raipur,537.278
Brahmapur,Rajamahendravaram,453.884
Brahmapur,Rajapalayam,1640.786
Brahmapur,Rajkot,1873.090
Brahmapur,Ranchi,620.201
Brahmapur,Ratlam,1407.418
Brahmapur,Rewa,957.554
Brahmapur,Rohtak,1735.548
Brahmapur,Rourkela,467.309
Brahmapur,Saharanpur,1738.877
Brahmapur,Salem,1324.194
Brahmapur,Sambalpur,328.068
Brahmapur,Satna,1026.941
Brahmapur,Saugor,1042.922
Brahmapur,Shillong,1264.603
Brahmapur,Shimla,1967.130
Brahmapur,Shivamogga,1350.191
Brahmapur,Sholapur,1144.489
Brahmapur,Silchar,1242.582
Brahmapur,Siliguri,1103.482
Brahmapur,Sitapur,1426.230
Brahmapur,Sonipat,1679.151
Brahmapur,Srinagar,2448.324
Brahmapur,Surat,1593.102
Brahmapur,Thanjavur,1399.359
Brahmapur,Thiruvananthapuram,1842.426
Brahmapur,Thrissur,1599.773
Brahmapur,Tiruchirappalli,1393.986
Brahmapur,Tirunelveli,1692.333
Brahmapur,Tirupati,1033.843
Brahmapur,Tiruppur,1443.426
Brahmapur,Tumkur,1231.691
Brahmapur,Udaipur,1689.195
Brahmapur,Udupi,1495.814
Brahmapur,Ujjain,1308.941
Brahmapur,Vadodara,1575.562
Brahmapur,Varanasi,1041.776
Brahmapur,Vellore,1136.175
Brahmapur,Vijayawada,606.531
Brahmapur,Visakhapatnam,276.127
Brahmapur,Warangal,758.101
Chandigarh,Chennai,2470.681
Chandigarh,Coimbatore,2542.472
Chandigarh,Darbhanga,1253.624
Chandigarh,Davangere,2088.079
Chandigarh,Dehradun,165.053
Chandigarh,Delhi,260.688
Chandigarh,Deoghar,1444.627
Chandigarh,Dhanbad,1383.442
Chandigarh,Dibrugarh,2384.154
Chandigarh,Dindigul,2654.849
Chandigarh,Durgapur,1480.280
Chandigarh,Erode,2538.439
Chandigarh,Etawah,571.927
Chandigarh,Farrukhabad,543.624
Chandigarh,Gaya,1214.613
Chandigarh,Giridih,1372.929
Chandigarh,Gorakhpur,951.243
Chandigarh,Guwahati,1971.556
Chandigarh,Gwalior,580.892
Chandigarh,Hazaribagh,1294.298
Chandigarh,Hisar,247.448
Chandigarh,Hubballi,1971.330
Chandigarh,Hyderabad,1797.584
Chandigarh,Imphal,2431.302
Chandigarh,Indore,992.811
Chandigarh,Jabalpur,1039.647
Chandigarh,Jaipur,473.337
Chandigarh,Jalandhar,149.299
Chandigarh,Jalgaon,1286.162
Chandigarh,Jammu,354.365
Chandigarh,Jamnagar,1301.585
Chandigarh,Jamshedpur,1510.968
Chandigarh,Jhansi,695.239
Chandigarh,Jodhpur,713.768
Chandigarh,Kakinada,2045.191
Chandigarh,Kalaburagi,1811.040
Chandigarh,Kanpur,690.976
Chandigarh,Karnal,124.819
Chandigarh,Karur,2579.153
Chandigarh,Kochi,2681.896
Chandigarh,Kolhapur,1801.942
Chandigarh,Kolkata,1647.358
Chandigarh,Kollam,2822.175
Chandigarh,Korba,1430.001
Chandigarh,Kota,727.866
Chandigarh,Kozhikode,2557.074
Chandigarh,Kurnool,1990.486
Chandigarh,Latur,1671.262
Chandigarh,Lucknow,679.825
Chandigarh,Ludhiana,98.479
Chandigarh,Madurai,2721.690
Chandigarh,Mangaluru,2315.791
Chandigarh,Mathura,405.462
Chandigarh,Meerut,235.296
Chandigarh,Moradabad,352.197
Chandigarh,Mumbai,1592.427
Chandigarh,Muzaffarnagar,204.130
Chandigarh,Muzaffarpur,1195.610
Chandigarh,Mysuru,2349.852
Chandigarh,Nagercoil,2937.560
Chandigarh,Nagpur,1386.218
Chandigarh,Nanded,1526.434
Chandigarh,Nashik,1407.101
Chandigarh,Nellore,2295.100
Chandigarh,Pathankot,246.719
Chandigarh,Patiala,68.401
Chandigarh,Patna,1187.878
Chandigarh,Prayagraj,864.957
Chandigarh,Puducherry,2583.741
Chandigarh,Pune,1593.451
Chandigarh,Purnia,1441.945
Chandigarh,Raipur,1396.241
Chandigarh,Rajamahendravaram,2020.106
Chandigarh,Rajapalayam,2804.651
Chandigarh,Rajkot,1283.740
Chandigarh,Ranchi,1390.183
Chandigarh,Ratlam,941.473
Chandigarh,Rewa,994.795
Chandigarh,Rohtak,229.132
Chandigarh,Rourkela,1558.744
Chandigarh,Saharanpur,138.225
Chandigarh,Salem,2486.557
Chandigarh,Sambalpur,1528.463
Chandigarh,Satna,980.997
Chandigarh,Saugor,897.199
Chandigarh,Shillong,2060.155
Chandigarh,Shimla,112.605
Chandigarh,Shivamogga,2164.021
Chandigarh,Sholapur,1706.711
Chandigarh,Silchar,2230.486
Chandigarh,Siliguri,1552.160
Chandigarh,Sitapur,613.301
Chandigarh,Sonipat,209.041
Chandigarh,Srinagar,554.134
Chandigarh,Surat,1332.632
Chandigarh,Thanjavur,2667.878
Chandigarh,Thiruvananthapuram,2893.531
Chandigarh,Thrissur,2612.453
Chandigarh,Tiruchirappalli,2620.866
Chandigarh,Tirunelveli,2856.197
Chandigarh,Tirupati,2327.897
Chandigarh,Tiruppur,2582.355
Chandigarh,Tumkur,2224.036
Chandigarh,Udaipur,866.433
Chandigarh,Udupi,2262.860
Chandigarh,Ujjain,936.690
Chandigarh,Vadodara,1196.711
Chandigarh,Varanasi,980.496
Chandigarh,Vellore,2441.045
Chandigarh,Vijayawada,2075.748
Chandigarh,Visakhapatnam,1975.508
Chandigarh,Warangal,1828.930
Chennai,Coimbatore,518.922
Chennai,Darbhanga,2016.064
Chennai,Davangere,596.979
Chennai,Dehradun,2384.996
Chennai,Delhi,2124.765
Chennai,Deoghar,1858.831
Chennai,Dhanbad,1723.919
Chennai,Dibrugarh,2819.171
Chennai,Dindigul,425.054
Chennai,Durgapur,1705.362
Chennai,Erode,413.596
Chennai,Etawah,1887.593
Chennai,Farrukhabad,1955.782
Chennai,Gaya,1791.263
Chennai,Giridih,1788.092
Chennai,Gorakhpur,1975.963
Chennai,Guwahati,2413.073
Chennai,Gwalior,1793.052
Chennai,Hazaribagh,1723.819
Chennai,Hisar,2271.970
Chennai,Hubballi,709.932
Chennai,Hyderabad,628.858
Chennai,Imphal,2555.525
Chennai,Indore,1454.348
Chennai,Jabalpur,1371.309
Chennai,Jaipur,1986.515
Chennai,Jalandhar,2527.146
Chennai,Jalgaon,1268.280
Chennai,Jammu,2745.684
Chennai,Jamnagar,1930.257
Chennai,Jamshedpur,1580.351
Chennai,Jhansi,1686.171
Chennai,Jodhpur,2120.760
Chennai,Kakinada,651.134
Chennai,Kalaburagi,717.130
Chennai,Kanpur,1812.707
Chennai,Karnal,2259.006
Chennai,Karur,387.134
Chennai,Kochi,700.363
Chennai,Kolhapur,911.551
Chennai,Kolkata,1665.131
Chennai,Kollam,720.623
Chennai,Korba,1379.880
Chennai,Kota,1746.867
Chennai,Kozhikode,678.857
Chennai,Kurnool,457.682
Chennai,Latur,881.783
Chennai,Lucknow,1894.695
Chennai,Ludhiana,2468.021
Chennai,Madurai,455.585
Chennai,Mangaluru,695.418
Chennai,Mathura,1980.127
Chennai,Meerut,2268.027
Chennai,Moradabad,2176.376
Chennai,Mumbai,1227.413
Chennai,Muzaffarnagar,2324.770
Chennai,Muzaffarpur,1960.244
Chennai,Mysuru,471.635
Chennai,Nagercoil,693.464
Chennai,Nagpur,1090.892
Chennai,Nanded,919.039
Chennai,Nashik,1213.377
Chennai,Nellore,175.787
Chennai,Pathankot,2638.038
Chennai,Patiala,2411.211
Chennai,Patna,1889.533
Chennai,Prayagraj,1730.403
Chennai,Puducherry,150.793
Chennai,Pune,1080.703
Chennai,Purnia,2026.722
Chennai,Raipur,1178.139
Chennai,Rajamahendravaram,610.003
Chennai,Rajapalayam,560.555
Chennai,Rajkot,1841.223
Chennai,Ranchi,1620.299
Chennai,Ratlam,1591.232
Chennai,Rewa,1595.191
Chennai,Rohtak,2232.677
Chennai,Rourkela,1499.731
Chennai,Saharanpur,2284.764
Chennai,Salem,349.199
Chennai,Sambalpur,1290.808
Chennai,Satna,1566.427
Chennai,Saugor,1479.881
Chennai,Shillong,2319.323
Chennai,Shimla,2542.810
Chennai,Shivamogga,635.742
Chennai,Sholapur,860.386
Chennai,Silchar,2297.300
Chennai,Siliguri,2158.201
Chennai,Sitapur,1988.843
Chennai,Sonipat,2182.142
Chennai,Srinagar,2945.453
Chennai,Surat,1442.954
Chennai,Thanjavur,332.546
Chennai,Thiruvananthapuram,762.195
Chennai,Thrissur,624.777
Chennai,Tiruchirappalli,327.173
Chennai,Tirunelveli,612.101
Chennai,Tirupati,135.354
Chennai,Tiruppur,468.431
Chennai,Tumkur,400.712
Chennai,Udaipur,1863.743
Chennai,Udupi,745.738
Chennai,Ujjain,1504.160
Chennai,Vadodara,1566.436
Chennai,Varanasi,1829.704
Chennai,Vellore,138.788
Chennai,Vijayawada,453.279
Chennai,Visakhapatnam,793.995
Chennai,Warangal,645.020
Coimbatore,Darbhanga,2434.312
Coimbatore,Davangere,516.164
Coimbatore,Dehradun,2496.470
Coimbatore,Delhi,2278.414
Coimbatore,Deoghar,2277.079
Coimbatore,Dhanbad,2142.168
Coimbatore,Dibrugarh,3237.420
Coimbatore,Dindigul,151.989
Coimbatore,Durgapur,2123.610
Coimbatore,Erode,105.025
Coimbatore,Etawah,2206.865
Coimbatore,Farrukhabad,2275.054
Coimbatore,Gaya,2209.512
Coimbatore,Giridih,2206.341
Coimbatore,Gorakhpur,2295.235
Coimbatore,Guwahati,2831.321
Coimbatore,Gwalior,2112.324
Coimbatore,Hazaribagh,2142.068
Coimbatore,Hisar,2374.950
Coimbatore,Hubballi,657.145
Coimbatore,Hyderabad,892.566
Coimbatore,Imphal,2973.773
Coimbatore,Indore,1552.291
Coimbatore,Jabalpur,1690.581
Coimbatore,Jaipur,2089.495
Coimbatore,Jalandhar,2630.126
Coimbatore,Jalgaon,1309.171
Coimbatore,Jammu,2848.665
Coimbatore,Jamnagar,1936.683
Coimbatore,Jamshedpur,1998.599
Coimbatore,Jhansi,2005.443
Coimbatore,Jodhpur,2127.186
Coimbatore,Kakinada,1069.382
Coimbatore,Kalaburagi,858.624
Coimbatore,Kanpur,2131.979
Coimbatore,Karnal,2421.624
Coimbatore,Karur,134.968
Coimbatore,Kochi,189.793
Coimbatore,Kolhapur,859.436
Coimbatore,Kolkata,2083.380
Coimbatore,Kollam,315.671
Coimbatore,Korba,1798.128
Coimbatore,Kota,1849.848
Coimbatore,Kozhikode,179.110
Coimbatore,Kurnool,685.586
Coimbatore,Latur,989.865
Coimbatore,Lucknow,2213.966
Coimbatore,Ludhiana,2571.002
Coimbatore,Madurai,209.839
Coimbatore,Mangaluru,449.905
Coimbatore,Mathura,2206.780
Coimbatore,Meerut,2341.505
Coimbatore,Moradabad,2448.282
Coimbatore,Mumbai,1233.839
Coimbatore,Muzaffarnagar,2398.283
Coimbatore,Muzaffarpur,2378.492
Coimbatore,Mysuru,196.448
Coimbatore,Nagercoil,425.709
Coimbatore,Nagpur,1410.163
Coimbatore,Nanded,1111.787
Coimbatore,Nashik,1219.803
Coimbatore,Nellore,594.035
Coimbatore,Pathankot,2741.019
Coimbatore,Patiala,2514.191
Coimbatore,Patna,2307.781
Coimbatore,Prayagraj,2049.675
Coimbatore,Puducherry,385.210
Coimbatore,Pune,1087.130
Coimbatore,Purnia,2444.971
Coimbatore,Raipur,1596.387
Coimbatore,Rajamahendravaram,1028.251
Coimbatore,Rajapalayam,267.257
Coimbatore,Rajkot,1847.649
Coimbatore,Ranchi,2038.548
Coimbatore,Ratlam,1628.045
Coimbatore,Rewa,1914.463
Coimbatore,Rohtak,2335.657
Coimbatore,Rourkela,1917.979
Coimbatore,Saharanpur,2438.414
Coimbatore,Salem,169.161
Coimbatore,Sambalpur,1709.056
Coimbatore,Satna,1885.698
Coimbatore,Saugor,1799.152
Coimbatore,Shillong,2737.571
Coimbatore,Shimla,2645.790
Coimbatore,Shivamogga,473.761
Coimbatore,Sholapur,866.812
Coimbatore,Silchar,2715.549
Coimbatore,Siliguri,2576.449
Coimbatore,Sitapur,2308.115
Coimbatore,Sonipat,2321.667
Coimbatore,Srinagar,3048.434
Coimbatore,Surat,1449.380
Coimbatore,Thanjavur,288.670
Coimbatore,Thiruvananthapuram,387.027
Coimbatore,Thrissur,114.208
Coimbatore,Tiruchirappalli,236.129
Coimbatore,Tirunelveli,344.346
Coimbatore,Tirupati,461.567
Coimbatore,Tiruppur,60.836
Coimbatore,Tumkur,314.602
Coimbatore,Udaipur,1870.169
Coimbatore,Udupi,499.837
Coimbatore,Ujjain,1607.140
Coimbatore,Vadodara,1572.862
Coimbatore,Varanasi,2148.976
Coimbatore,Vellore,393.130
Coimbatore,Vijayawada,871.528
Coimbatore,Visakhapatnam,1212.244
Coimbatore,Warangal,1018.307
Darbhanga,Davangere,2152.199
Darbhanga,Dehradun,1126.792
Darbhanga,Delhi,1057.881
Darbhanga,Deoghar,258.805
Darbhanga,Dhanbad,350.752
Darbhanga,Dibrugarh,1135.794
Darbhanga,Dindigul,2437.475
Darbhanga,Durgapur,422.508
Darbhanga,Erode,2335.081
Darbhanga,Etawah,792.085
Darbhanga,Farrukhabad,757.950
Darbhanga,Gaya,224.381
Darbhanga,Giridih,286.439
Darbhanga,Gorakhpur,303.654
Darbhanga,Guwahati,723.197
Darbhanga,Gwalior,927.269
Darbhanga,Hazaribagh,324.582
Darbhanga,Hisar,1241.677
Darbhanga,Hubballi,2035.450
Darbhanga,Hyderabad,1598.189
Darbhanga,Imphal,1182.942
Darbhanga,Indore,1305.627
Darbhanga,Jabalpur,816.721
Darbhanga,Jaipur,1139.385
Darbhanga,Jalandhar,1378.424
Darbhanga,Jalgaon,1480.003
Darbhanga,Jammu,1596.963
Darbhanga,Jamnagar,2018.734
Darbhanga,Jamshedpur,499.772
Darbhanga,Jhansi,890.048
Darbhanga,Jodhpur,1471.826
Darbhanga,Kakinada,1427.651
Darbhanga,Kalaburagi,1697.267
Darbhanga,Kanpur,654.602
Darbhanga,Karnal,1129.518
Darbhanga,Karur,2361.779
Darbhanga,Kochi,2621.848
Darbhanga,Kolhapur,1941.139
Darbhanga,Kolkata,589.586
Darbhanga,Kollam,2747.726
Darbhanga,Korba,698.411
Darbhanga,Kota,1211.143
Darbhanga,Kozhikode,2525.979
Darbhanga,Kurnool,1812.878
Darbhanga,Latur,1600.967
Darbhanga,Lucknow,574.943
Darbhanga,Ludhiana,1318.516
Darbhanga,Madurai,2468.889
Darbhanga,Mangaluru,2391.857
Darbhanga,Mathura,945.129
Darbhanga,Meerut,1018.555
Darbhanga,Moradabad,918.346
Darbhanga,Mumbai,1865.583
Darbhanga,Muzaffarnagar,1075.299
Darbhanga,Muzaffarpur,62.809
Darbhanga,Mysuru,2318.757
Darbhanga,Nagercoil,2720.186
Darbhanga,Nagpur,1085.639
Darbhanga,Nanded,1500.814
Darbhanga,Nashik,1713.406
Darbhanga,Nellore,1842.742
Darbhanga,Pathankot,1489.316
Darbhanga,Patiala,1262.139
Darbhanga,Patna,127.954
Darbhanga,Prayagraj,488.297
Darbhanga,Puducherry,2185.119
Darbhanga,Pune,1767.506
Darbhanga,Purnia,188.506
Darbhanga,Raipur,863.866
Darbhanga,Rajamahendravaram,1463.431
Darbhanga,Rajapalayam,2587.276
Darbhanga,Rajkot,1929.700
Darbhanga,Ranchi,420.467
Darbhanga,Ratlam,1421.862
Darbhanga,Rewa,581.749
Darbhanga,Rohtak,1130.609
Darbhanga,Rourkela,620.074
Darbhanga,Saharanpur,1149.089
Darbhanga,Salem,2270.684
Darbhanga,Sambalpur,725.166
Darbhanga,Satna,640.259
Darbhanga,Saugor,941.044
Darbhanga,Shillong,811.795
Darbhanga,Shimla,1377.341
Darbhanga,Shivamogga,2195.955
Darbhanga,Sholapur,1739.593
Darbhanga,Silchar,1017.062
Darbhanga,Siliguri,303.800
Darbhanga,Sitapur,652.373
Darbhanga,Sonipat,1089.363
Darbhanga,Srinagar,1796.731
Darbhanga,Surat,1733.016
Darbhanga,Thanjavur,2345.850
Darbhanga,Thiruvananthapuram,2788.916
Darbhanga,Thrissur,2546.263
Darbhanga,Tiruchirappalli,2340.477
Darbhanga,Tirunelveli,2638.823
Darbhanga,Tirupati,1980.333
Darbhanga,Tiruppur,2389.916
Darbhanga,Tumkur,2141.954
Darbhanga,Udaipur,1485.339
Darbhanga,Udupi,2338.927
Darbhanga,Ujjain,1351.512
Darbhanga,Vadodara,1677.100
Darbhanga,Varanasi,370.106
Darbhanga,Vellore,2082.665
Darbhanga,Vijayawada,1572.272
Darbhanga,Visakhapatnam,1285.674
Darbhanga,Warangal,1447.540
Davangere,Dehradun,2041.578
Davangere,Delhi,1823.523
Davangere,Deoghar,2104.144
Davangere,Dhanbad,1969.232
Davangere,Dibrugarh,3064.484
Davangere,Dindigul,628.184
Davangere,Durgapur,1950.675
Davangere,Erode,511.775
Davangere,Etawah,1773.305
Davangere,Farrukhabad,1873.248
Davangere,Gaya,1970.532
Davangere,Giridih,2033.405
Davangere,Gorakhpur,1945.604
Davangere,Guwahati,2658.385
Davangere,Gwalior,1651.080
Davangere,Hazaribagh,1940.111
Davangere,Hisar,1920.058
Davangere,Hubballi,151.501
Davangere,Hyderabad,550.868
Davangere,Imphal,2800.838
Davangere,Indore,1097.399
Davangere,Jabalpur,1340.950
Davangere,Jaipur,1634.603
Davangere,Jalandhar,2175.234
Davangere,Jalgaon,854.279
Davangere,Jammu,2393.773
Davangere,Jamnagar,1481.791
Davangere,Jamshedpur,1825.663
Davangere,Jhansi,1575.339
Davangere,Jodhpur,1672.294
Davangere,Kakinada,913.270
Davangere,Kalaburagi,404.443
Davangere,Kanpur,1756.747
Davangere,Karnal,1966.732
Davangere,Karur,552.488
Davangere,Kochi,655.231
Davangere,Kolhapur,353.792
Davangere,Kolkata,1910.444
Davangere,Kollam,795.510
Davangere,Korba,1498.641
Davangere,Kota,1394.956
Davangere,Kozhikode,530.409
Davangere,Kurnool,372.525
Davangere,Latur,534.973
Davangere,Lucknow,1838.735
Davangere,Ludhiana,2116.110
Davangere,Madurai,695.025
Davangere,Mangaluru,272.904
Davangere,Mathura,1751.888
Davangere,Meerut,1886.613
Davangere,Moradabad,1993.390
Davangere,Mumbai,757.590
Davangere,Muzaffarnagar,1943.391
Davangere,Muzaffarpur,2084.834
Davangere,Mysuru,323.187
Davangere,Nagercoil,910.895
Davangere,Nagpur,1061.619
Davangere,Nanded,657.607
Davangere,Nashik,764.912
Davangere,Nellore,538.891
Davangere,Pathankot,2286.127
Davangere,Patiala,2059.299
Davangere,Patna,2024.566
Davangere,Prayagraj,1700.044
Davangere,Puducherry,603.866
Davangere,Pune,610.881
Davangere,Purnia,2314.452
Davangere,Raipur,1301.828
Davangere,Rajamahendravaram,855.315
Davangere,Rajapalayam,777.986
Davangere,Rajkot,1392.757
Davangere,Ranchi,1843.735
Davangere,Ratlam,1173.153
Davangere,Rewa,1564.832
Davangere,Rohtak,1880.766
Davangere,Rourkela,1745.044
Davangere,Saharanpur,1983.522
Davangere,Salem,459.893
Davangere,Sambalpur,1536.120
Davangere,Satna,1536.068
Davangere,Saugor,1395.564
Davangere,Shillong,2564.635
Davangere,Shimla,2190.898
Davangere,Shivamogga,94.434
Davangere,Sholapur,411.920
Davangere,Silchar,2542.613
Davangere,Siliguri,2403.514
Davangere,Sitapur,1932.882
Davangere,Sonipat,1866.775
Davangere,Srinagar,2593.542
Davangere,Surat,994.489
Davangere,Thanjavur,641.213
Davangere,Thiruvananthapuram,866.866
Davangere,Thrissur,585.788
Davangere,Tiruchirappalli,594.201
Davangere,Tirunelveli,829.532
Davangere,Tirupati,465.481
Davangere,Tiruppur,555.690
Davangere,Tumkur,197.371
Davangere,Udaipur,1415.277
Davangere,Udupi,228.224
Davangere,Ujjain,1152.249
Davangere,Vadodara,1117.970
Davangere,Varanasi,1799.345
Davangere,Vellore,461.855
Davangere,Vijayawada,698.592
Davangere,Visakhapatnam,1039.308
Davangere,Warangal,711.127
Dehradun,Delhi,219.226
Dehradun,Deoghar,1325.942
Dehradun,Dhanbad,1264.758
Dehradun,Dibrugarh,2257.016
Dehradun,Dindigul,2609.670
Dehradun,Durgapur,1361.595
Dehradun,Erode,2493.260
Dehradun,Etawah,511.011
Dehradun,Farrukhabad,424.940
Dehradun,Gaya,1095.929
Dehradun,Giridih,1254.245
Dehradun,Gorakhpur,824.106
Dehradun,Guwahati,1844.418
Dehradun,Gwalior,539.431
Dehradun,Hazaribagh,1175.614
Dehradun,Hisar,350.114
Dehradun,Hubballi,1926.150
Dehradun,Hyderabad,1752.405
Dehradun,Imphal,2304.164
Dehradun,Indore,947.631
Dehradun,Jabalpur,1014.678
Dehradun,Jaipur,508.768
Dehradun,Jalandhar,325.692
Dehradun,Jalgaon,1240.983
Dehradun,Jammu,515.559
Dehradun,Jamnagar,1400.254
Dehradun,Jamshedpur,1392.284
Dehradun,Jhansi,653.777
Dehradun,Jodhpur,766.896
Dehradun,Kakinada,2020.222
Dehradun,Kalaburagi,1765.861
Dehradun,Kanpur,572.309
Dehradun,Karnal,152.343
Dehradun,Karur,2533.974
Dehradun,Kochi,2636.716
Dehradun,Kolhapur,1756.763
Dehradun,Kolkata,1528.674
Dehradun,Kollam,2776.995
Dehradun,Korba,1311.316
Dehradun,Kota,682.687
Dehradun,Kozhikode,2511.895
Dehradun,Kurnool,1945.307
Dehradun,Latur,1626.082
Dehradun,Lucknow,552.651
Dehradun,Ludhiana,265.785
Dehradun,Madurai,2676.511
Dehradun,Mangaluru,2270.612
Dehradun,Mathura,364.001
Dehradun,Meerut,187.312
Dehradun,Moradabad,208.319
Dehradun,Mumbai,1547.247
Dehradun,Muzaffarnagar,118.541
Dehradun,Muzaffarpur,1068.472
Dehradun,Mysuru,2304.673
Dehradun,Nagercoil,2892.381
Dehradun,Nagpur,1241.996
Dehradun,Nanded,1481.254
Dehradun,Nashik,1361.922
Dehradun,Nellore,2188.790
Dehradun,Pathankot,407.913
Dehradun,Patiala,209.407
Dehradun,Patna,1069.194
Dehradun,Prayagraj,746.272
Dehradun,Puducherry,2538.562
Dehradun,Pune,1548.272
Dehradun,Purnia,1314.807
Dehradun,Raipur,1371.272
Dehradun,Rajamahendravaram,1995.137
Dehradun,Rajapalayam,2759.472
Dehradun,Rajkot,1404.131
Dehradun,Ranchi,1271.499
Dehradun,Ratlam,896.294
Dehradun,Rewa,876.111
Dehradun,Rohtak,246.724
Dehradun,Rourkela,1440.060
Dehradun,Saharanpur,69.679
Dehradun,Salem,2441.378
Dehradun,Sambalpur,1409.779
Dehradun,Satna,837.614
Dehradun,Saugor,855.738
Dehradun,Shillong,1933.017
Dehradun,Shimla,259.347
Dehradun,Shivamogga,2118.842
Dehradun,Sholapur,1661.532
Dehradun,Silchar,2111.802
Dehradun,Siliguri,1425.022
Dehradun,Sitapur,476.620
Dehradun,Sonipat,201.457
Dehradun,Srinagar,715.328
Dehradun,Surat,1287.453
Dehradun,Thanjavur,2622.699
Dehradun,Thiruvananthapuram,2848.352
Dehradun,Thrissur,2567.274
Dehradun,Tiruchirappalli,2575.687
Dehradun,Tirunelveli,2811.018
Dehradun,Tirupati,2282.718
Dehradun,Tiruppur,2537.176
Dehradun,Tumkur,2178.857
Dehradun,Udaipur,895.351
Dehradun,Udupi,2217.681
Dehradun,Ujjain,891.511
Dehradun,Vadodara,1151.532
Dehradun,Varanasi,861.812
Dehradun,Vellore,2395.866
Dehradun,Vijayawada,1969.438
Dehradun,Visakhapatnam,1950.538
Dehradun,Warangal,1722.620
Delhi,Deoghar,1251.757
Delhi,Dhanbad,1190.573
Delhi,Dibrugarh,2191.285
Delhi,Dindigul,2392.529
Delhi,Durgapur,1287.411
Delhi,Erode,2276.119
Delhi,Etawah,328.169
Delhi,Farrukhabad,350.755
Delhi,Gaya,1021.744
Delhi,Giridih,1180.060
Delhi,Gorakhpur,758.374
Delhi,Guwahati,1778.687
Delhi,Gwalior,321.540
Delhi,Hazaribagh,1101.429
Delhi,Hisar,174.951
Delhi,Hubballi,1709.009
Delhi,Hyderabad,1535.264
Delhi,Imphal,2238.433
Delhi,Indore,730.490
Delhi,Jabalpur,780.295
Delhi,Jaipur,303.209
Delhi,Jalandhar,383.973
Delhi,Jalgaon,1023.842
Delhi,Jammu,602.512
Delhi,Jamnagar,1204.213
Delhi,Jamshedpur,1318.099
Delhi,Jhansi,435.887
Delhi,Jodhpur,569.318
Delhi,Kakinada,1785.839
Delhi,Kalaburagi,1548.720
Delhi,Kanpur,451.676
Delhi,Karnal,135.057
Delhi,Karur,2316.833
Delhi,Kochi,2419.575
Delhi,Kolhapur,1539.622
Delhi,Kolkata,1454.489
Delhi,Kollam,2559.854
Delhi,Korba,1244.924
Delhi,Kota,465.546
Delhi,Kozhikode,2294.754
Delhi,Kurnool,1728.166
Delhi,Latur,1408.941
Delhi,Lucknow,486.956
Delhi,Ludhiana,324.066
Delhi,Madurai,2459.370
Delhi,Mangaluru,2053.471
Delhi,Mathura,146.110
Delhi,Meerut,76.799
Delhi,Moradabad,166.693
Delhi,Mumbai,1330.106
Delhi,Muzaffarnagar,129.591
Delhi,Muzaffarpur,1002.741
Delhi,Mysuru,2087.532
Delhi,Nagercoil,2675.240
Delhi,Nagpur,1024.105
Delhi,Nanded,1264.113
Delhi,Nashik,1144.781
Delhi,Nellore,1932.986
Delhi,Pathankot,494.866
Delhi,Patiala,267.689
Delhi,Patna,995.009
Delhi,Prayagraj,672.087
Delhi,Puducherry,2321.421
Delhi,Pune,1331.131
Delhi,Purnia,1249.075
Delhi,Raipur,1136.889
Delhi,Rajamahendravaram,1760.754
Delhi,Rajapalayam,2542.331
Delhi,Rajkot,1186.990
Delhi,Ranchi,1197.314
Delhi,Ratlam,679.153
Delhi,Rewa,801.926
Delhi,Rohtak,78.949
Delhi,Rourkela,1365.875
Delhi,Saharanpur,160.814
Delhi,Salem,2224.237
Delhi,Sambalpur,1335.594
Delhi,Satna,735.146
Delhi,Saugor,637.847
Delhi,Shillong,1867.285
Delhi,Shimla,366.476
Delhi,Shivamogga,1901.701
Delhi,Sholapur,1444.391
Delhi,Silchar,2037.617
Delhi,Siliguri,1359.291
Delhi,Sitapur,420.432
Delhi,Sonipat,58.193
Delhi,Srinagar,802.281
Delhi,Surat,1070.312
Delhi,Thanjavur,2405.558
Delhi,Thiruvananthapuram,2631.211
Delhi,Thrissur,2350.133
Delhi,Tiruchirappalli,2358.546
Delhi,Tirunelveli,2593.877
Delhi,Tirupati,2065.577
Delhi,Tiruppur,2320.035
Delhi,Tumkur,1961.716
Delhi,Udaipur,678.210
Delhi,Udupi,2000.540
Delhi,Ujjain,674.370
Delhi,Vadodara,934.390
Delhi,Varanasi,787.627
Delhi,Vellore,2178.725
Delhi,Vijayawada,1713.635
Delhi,Visakhapatnam,1716.156
Delhi,Warangal,1466.817
Deoghar,Dhanbad,135.094
Deoghar,Dibrugarh,1184.327
Deoghar,Dindigul,2284.873
Deoghar,Durgapur,163.825
Deoghar,Erode,2182.479
Deoghar,Etawah,938.687
Deoghar,Farrukhabad,948.774
Deoghar,Gaya,218.750
Deoghar,Giridih,68.180
Deoghar,Gorakhpur,504.860
Deoghar,Guwahati,752.137
Deoghar,Gwalior,1048.879
Deoghar,Hazaribagh,186.155
Deoghar,Hisar,1432.500
Deoghar,Hubballi,2023.419
Deoghar,Hyderabad,1536.275
Deoghar,Imphal,1118.953
Deoghar,Indore,1406.827
Deoghar,Jabalpur,917.921
Deoghar,Jaipur,1298.148
Deoghar,Jalandhar,1569.247
Deoghar,Jalgaon,1530.158
Deoghar,Jammu,1787.786
Deoghar,Jamnagar,2134.198
Deoghar,Jamshedpur,284.113
Deoghar,Jhansi,1005.512
Deoghar,Jodhpur,1630.589
Deoghar,Kakinada,1211.992
Deoghar,Kalaburagi,1672.283
Deoghar,Kanpur,810.173
Deoghar,Karnal,1320.341
Deoghar,Karur,2209.177
Deoghar,Kochi,2469.246
Deoghar,Kolhapur,1929.109
Deoghar,Kolkata,330.903
Deoghar,Kollam,2595.124
Deoghar,Korba,617.529
Deoghar,Kota,1326.607
Deoghar,Kozhikode,2365.955
Deoghar,Kurnool,1737.238
Deoghar,Latur,1588.936
Deoghar,Lucknow,746.363
Deoghar,Ludhiana,1509.340
Deoghar,Madurai,2316.287
Deoghar,Mangaluru,2335.570
Deoghar,Mathura,1120.287
Deoghar,Meerut,1209.379
Deoghar,Moradabad,1117.728
Deoghar,Mumbai,1853.552
Deoghar,Muzaffarnagar,1266.122
Deoghar,Muzaffarpur,259.571
Deoghar,Mysuru,2158.733
Deoghar,Nagercoil,2567.584
Deoghar,Nagpur,1081.460
Deoghar,Nanded,1457.835
Deoghar,Nashik,1701.375
Deoghar,Nellore,1690.140
Deoghar,Pathankot,1680.140
Deoghar,Patiala,1452.962
Deoghar,Patna,244.079
Deoghar,Prayagraj,589.497
Deoghar,Puducherry,2032.517
Deoghar,Pune,1755.475
Deoghar,Purnia,289.251
Deoghar,Raipur,801.952
Deoghar,Rajamahendravaram,1247.773
Deoghar,Rajapalayam,2434.675
Deoghar,Rajkot,2045.164
Deoghar,Ranchi,252.995
Deoghar,Ratlam,1537.326
Deoghar,Rewa,682.949
Deoghar,Rohtak,1321.433
Deoghar,Rourkela,453.464
Deoghar,Saharanpur,1339.912
Deoghar,Salem,2118.082
Deoghar,Sambalpur,640.661
Deoghar,Satna,741.458
Deoghar,Saugor,1042.243
Deoghar,Shillong,840.736
Deoghar,Shimla,1568.165
Deoghar,Shivamogga,2144.079
Deoghar,Sholapur,1727.562
Deoghar,Silchar,860.729
Deoghar,Siliguri,479.914
Deoghar,Sitapur,833.479
Deoghar,Sonipat,1280.186
Deoghar,Srinagar,1987.555
Deoghar,Surat,1834.215
Deoghar,Thanjavur,2193.248
Deoghar,Thiruvananthapuram,2636.314
Deoghar,Thrissur,2393.661
Deoghar,Tiruchirappalli,2187.875
Deoghar,Tirunelveli,2486.221
Deoghar,Tirupati,1827.732
Deoghar,Tiruppur,2237.314
Deoghar,Tumkur,2025.580
Deoghar,Udaipur,1600.803
Deoghar,Udupi,2289.703
Deoghar,Ujjain,1452.711
Deoghar,Vadodara,1792.564
Deoghar,Varanasi,468.083
Deoghar,Vellore,1930.063
Deoghar,Vijayawada,1400.419
Deoghar,Visakhapatnam,1070.015
Deoghar,Warangal,1385.626
Dhanbad,Dibrugarh,1278.668
Dhanbad,Dindigul,2150.050
Dhanbad,Durgapur,106.386
Dhanbad,Erode,2047.656
Dhanbad,Etawah,878.574
Dhanbad,Farrukhabad,888.661
Dhanbad,Gaya,219.947
Dhanbad,Giridih,64.443
Dhanbad,Gorakhpur,550.095
Dhanbad,Guwahati,846.479
Dhanbad,Gwalior,988.766
Dhanbad,Hazaribagh,127.253
Dhanbad,Hisar,1372.388
Dhanbad,Hubballi,1925.717
Dhanbad,Hyderabad,1438.573
Dhanbad,Imphal,1114.817
Dhanbad,Indore,1346.714
Dhanbad,Jabalpur,857.808
Dhanbad,Jaipur,1238.035
Dhanbad,Jalandhar,1509.135
Dhanbad,Jalgaon,1432.456
Dhanbad,Jammu,1727.674
Dhanbad,Jamnagar,2074.085
Dhanbad,Jamshedpur,149.290
Dhanbad,Jhansi,945.400
Dhanbad,Jodhpur,1570.476
Dhanbad,Kakinada,1077.169
Dhanbad,Kalaburagi,1574.580
Dhanbad,Kanpur,750.060
Dhanbad,Karnal,1260.229
Dhanbad,Karur,2074.353
Dhanbad,Kochi,2334.423
Dhanbad,Kolhapur,1831.407
Dhanbad,Kolkata,273.464
Dhanbad,Kollam,2460.300
Dhanbad,Korba,519.827
Dhanbad,Kota,1266.495
Dhanbad,Kozhikode,2231.131
Dhanbad,Kurnool,1602.415
Dhanbad,Latur,1491.234
Dhanbad,Lucknow,705.308
Dhanbad,Ludhiana,1449.227
Dhanbad,Madurai,2181.463
Dhanbad,Mangaluru,2200.747
Dhanbad,Mathura,1060.175
Dhanbad,Meerut,1149.266
Dhanbad,Moradabad,1057.615
Dhanbad,Mumbai,1755.850
Dhanbad,Muzaffarnagar,1206.010
Dhanbad,Muzaffarpur,382.955
Dhanbad,Mysuru,2023.909
Dhanbad,Nagercoil,2432.760
Dhanbad,Nagpur,983.758
Dhanbad,Nanded,1360.132
Dhanbad,Nashik,1603.673
Dhanbad,Nellore,1555.317
Dhanbad,Pathankot,1620.027
Dhanbad,Patiala,1392.850
Dhanbad,Patna,318.216
Dhanbad,Prayagraj,529.384
Dhanbad,Puducherry,1897.694
Dhanbad,Pune,1657.773
Dhanbad,Purnia,413.700
Dhanbad,Raipur,704.250
Dhanbad,Rajamahendravaram,1112.949
Dhanbad,Rajapalayam,2299.851
Dhanbad,Rajkot,1985.051
Dhanbad,Ranchi,155.293
Dhanbad,Ratlam,1477.214
Dhanbad,Rewa,622.836
Dhanbad,Rohtak,1261.320
Dhanbad,Rourkela,318.641
Dhanbad,Saharanpur,1279.800
Dhanbad,Salem,1983.259
Dhanbad,Sambalpur,505.838
Dhanbad,Satna,681.345
Dhanbad,Saugor,982.130
Dhanbad,Shillong,878.614
Dhanbad,Shimla,1508.053
Dhanbad,Shivamogga,2009.256
Dhanbad,Sholapur,1629.860
Dhanbad,Silchar,856.593
Dhanbad,Siliguri,574.256
Dhanbad,Sitapur,792.425
Dhanbad,Sonipat,1220.074
Dhanbad,Srinagar,1927.442
Dhanbad,Surat,1753.942
Dhanbad,Thanjavur,2058.424
Dhanbad,Thiruvananthapuram,2501.491
Dhanbad,Thrissur,2258.838
Dhanbad,Tiruchirappalli,2053.051
Dhanbad,Tirunelveli,2351.398
Dhanbad,Tirupati,1692.908
Dhanbad,Tiruppur,2102.491
Dhanbad,Tumkur,1890.756
Dhanbad,Udaipur,1540.690
Dhanbad,Udupi,2154.880
Dhanbad,Ujjain,1392.599
Dhanbad,Vadodara,1732.452
Dhanbad,Varanasi,407.970
Dhanbad,Vellore,1795.239
Dhanbad,Vijayawada,1265.595
Dhanbad,Visakhapatnam,935.192
Dhanbad,Warangal,1287.924
Dibrugarh,Dindigul,3249.488
Dibrugarh,Durgapur,1205.918
Dibrugarh,Erode,3147.095
Dibrugarh,Etawah,1922.746
Dibrugarh,Farrukhabad,1888.612
Dibrugarh,Gaya,1342.480
Dibrugarh,Giridih,1252.368
Dibrugarh,Gorakhpur,1434.315
Dibrugarh,Guwahati,441.308
Dibrugarh,Gwalior,2057.930
Dibrugarh,Hazaribagh,1401.912
Dibrugarh,Hisar,2372.338
Dibrugarh,Hubballi,3082.645
Dibrugarh,Hyderabad,2585.811
Dibrugarh,Imphal,468.442
Dibrugarh,Indore,2432.759
Dibrugarh,Jabalpur,1943.853
Dibrugarh,Jaipur,2270.047
Dibrugarh,Jalandhar,2509.085
Dibrugarh,Jalgaon,2607.135
Dibrugarh,Jammu,2727.624
Dibrugarh,Jamnagar,3149.395
Dibrugarh,Jamshedpur,1435.849
Dibrugarh,Jhansi,2020.709
Dibrugarh,Jodhpur,2602.488
Dibrugarh,Kakinada,2176.608
Dibrugarh,Kalaburagi,2823.375
Dibrugarh,Kanpur,1785.264
Dibrugarh,Karnal,2260.179
Dibrugarh,Karur,3173.793
Dibrugarh,Kochi,3433.862
Dibrugarh,Kolhapur,3068.271
Dibrugarh,Kolkata,1162.403
Dibrugarh,Kollam,3559.740
Dibrugarh,Korba,1797.328
Dibrugarh,Kota,2341.805
Dibrugarh,Kozhikode,3330.570
Dibrugarh,Kurnool,2701.854
Dibrugarh,Latur,2728.098
Dibrugarh,Lucknow,1705.604
Dibrugarh,Ludhiana,2449.178
Dibrugarh,Madurai,3280.903
Dibrugarh,Mangaluru,3300.186
Dibrugarh,Mathura,2075.790
Dibrugarh,Meerut,2149.217
Dibrugarh,Moradabad,2049.008
Dibrugarh,Mumbai,2992.714
Dibrugarh,Muzaffarnagar,2205.960
Dibrugarh,Muzaffarpur,1193.471
Dibrugarh,Mysuru,3123.348
Dibrugarh,Nagercoil,3532.200
Dibrugarh,Nagpur,2212.771
Dibrugarh,Nanded,2627.945
Dibrugarh,Nashik,2840.538
Dibrugarh,Nellore,2654.756
Dibrugarh,Pathankot,2619.977
Dibrugarh,Patiala,2392.800
Dibrugarh,Patna,1263.629
Dibrugarh,Prayagraj,1626.282
Dibrugarh,Puducherry,2997.133
Dibrugarh,Pune,2894.638
Dibrugarh,Purnia,994.120
Dibrugarh,Raipur,1983.532
Dibrugarh,Rajamahendravaram,2212.388
Dibrugarh,Rajapalayam,3399.290
Dibrugarh,Rajkot,3060.361
Dibrugarh,Ranchi,1432.794
Dibrugarh,Ratlam,2552.523
Dibrugarh,Rewa,1708.881
Dibrugarh,Rohtak,2261.271
Dibrugarh,Rourkela,1564.120
Dibrugarh,Saharanpur,2279.750
Dibrugarh,Salem,3082.698
Dibrugarh,Sambalpur,1710.553
Dibrugarh,Satna,1767.390
Dibrugarh,Saugor,2079.028
Dibrugarh,Shillong,503.547
Dibrugarh,Shimla,2508.003
Dibrugarh,Shivamogga,3108.695
Dibrugarh,Sholapur,2866.724
Dibrugarh,Silchar,528.242
Dibrugarh,Siliguri,834.569
Dibrugarh,Sitapur,1783.035
Dibrugarh,Sonipat,2220.024
Dibrugarh,Srinagar,2927.393
Dibrugarh,Surat,2860.148
Dibrugarh,Thanjavur,3157.863
Dibrugarh,Thiruvananthapuram,3600.930
Dibrugarh,Thrissur,3358.276
Dibrugarh,Tiruchirappalli,3152.490
Dibrugarh,Tirunelveli,3450.836
Dibrugarh,Tirupati,2792.347
Dibrugarh,Tiruppur,3201.930
Dibrugarh,Tumkur,2990.195
Dibrugarh,Udaipur,2616.000
Dibrugarh,Udupi,3254.318
Dibrugarh,Ujjain,2489.497
Dibrugarh,Vadodara,2807.762
Dibrugarh,Varanasi,1500.767
Dibrugarh,Vellore,2894.678
Dibrugarh,Vijayawada,2365.035
Dibrugarh,Visakhapatnam,2034.631
Dibrugarh,Warangal,2516.604
Dindigul,Durgapur,2120.157
Dindigul,Erode,137.442
Dindigul,Etawah,2228.410
Dindigul,Farrukhabad,2296.599
Dindigul,Gaya,2206.059
Dindigul,Giridih,2202.888
Dindigul,Gorakhpur,2316.779
Dindigul,Guwahati,2827.868
Dindigul,Gwalior,2133.869
Dindigul,Hazaribagh,2138.615
Dindigul,Hisar,2486.687
Dindigul,Hubballi,768.882
Dindigul,Hyderabad,914.111
Dindigul,Imphal,2970.321
Dindigul,Indore,1664.028
Dindigul,Jabalpur,1712.126
Dindigul,Jaipur,2201.233
Dindigul,Jalandhar,2741.863
Dindigul,Jalgaon,1420.908
Dindigul,Jammu,2960.402
Dindigul,Jamnagar,2048.420
Dindigul,Jamshedpur,1995.146
Dindigul,Jhansi,2026.988
Dindigul,Jodhpur,2238.923
Dindigul,Kakinada,1065.929
Dindigul,Kalaburagi,972.874
Dindigul,Kanpur,2153.524
Dindigul,Karnal,2533.360
Dindigul,Karur,77.903
Dindigul,Kochi,292.656
Dindigul,Kolhapur,971.173
Dindigul,Kolkata,2079.927
Dindigul,Kollam,313.855
Dindigul,Korba,1794.675
Dindigul,Kota,1961.585
Dindigul,Kozhikode,292.892
Dindigul,Kurnool,707.130
Dindigul,Latur,1101.602
Dindigul,Lucknow,2235.512
Dindigul,Ludhiana,2682.739
Dindigul,Madurai,73.987
Dindigul,Mangaluru,558.722
Dindigul,Mathura,2318.517
Dindigul,Meerut,2453.242
Dindigul,Moradabad,2560.019
Dindigul,Mumbai,1345.576
Dindigul,Muzaffarnagar,2510.020
Dindigul,Muzaffarpur,2375.039
Dindigul,Mysuru,305.265
Dindigul,Nagercoil,286.697
Dindigul,Nagpur,1431.708
Dindigul,Nanded,1166.921
Dindigul,Nashik,1331.540
Dindigul,Nellore,590.583
Dindigul,Pathankot,2852.756
Dindigul,Patiala,2625.928
Dindigul,Patna,2304.329
Dindigul,Prayagraj,2071.219
Dindigul,Puducherry,298.608
Dindigul,Pune,1198.867
Dindigul,Purnia,2441.518
Dindigul,Raipur,1592.934
Dindigul,Rajamahendravaram,1024.798
Dindigul,Rajapalayam,153.787
Dindigul,Rajkot,1959.386
Dindigul,Ranchi,2035.095
Dindigul,Ratlam,1739.782
Dindigul,Rewa,1936.007
Dindigul,Rohtak,2447.394
Dindigul,Rourkela,1914.526
Dindigul,Saharanpur,2550.151
Dindigul,Salem,168.492
Dindigul,Sambalpur,1705.603
Dindigul,Satna,1907.243
Dindigul,Saugor,1820.697
Dindigul,Shillong,2734.118
Dindigul,Shimla,2757.527
Dindigul,Shivamogga,666.665
Dindigul,Sholapur,978.549
Dindigul,Silchar,2712.096
Dindigul,Siliguri,2572.997
Dindigul,Sitapur,2329.659
Dindigul,Sonipat,2433.404
Dindigul,Srinagar,3160.171
Dindigul,Surat,1561.118
Dindigul,Thanjavur,191.000
Dindigul,Thiruvananthapuram,355.427
Dindigul,Thrissur,217.071
Dindigul,Tiruchirappalli,98.086
Dindigul,Tirunelveli,205.334
Dindigul,Tirupati,458.115
Dindigul,Tiruppur,118.929
Dindigul,Tumkur,431.635
Dindigul,Udaipur,1981.906
Dindigul,Udupi,608.655
Dindigul,Ujjain,1718.878
Dindigul,Vadodara,1684.599
Dindigul,Varanasi,2170.520
Dindigul,Vellore,389.677
Dindigul,Vijayawada,868.075
Dindigul,Visakhapatnam,1208.791
Dindigul,Warangal,1041.426
Durgapur,Erode,2076.191
Durgapur,Etawah,974.991
Durgapur,Farrukhabad,985.078
Durgapur,Gaya,316.364
Durgapur,Giridih,147.998
Durgapur,Gorakhpur,646.512
Durgapur,Guwahati,773.865
Durgapur,Gwalior,1085.183
Durgapur,Hazaribagh,223.670
Durgapur,Hisar,1468.804
Durgapur,Hubballi,2011.742
Durgapur,Hyderabad,1514.907
Durgapur,Imphal,1013.459
Durgapur,Indore,1443.131
Durgapur,Jabalpur,954.225
Durgapur,Jaipur,1334.452
Durgapur,Jalandhar,1605.552
Durgapur,Jalgaon,1537.125
Durgapur,Jammu,1824.091
Durgapur,Jamnagar,2170.502
Durgapur,Jamshedpur,170.226
Durgapur,Jhansi,1041.816
Durgapur,Jodhpur,1666.893
Durgapur,Kakinada,1105.704
Durgapur,Kalaburagi,1679.250
Durgapur,Kanpur,846.477
Durgapur,Karnal,1356.646
Durgapur,Karur,2102.889
Durgapur,Kochi,2362.959
Durgapur,Kolhapur,1936.076
Durgapur,Kolkata,172.106
Durgapur,Kollam,2488.836
Durgapur,Korba,624.496
Durgapur,Kota,1362.911
Durgapur,Kozhikode,2259.667
Durgapur,Kurnool,1630.950
Durgapur,Latur,1595.903
Durgapur,Lucknow,801.725
Durgapur,Ludhiana,1545.644
Durgapur,Madurai,2209.999
Durgapur,Mangaluru,2229.282
Durgapur,Mathura,1156.591
Durgapur,Meerut,1245.683
Durgapur,Moradabad,1154.032
Durgapur,Mumbai,1860.519
Durgapur,Muzaffarnagar,1302.427
Durgapur,Muzaffarpur,422.768
Durgapur,Mysuru,2052.445
Durgapur,Nagercoil,2461.296
Durgapur,Nagpur,1088.427
Durgapur,Nanded,1464.802
Durgapur,Nashik,1708.343
Durgapur,Nellore,1583.852
Durgapur,Pathankot,1716.444
Durgapur,Patiala,1489.266
Durgapur,Patna,414.633
Durgapur,Prayagraj,625.801
Durgapur,Puducherry,1926.229
Durgapur,Pune,1762.443
Durgapur,Purnia,370.163
Durgapur,Raipur,808.919
Durgapur,Rajamahendravaram,1141.485
Durgapur,Rajapalayam,2328.387
Durgapur,Rajkot,2081.468
Durgapur,Ranchi,259.962
Durgapur,Ratlam,1573.630
Durgapur,Rewa,719.253
Durgapur,Rohtak,1357.737
Durgapur,Rourkela,391.983
Durgapur,Saharanpur,1376.216
Durgapur,Salem,2011.794
Durgapur,Sambalpur,579.179
Durgapur,Satna,777.762
Durgapur,Saugor,1078.547
Durgapur,Shillong,777.256
Durgapur,Shimla,1604.469
Durgapur,Shivamogga,2037.791
Durgapur,Sholapur,1734.529
Durgapur,Silchar,755.234
Durgapur,Siliguri,501.642
Durgapur,Sitapur,888.841
Durgapur,Sonipat,1316.491
Durgapur,Srinagar,2023.859
Durgapur,Surat,1858.611
Durgapur,Thanjavur,2086.960
Durgapur,Thiruvananthapuram,2530.026
Durgapur,Thrissur,2287.373
Durgapur,Tiruchirappalli,2081.587
Durgapur,Tirunelveli,2379.933
Durgapur,Tirupati,1721.444
Durgapur,Tiruppur,2131.027
Durgapur,Tumkur,1919.292
Durgapur,Udaipur,1637.107
Durgapur,Udupi,2183.415
Durgapur,Ujjain,1489.016
Durgapur,Vadodara,1828.869
Durgapur,Varanasi,504.387
Durgapur,Vellore,1823.775
Durgapur,Vijayawada,1294.131
Durgapur,Visakhapatnam,963.727
Durgapur,Warangal,1395.196
Erode,Etawah,2111.887
Erode,Farrukhabad,2180.075
Erode,Gaya,2102.048
Erode,Giridih,2098.877
Erode,Gorakhpur,2200.256
Erode,Guwahati,2723.857
Erode,Gwalior,2017.346
Erode,Hazaribagh,2034.604
Erode,Hisar,2370.164
Erode,Hubballi,652.359
Erode,Hyderabad,797.588
Erode,Imphal,2866.309
Erode,Indore,1547.505
Erode,Jabalpur,1595.602
Erode,Jaipur,2084.709
Erode,Jalandhar,2625.340
Erode,Jalgaon,1304.385
Erode,Jammu,2843.879
Erode,Jamnagar,1931.897
Erode,Jamshedpur,1891.135
Erode,Jhansi,1910.465
Erode,Jodhpur,2122.400
Erode,Kakinada,961.918
Erode,Kalaburagi,856.351
Erode,Kanpur,2037.001
Erode,Karnal,2416.838
Erode,Karur,65.031
Erode,Kochi,286.192
Erode,Kolhapur,854.650
Erode,Kolkata,1975.916
Erode,Kollam,412.069
Erode,Korba,1690.664
Erode,Kota,1845.062
Erode,Kozhikode,275.509
Erode,Kurnool,590.607
Erode,Latur,985.079
Erode,Lucknow,2118.988
Erode,Ludhiana,2566.216
Erode,Madurai,193.468
Erode,Mangaluru,488.799
Erode,Mathura,2201.994
Erode,Meerut,2336.719
Erode,Moradabad,2443.496
Erode,Mumbai,1229.053
Erode,Muzaffarnagar,2393.497
Erode,Muzaffarpur,2271.028
Erode,Mysuru,235.363
Erode,Nagercoil,409.338
Erode,Nagpur,1315.185
Erode,Nanded,1050.399
Erode,Nashik,1215.017
Erode,Nellore,486.572
Erode,Pathankot,2736.233
Erode,Patiala,2509.405
Erode,Patna,2200.317
Erode,Prayagraj,1954.696
Erode,Puducherry,277.746
Erode,Pune,1082.343
Erode,Purnia,2337.507
Erode,Raipur,1488.923
Erode,Rajamahendravaram,920.787
Erode,Rajapalayam,250.886
Erode,Rajkot,1842.863
Erode,Ranchi,1931.084
Erode,Ratlam,1623.259
Erode,Rewa,1819.484
Erode,Rohtak,2330.872
Erode,Rourkela,1810.515
Erode,Saharanpur,2433.628
Erode,Salem,61.697
Erode,Sambalpur,1601.592
Erode,Satna,1790.720
Erode,Saugor,1704.174
Erode,Shillong,2630.107
Erode,Shimla,2641.004
Erode,Shivamogga,550.142
Erode,Sholapur,862.026
Erode,Silchar,2608.085
Erode,Siliguri,2468.985
Erode,Sitapur,2213.136
Erode,Sonipat,2316.881
Erode,Srinagar,3043.648
Erode,Surat,1444.594
Erode,Thanjavur,194.089
Erode,Thiruvananthapuram,478.068
Erode,Thrissur,210.607
Erode,Tiruchirappalli,141.549
Erode,Tirunelveli,327.975
Erode,Tirupati,354.104
Erode,Tiruppur,54.260
Erode,Tumkur,315.112
Erode,Udaipur,1865.383
Erode,Udupi,538.732
Erode,Ujjain,1602.354
Erode,Vadodara,1568.076
Erode,Varanasi,2053.997
Erode,Vellore,285.666
Erode,Vijayawada,764.064
Erode,Visakhapatnam,1104.780
Erode,Warangal,923.329
Etawah,Farrukhabad,97.071
Etawah,Gaya,709.888
Etawah,Giridih,868.204
Etawah,Gorakhpur,486.513
Etawah,Guwahati,1506.826
Etawah,Gwalior,111.893
Etawah,Hazaribagh,789.573
Etawah,Hisar,495.222
Etawah,Hubballi,1649.456
Etawah,Hyderabad,1290.006
Etawah,Imphal,1966.571
Etawah,Indore,686.136
Etawah,Jabalpur,530.586
Etawah,Jaipur,359.760
Etawah,Jalandhar,693.688
Etawah,Jalgaon,968.547
Etawah,Jammu,912.227
Etawah,Jamnagar,1262.901
Etawah,Jamshedpur,1006.243
Etawah,Jhansi,201.220
Etawah,Jodhpur,692.201
Etawah,Kakinada,1536.130
Etawah,Kalaburagi,1375.870
Etawah,Kanpur,158.459
Etawah,Karnal,447.229
Etawah,Karur,2152.979
Etawah,Kochi,2361.785
Etawah,Kolhapur,1495.267
Etawah,Kolkata,1142.633
Etawah,Kollam,2502.064
Etawah,Korba,919.731
Etawah,Kota,455.310
Etawah,Kozhikode,2236.963
Etawah,Kurnool,1523.862
Etawah,Latur,1263.564
Etawah,Lucknow,215.094
Etawah,Ludhiana,634.564
Etawah,Madurai,2295.516
Etawah,Mangaluru,2005.863
Etawah,Mathura,181.899
Etawah,Meerut,323.948
Etawah,Moradabad,310.946
Etawah,Mumbai,1316.983
Etawah,Muzaffarnagar,380.691
Etawah,Muzaffarpur,730.880
Etawah,Mysuru,2029.741
Etawah,Nagercoil,2511.386
Etawah,Nagpur,787.414
Etawah,Nanded,1124.579
Etawah,Nashik,1100.426
Etawah,Nellore,1704.698
Etawah,Pathankot,804.581
Etawah,Patiala,577.753
Etawah,Patna,723.148
Etawah,Prayagraj,352.336
Etawah,Puducherry,2047.075
Etawah,Pune,1286.776
Etawah,Purnia,977.214
Etawah,Raipur,887.180
Etawah,Rajamahendravaram,1511.045
Etawah,Rajapalayam,2378.477
Etawah,Rajkot,1173.866
Etawah,Ranchi,885.458
Etawah,Ratlam,666.029
Etawah,Rewa,462.034
Etawah,Rohtak,399.220
Etawah,Rourkela,1054.019
Etawah,Saharanpur,454.481
Etawah,Salem,2060.384
Etawah,Sambalpur,1099.017
Etawah,Satna,409.954
Etawah,Saugor,401.156
Etawah,Shillong,1595.424
Etawah,Shimla,678.648
Etawah,Shivamogga,1842.148
Etawah,Sholapur,1353.599
Etawah,Silchar,1725.761
Etawah,Siliguri,1087.429
Etawah,Sitapur,214.662
Etawah,Sonipat,370.365
Etawah,Srinagar,1111.996
Etawah,Surat,1057.188
Etawah,Thanjavur,2190.576
Etawah,Thiruvananthapuram,2580.117
Etawah,Thrissur,2292.343
Etawah,Tiruchirappalli,2185.203
Etawah,Tirunelveli,2430.023
Etawah,Tirupati,1842.290
Etawah,Tiruppur,2156.182
Etawah,Tumkur,1852.938
Etawah,Udaipur,729.505
Etawah,Udupi,1952.932
Etawah,Ujjain,630.015
Etawah,Vadodara,921.267
Etawah,Varanasi,475.771
Etawah,Vellore,1919.767
Etawah,Vijayawada,1485.347
Etawah,Visakhapatnam,1466.447
Etawah,Warangal,1238.528
Farrukhabad,Gaya,720.190
Farrukhabad,Giridih,878.506
Farrukhabad,Gorakhpur,456.820
Farrukhabad,Guwahati,1477.133
Farrukhabad,Gwalior,208.987
Farrukhabad,Hazaribagh,799.875
Farrukhabad,Hisar,532.074
Farrukhabad,Hubballi,1742.208
Farrukhabad,Hyderabad,1358.701
Farrukhabad,Imphal,1936.879
Farrukhabad,Indore,783.230
Farrukhabad,Jabalpur,599.281
Farrukhabad,Jaipur,444.383
Farrukhabad,Jalandhar,668.821
Farrukhabad,Jalgaon,1061.300
Farrukhabad,Jammu,887.360
Farrukhabad,Jamnagar,1345.387
Farrukhabad,Jamshedpur,1016.545
Farrukhabad,Jhansi,293.972
Farrukhabad,Jodhpur,776.824
Farrukhabad,Kakinada,1604.825
Farrukhabad,Kalaburagi,1473.046
Farrukhabad,Kanpur,147.876
Farrukhabad,Karnal,419.915
Farrukhabad,Karur,2221.674
Farrukhabad,Kochi,2430.480
Farrukhabad,Kolhapur,1592.361
Farrukhabad,Kolkata,1152.935
Farrukhabad,Kollam,2570.759
Farrukhabad,Korba,935.578
Farrukhabad,Kota,552.404
Farrukhabad,Kozhikode,2305.658
Farrukhabad,Kurnool,1592.557
Farrukhabad,Latur,1356.316
Farrukhabad,Lucknow,185.402
Farrukhabad,Ludhiana,608.914
Farrukhabad,Madurai,2364.211
Farrukhabad,Mangaluru,2098.615
Farrukhabad,Mathura,222.511
Farrukhabad,Meerut,308.953
Farrukhabad,Moradabad,217.302
Farrukhabad,Mumbai,1472.539
Farrukhabad,Muzaffarnagar,365.696
Farrukhabad,Muzaffarpur,701.187
Farrukhabad,Mysuru,2098.436
Farrukhabad,Nagercoil,2580.081
Farrukhabad,Nagpur,861.418
Farrukhabad,Nanded,1276.593
Farrukhabad,Nashik,1197.520
Farrukhabad,Nellore,1773.393
Farrukhabad,Pathankot,779.714
Farrukhabad,Patiala,552.536
Farrukhabad,Patna,693.455
Farrukhabad,Prayagraj,370.533
Farrukhabad,Puducherry,2115.770
Farrukhabad,Pune,1383.870
Farrukhabad,Purnia,947.521
Farrukhabad,Raipur,955.875
Farrukhabad,Rajamahendravaram,1579.740
Farrukhabad,Rajapalayam,2447.171
Farrukhabad,Rajkot,1329.422
Farrukhabad,Ranchi,895.760
Farrukhabad,Ratlam,821.585
Farrukhabad,Rewa,500.372
Farrukhabad,Rohtak,421.007
Farrukhabad,Rourkela,1064.321
Farrukhabad,Saharanpur,439.486
Farrukhabad,Salem,2129.078
Farrukhabad,Sambalpur,1034.040
Farrukhabad,Satna,435.911
Farrukhabad,Saugor,493.908
Farrukhabad,Shillong,1565.731
Farrukhabad,Shimla,667.739
Farrukhabad,Shivamogga,1934.900
Farrukhabad,Sholapur,1446.351
Farrukhabad,Silchar,1736.063
Farrukhabad,Siliguri,1057.737
Farrukhabad,Sitapur,146.574
Farrukhabad,Sonipat,379.760
Farrukhabad,Srinagar,1087.129
Farrukhabad,Surat,1212.744
Farrukhabad,Thanjavur,2259.271
Farrukhabad,Thiruvananthapuram,2648.811
Farrukhabad,Thrissur,2361.037
Farrukhabad,Tiruchirappalli,2253.898
Farrukhabad,Tirunelveli,2498.718
Farrukhabad,Tirupati,1910.984
Farrukhabad,Tiruppur,2224.876
Farrukhabad,Tumkur,1921.633
Farrukhabad,Udaipur,820.643
Farrukhabad,Udupi,2045.685
Farrukhabad,Ujjain,727.109
Farrukhabad,Vadodara,1076.823
Farrukhabad,Varanasi,486.073
Farrukhabad,Vellore,1988.462
Farrukhabad,Vijayawada,1554.041
Farrukhabad,Visakhapatnam,1535.141
Farrukhabad,Warangal,1307.223
Gaya,Giridih,209.356
Gaya,Gorakhpur,343.729
Gaya,Guwahati,929.657
Gaya,Gwalior,818.831
Gaya,Hazaribagh,130.726
Gaya,Hisar,1202.453
Gaya,Hubballi,1906.601
Gaya,Hyderabad,1428.871
Gaya,Imphal,1325.139
Gaya,Indore,1176.779
Gaya,Jabalpur,687.873
Gaya,Jaipur,1068.100
Gaya,Jalandhar,1339.199
Gaya,Jalgaon,1351.155
Gaya,Jammu,1557.738
Gaya,Jamnagar,1904.150
Gaya,Jamshedpur,347.396
Gaya,Jhansi,775.464
Gaya,Jodhpur,1400.541
Gaya,Kakinada,1273.487
Gaya,Kalaburagi,1564.879
Gaya,Kanpur,580.125
Gaya,Karnal,1090.293
Gaya,Karur,2136.904
Gaya,Kochi,2396.973
Gaya,Kolhapur,1812.291
Gaya,Kolkata,483.786
Gaya,Kollam,2522.851
Gaya,Korba,510.125
Gaya,Kota,1096.559
Gaya,Kozhikode,2356.662
Gaya,Kurnool,1643.561
Gaya,Latur,1472.118
Gaya,Lucknow,541.403
Gaya,Ludhiana,1279.292
Gaya,Madurai,2244.014
Gaya,Mangaluru,2222.812
Gaya,Mathura,890.239
Gaya,Meerut,979.331
Gaya,Moradabad,887.680
Gaya,Mumbai,1736.734
Gaya,Muzaffarnagar,1036.074
Gaya,Muzaffarpur,168.552
Gaya,Mysuru,2149.440
Gaya,Nagercoil,2495.311
Gaya,Nagpur,956.791
Gaya,Nanded,1371.966
Gaya,Nashik,1584.558
Gaya,Nellore,1617.867
Gaya,Pathankot,1450.092
Gaya,Patiala,1222.915
Gaya,Patna,97.841
Gaya,Prayagraj,359.449
Gaya,Puducherry,1960.244
Gaya,Pune,1638.658
Gaya,Purnia,349.279
Gaya,Raipur,694.548
Gaya,Rajamahendravaram,1229.552
Gaya,Rajapalayam,2362.401
Gaya,Rajkot,1815.116
Gaya,Ranchi,226.611
Gaya,Ratlam,1307.278
Gaya,Rewa,452.901
Gaya,Rohtak,1091.385
Gaya,Rourkela,395.199
Gaya,Saharanpur,1109.864
Gaya,Salem,2045.810
Gaya,Sambalpur,500.291
Gaya,Satna,511.410
Gaya,Saugor,812.195
Gaya,Shillong,1018.255
Gaya,Shimla,1338.117
Gaya,Shivamogga,2026.637
Gaya,Sholapur,1610.744
Gaya,Silchar,1066.914
Gaya,Siliguri,528.002
Gaya,Sitapur,628.519
Gaya,Sonipat,1050.139
Gaya,Srinagar,1757.507
Gaya,Surat,1604.167
Gaya,Thanjavur,2120.975
Gaya,Thiruvananthapuram,2564.041
Gaya,Thrissur,2321.388
Gaya,Tiruchirappalli,2115.602
Gaya,Tirunelveli,2413.948
Gaya,Tirupati,1755.458
Gaya,Tiruppur,2165.041
Gaya,Tumkur,1972.637
Gaya,Udaipur,1370.755
Gaya,Udupi,2172.261
Gaya,Ujjain,1222.664
Gaya,Vadodara,1562.516
Gaya,Varanasi,238.035
Gaya,Vellore,1857.790
Gaya,Vijayawada,1347.397
Gaya,Visakhapatnam,1131.510
Gaya,Warangal,1278.222
Giridih,Gorakhpur,540.887
Giridih,Guwahati,820.122
Giridih,Gwalior,979.558
Giridih,Hazaribagh,118.045
Giridih,Hisar,1363.180
Giridih,Hubballi,1955.309
Giridih,Hyderabad,1468.165
Giridih,Imphal,1154.500
Giridih,Indore,1337.506
Giridih,Jabalpur,848.600
Giridih,Jaipur,1228.827
Giridih,Jalandhar,1499.927
Giridih,Jalgaon,1462.048
Giridih,Jammu,1718.466
Giridih,Jamnagar,2064.878
Giridih,Jamshedpur,213.403
Giridih,Jhansi,936.192
Giridih,Jodhpur,1561.268
Giridih,Kakinada,1141.281
Giridih,Kalaburagi,1604.172
Giridih,Kanpur,740.852
Giridih,Karnal,1251.021
Giridih,Karur,2138.466
Giridih,Kochi,2398.535
Giridih,Kolhapur,1860.999
Giridih,Kolkata,313.147
Giridih,Kollam,2524.413
Giridih,Korba,549.419
Giridih,Kota,1257.287
Giridih,Kozhikode,2295.244
Giridih,Kurnool,1666.527
Giridih,Latur,1520.826
Giridih,Lucknow,696.100
Giridih,Ludhiana,1440.020
Giridih,Madurai,2245.576
Giridih,Mangaluru,2264.859
Giridih,Mathura,1050.967
Giridih,Meerut,1140.059
Giridih,Moradabad,1048.407
Giridih,Mumbai,1785.442
Giridih,Muzaffarnagar,1196.802
Giridih,Muzaffarpur,287.147
Giridih,Mysuru,2088.022
Giridih,Nagercoil,2496.873
Giridih,Nagpur,1013.350
Giridih,Nanded,1389.725
Giridih,Nashik,1633.265
Giridih,Nellore,1619.429
Giridih,Pathankot,1610.819
Giridih,Patiala,1383.642
Giridih,Patna,271.655
Giridih,Prayagraj,520.176
Giridih,Puducherry,1961.806
Giridih,Pune,1687.366
Giridih,Purnia,349.327
Giridih,Raipur,733.842
Giridih,Rajamahendravaram,1177.062
Giridih,Rajapalayam,2363.964
Giridih,Rajkot,1975.843
Giridih,Ranchi,184.885
Giridih,Ratlam,1468.006
Giridih,Rewa,613.628
Giridih,Rohtak,1252.112
Giridih,Rourkela,382.753
Giridih,Saharanpur,1270.592
Giridih,Salem,2047.371
Giridih,Sambalpur,569.950
Giridih,Satna,672.138
Giridih,Saugor,972.923
Giridih,Shillong,918.297
Giridih,Shimla,1498.844
Giridih,Shivamogga,2073.368
Giridih,Sholapur,1659.452
Giridih,Silchar,896.276
Giridih,Siliguri,524.849
Giridih,Sitapur,783.217
Giridih,Sonipat,1210.866
Giridih,Srinagar,1918.235
Giridih,Surat,1764.895
Giridih,Thanjavur,2122.537
Giridih,Thiruvananthapuram,2565.604
Giridih,Thrissur,2322.950
Giridih,Tiruchirappalli,2117.164
Giridih,Tirunelveli,2415.510
Giridih,Tirupati,1757.021
Giridih,Tiruppur,2166.604
Giridih,Tumkur,1954.869
Giridih,Udaipur,1531.482
Giridih,Udupi,2218.992
Giridih,Ujjain,1383.391
Giridih,Vadodara,1723.244
Giridih,Varanasi,398.762
Giridih,Vellore,1859.352
Giridih,Vijayawada,1329.708
Giridih,Visakhapatnam,999.304
Giridih,Warangal,1317.516
Gorakhpur,Guwahati,1021.961
Gorakhpur,Gwalior,625.369
Gorakhpur,Hazaribagh,460.935
Gorakhpur,Hisar,939.776
Gorakhpur,Hubballi,1830.588
Gorakhpur,Hyderabad,1378.060
Gorakhpur,Imphal,1481.707
Gorakhpur,Indore,1100.765
Gorakhpur,Jabalpur,611.859
Gorakhpur,Jaipur,837.485
Gorakhpur,Jalandhar,1076.523
Gorakhpur,Jalgaon,1275.141
Gorakhpur,Jammu,1295.062
Gorakhpur,Jamnagar,1716.833
Gorakhpur,Jamshedpur,677.605
Gorakhpur,Jhansi,588.148
Gorakhpur,Jodhpur,1169.926
Gorakhpur,Kakinada,1576.486
Gorakhpur,Kalaburagi,1492.405
Gorakhpur,Kanpur,352.702
Gorakhpur,Karnal,827.617
Gorakhpur,Karur,2241.032
Gorakhpur,Kochi,2449.838
Gorakhpur,Kolhapur,1736.277
Gorakhpur,Kolkata,813.995
Gorakhpur,Kollam,2590.117
Gorakhpur,Korba,738.652
Gorakhpur,Kota,909.243
Gorakhpur,Kozhikode,2325.017
Gorakhpur,Kurnool,1611.916
Gorakhpur,Latur,1396.104
Gorakhpur,Lucknow,273.043
Gorakhpur,Ludhiana,1016.616
Gorakhpur,Madurai,2383.570
Gorakhpur,Mangaluru,2186.995
Gorakhpur,Mathura,643.228
Gorakhpur,Meerut,716.655
Gorakhpur,Moradabad,616.446
Gorakhpur,Mumbai,1660.720
Gorakhpur,Muzaffarnagar,773.398
Gorakhpur,Muzaffarpur,246.015
Gorakhpur,Mysuru,2117.795
Gorakhpur,Nagercoil,2599.439
Gorakhpur,Nagpur,880.777
Gorakhpur,Nanded,1295.952
Gorakhpur,Nashik,1508.544
Gorakhpur,Nellore,1792.752
Gorakhpur,Pathankot,1187.416
Gorakhpur,Patiala,960.238
Gorakhpur,Patna,263.621
Gorakhpur,Prayagraj,249.288
Gorakhpur,Puducherry,2135.128
Gorakhpur,Pune,1562.644
Gorakhpur,Purnia,492.349
Gorakhpur,Raipur,836.021
Gorakhpur,Rajamahendravaram,1459.887
Gorakhpur,Rajapalayam,2466.530
Gorakhpur,Rajkot,1627.799
Gorakhpur,Ranchi,556.820
Gorakhpur,Ratlam,1119.962
Gorakhpur,Rewa,376.887
Gorakhpur,Rohtak,828.709
Gorakhpur,Rourkela,725.381
Gorakhpur,Saharanpur,847.188
Gorakhpur,Salem,2148.437
Gorakhpur,Sambalpur,830.473
Gorakhpur,Satna,435.397
Gorakhpur,Saugor,670.366
Gorakhpur,Shillong,1110.560
Gorakhpur,Shimla,1075.441
Gorakhpur,Shivamogga,2023.279
Gorakhpur,Sholapur,1534.730
Gorakhpur,Silchar,1315.827
Gorakhpur,Siliguri,602.565
Gorakhpur,Sitapur,350.473
Gorakhpur,Sonipat,787.462
Gorakhpur,Srinagar,1494.831
Gorakhpur,Surat,1511.121
Gorakhpur,Thanjavur,2278.630
Gorakhpur,Thiruvananthapuram,2668.170
Gorakhpur,Thrissur,2380.396
Gorakhpur,Tiruchirappalli,2273.256
Gorakhpur,Tirunelveli,2518.077
Gorakhpur,Tirupati,1930.343
Gorakhpur,Tiruppur,2244.235
Gorakhpur,Tumkur,1940.992
Gorakhpur,Udaipur,1183.438
Gorakhpur,Udupi,2134.064
Gorakhpur,Ujjain,1083.948
Gorakhpur,Vadodara,1375.200
Gorakhpur,Varanasi,201.053
Gorakhpur,Vellore,2007.821
Gorakhpur,Vijayawada,1573.400
Gorakhpur,Visakhapatnam,1434.509
Gorakhpur,Warangal,1326.582
Guwahati,Gwalior,1637.468
Guwahati,Hazaribagh,930.383
Guwahati,Hisar,1951.876
Guwahati,Hubballi,2676.803
Guwahati,Hyderabad,2179.968
Guwahati,Imphal,468.852
Guwahati,Indore,2012.297
Guwahati,Jabalpur,1523.391
Guwahati,Jaipur,1849.584
Guwahati,Jalandhar,2088.623
Guwahati,Jalgaon,2186.673
Guwahati,Jammu,2307.162
Guwahati,Jamnagar,2728.933
Guwahati,Jamshedpur,954.808
Guwahati,Jhansi,1600.247
Guwahati,Jodhpur,2182.026
Guwahati,Kakinada,1770.766
Guwahati,Kalaburagi,2417.533
Guwahati,Kanpur,1364.801
Guwahati,Karnal,1839.717
Guwahati,Karur,2767.950
Guwahati,Kochi,3028.020
Guwahati,Kolhapur,2647.809
Guwahati,Kolkata,756.561
Guwahati,Kollam,3153.897
Guwahati,Korba,1357.367
Guwahati,Kota,1921.342
Guwahati,Kozhikode,2924.728
Guwahati,Kurnool,2296.012
Guwahati,Latur,2307.636
Guwahati,Lucknow,1285.142
Guwahati,Ludhiana,2028.716
Guwahati,Madurai,2875.060
Guwahati,Mangaluru,2894.343
Guwahati,Mathura,1655.328
Guwahati,Meerut,1728.755
Guwahati,Moradabad,1628.545
Guwahati,Mumbai,2572.252
Guwahati,Muzaffarnagar,1785.498
Guwahati,Muzaffarpur,773.009
Guwahati,Mysuru,2717.506
Guwahati,Nagercoil,3126.357
Guwahati,Nagpur,1792.309
Guwahati,Nanded,2207.483
Guwahati,Nashik,2420.075
Guwahati,Nellore,2248.914
Guwahati,Pathankot,2199.515
Guwahati,Patiala,1972.338
Guwahati,Patna,843.167
Guwahati,Prayagraj,1205.819
Guwahati,Puducherry,2591.291
Guwahati,Pune,2474.175
Guwahati,Purnia,573.658
Guwahati,Raipur,1577.690
Guwahati,Rajamahendravaram,1806.546
Guwahati,Rajapalayam,2993.448
Guwahati,Rajkot,2639.899
Guwahati,Ranchi,992.833
Guwahati,Ratlam,2132.061
Guwahati,Rewa,1288.419
Guwahati,Rohtak,1840.808
Guwahati,Rourkela,1124.159
Guwahati,Saharanpur,1859.288
Guwahati,Salem,2676.856
Guwahati,Sambalpur,1304.711
Guwahati,Satna,1346.928
Guwahati,Saugor,1658.566
Guwahati,Shillong,97.705
Guwahati,Shimla,2087.541
Guwahati,Shivamogga,2702.853
Guwahati,Sholapur,2446.262
Guwahati,Silchar,302.972
Guwahati,Siliguri,414.107
Guwahati,Sitapur,1362.572
Guwahati,Sonipat,1799.562
Guwahati,Srinagar,2506.930
Guwahati,Surat,2439.685
Guwahati,Thanjavur,2752.021
Guwahati,Thiruvananthapuram,3195.088
Guwahati,Thrissur,2952.434
Guwahati,Tiruchirappalli,2746.648
Guwahati,Tirunelveli,3044.994
Guwahati,Tirupati,2386.505
Guwahati,Tiruppur,2796.088
Guwahati,Tumkur,2584.353
Guwahati,Udaipur,2195.538
Guwahati,Udupi,2848.476
Guwahati,Ujjain,2069.034
Guwahati,Vadodara,2387.299
Guwahati,Varanasi,1080.305
Guwahati,Vellore,2488.836
Guwahati,Vijayawada,1959.193
Guwahati,Visakhapatnam,1628.789
Guwahati,Warangal,2110.762
Gwalior,Hazaribagh,900.894
Gwalior,Hisar,489.047
Gwalior,Hubballi,1554.912
Gwalior,Hyderabad,1187.059
Gwalior,Imphal,2080.761
Gwalior,Indore,571.214
Gwalior,Jabalpur,449.060
Gwalior,Jaipur,331.863
Gwalior,Jalandhar,687.513
Gwalior,Jalgaon,864.565
Gwalior,Jammu,906.052
Gwalior,Jamnagar,1147.979
Gwalior,Jamshedpur,1117.564
Gwalior,Jhansi,104.651
Gwalior,Jodhpur,647.694
Gwalior,Kakinada,1454.604
Gwalior,Kalaburagi,1281.326
Gwalior,Kanpur,269.780
Gwalior,Karnal,454.604
Gwalior,Karur,2050.032
Gwalior,Kochi,2258.838
Gwalior,Kolhapur,1380.345
Gwalior,Kolkata,1253.954
Gwalior,Kollam,2399.117
Gwalior,Korba,852.970
Gwalior,Kota,340.388
Gwalior,Kozhikode,2134.017
Gwalior,Kurnool,1420.915
Gwalior,Latur,1169.020
Gwalior,Lucknow,329.284
Gwalior,Ludhiana,628.389
Gwalior,Madurai,2192.570
Gwalior,Mangaluru,1911.319
Gwalior,Mathura,175.724
Gwalior,Meerut,342.890
Gwalior,Moradabad,365.889
Gwalior,Mumbai,1202.061
Gwalior,Muzaffarnagar,399.634
Gwalior,Muzaffarpur,845.069
Gwalior,Mysuru,1926.794
Gwalior,Nagercoil,2408.439
Gwalior,Nagpur,692.870
Gwalior,Nanded,1030.035
Gwalior,Nashik,985.504
Gwalior,Nellore,1601.751
Gwalior,Pathankot,798.406
Gwalior,Patiala,571.578
Gwalior,Patna,837.337
Gwalior,Prayagraj,463.657
Gwalior,Puducherry,1944.128
Gwalior,Pune,1171.854
Gwalior,Purnia,1091.403
Gwalior,Raipur,805.654
Gwalior,Rajamahendravaram,1429.519
Gwalior,Rajapalayam,2275.530
Gwalior,Rajkot,1058.944
Gwalior,Ranchi,996.779
Gwalior,Ratlam,551.107
Gwalior,Rewa,431.436
Gwalior,Rohtak,393.045
Gwalior,Rourkela,1061.847
Gwalior,Saharanpur,480.361
Gwalior,Salem,1957.437
Gwalior,Sambalpur,1017.490
Gwalior,Satna,376.420
Gwalior,Saugor,306.612
Gwalior,Shillong,1709.613
Gwalior,Shimla,686.024
Gwalior,Shivamogga,1747.604
Gwalior,Sholapur,1259.055
Gwalior,Silchar,1837.082
Gwalior,Siliguri,1201.619
Gwalior,Sitapur,328.852
Gwalior,Sonipat,377.740
Gwalior,Srinagar,1105.821
Gwalior,Surat,942.266
Gwalior,Thanjavur,2087.629
Gwalior,Thiruvananthapuram,2477.170
Gwalior,Thrissur,2189.396
Gwalior,Tiruchirappalli,2082.256
Gwalior,Tirunelveli,2327.077
Gwalior,Tirupati,1739.343
Gwalior,Tiruppur,2053.235
Gwalior,Tumkur,1749.992
Gwalior,Udaipur,614.583
Gwalior,Udupi,1858.389
Gwalior,Ujjain,515.093
Gwalior,Vadodara,806.345
Gwalior,Varanasi,587.091
Gwalior,Vellore,1816.820
Gwalior,Vijayawada,1382.400
Gwalior,Visakhapatnam,1384.920
Gwalior,Warangal,1135.582
Hazaribagh,Hisar,1283.204
Hazaribagh,Hubballi,1866.193
Hazaribagh,Hyderabad,1379.049
Hazaribagh,Imphal,1232.430
Hazaribagh,Indore,1257.530
Hazaribagh,Jabalpur,768.624
Hazaribagh,Jaipur,1148.851
Hazaribagh,Jalandhar,1419.951
Hazaribagh,Jalgaon,1372.932
Hazaribagh,Jammu,1638.490
Hazaribagh,Jamnagar,1984.901
Hazaribagh,Jamshedpur,216.554
Hazaribagh,Jhansi,856.216
Hazaribagh,Jodhpur,1481.292
Hazaribagh,Kakinada,1115.435
Hazaribagh,Kalaburagi,1515.056
Hazaribagh,Kanpur,660.876
Hazaribagh,Karnal,1171.045
Hazaribagh,Karur,2069.945
Hazaribagh,Kochi,2330.014
Hazaribagh,Kolhapur,1771.883
Hazaribagh,Kolkata,391.077
Hazaribagh,Kollam,2455.892
Hazaribagh,Korba,460.303
Hazaribagh,Kota,1177.311
Hazaribagh,Kozhikode,2306.840
Hazaribagh,Kurnool,1593.738
Hazaribagh,Latur,1431.710
Hazaribagh,Lucknow,616.124
Hazaribagh,Ludhiana,1360.043
Hazaribagh,Madurai,2177.055
Hazaribagh,Mangaluru,2172.990
Hazaribagh,Mathura,970.991
Hazaribagh,Meerut,1060.082
Hazaribagh,Moradabad,968.431
Hazaribagh,Mumbai,1696.326
Hazaribagh,Muzaffarnagar,1116.826
Hazaribagh,Muzaffarpur,294.339
Hazaribagh,Mysuru,2099.617
Hazaribagh,Nagercoil,2428.352
Hazaribagh,Nagpur,924.234
Hazaribagh,Nanded,1300.609
Hazaribagh,Nashik,1544.149
Hazaribagh,Nellore,1550.908
Hazaribagh,Pathankot,1530.843
Hazaribagh,Patiala,1303.666
Hazaribagh,Patna,229.033
Hazaribagh,Prayagraj,440.200
Hazaribagh,Puducherry,1893.285
Hazaribagh,Pune,1598.249
Hazaribagh,Purnia,408.978
Hazaribagh,Raipur,644.726
Hazaribagh,Rajamahendravaram,1151.215
Hazaribagh,Rajapalayam,2295.443
Hazaribagh,Rajkot,1895.867
Hazaribagh,Ranchi,95.769
Hazaribagh,Ratlam,1388.030
Hazaribagh,Rewa,533.652
Hazaribagh,Rohtak,1172.136
Hazaribagh,Rourkela,328.239
Hazaribagh,Saharanpur,1190.616
Hazaribagh,Salem,1978.850
Hazaribagh,Sambalpur,433.332
Hazaribagh,Satna,592.162
Hazaribagh,Saugor,892.947
Hazaribagh,Shillong,996.227
Hazaribagh,Shimla,1418.869
Hazaribagh,Shivamogga,1976.815
Hazaribagh,Sholapur,1570.336
Hazaribagh,Silchar,974.205
Hazaribagh,Siliguri,584.500
Hazaribagh,Sitapur,703.241
Hazaribagh,Sonipat,1130.890
Hazaribagh,Srinagar,1838.258
Hazaribagh,Surat,1694.418
Hazaribagh,Thanjavur,2054.015
Hazaribagh,Thiruvananthapuram,2497.082
Hazaribagh,Thrissur,2254.429
Hazaribagh,Tiruchirappalli,2048.642
Hazaribagh,Tirunelveli,2346.989
Hazaribagh,Tirupati,1688.499
Hazaribagh,Tiruppur,2098.082
Hazaribagh,Tumkur,1899.195
Hazaribagh,Udaipur,1451.506
Hazaribagh,Udupi,2122.438
Hazaribagh,Ujjain,1303.415
Hazaribagh,Vadodara,1643.268
Hazaribagh,Varanasi,318.786
Hazaribagh,Vellore,1790.831
Hazaribagh,Vijayawada,1280.437
Hazaribagh,Visakhapatnam,973.458
Hazaribagh,Warangal,1228.400
Hisar,Hubballi,1805.881
Hisar,Hyderabad,1632.135
Hisar,Imphal,2413.235
Hisar,Indore,827.362
Hisar,Jabalpur,944.530
Hisar,Jaipur,318.133
Hisar,Jalandhar,301.048
Hisar,Jalgaon,1120.713
Hisar,Jammu,519.587
Hisar,Jamnagar,1100.057
Hisar,Jamshedpur,1492.901
Hisar,Jhansi,600.122
Hisar,Jodhpur,466.696
Hisar,Kakinada,1950.075
Hisar,Kalaburagi,1645.591
Hisar,Kanpur,636.114
Hisar,Karnal,154.880
Hisar,Karur,2413.704
Hisar,Kochi,2516.447
Hisar,Kolhapur,1636.493
Hisar,Kolkata,1629.291
Hisar,Kollam,2656.726
Hisar,Korba,1409.159
Hisar,Kota,562.417
Hisar,Kozhikode,2391.625
Hisar,Kurnool,1825.038
Hisar,Latur,1505.813
Hisar,Lucknow,661.758
Hisar,Ludhiana,241.924
Hisar,Madurai,2556.241
Hisar,Mangaluru,2150.343
Hisar,Mathura,310.345
Hisar,Meerut,227.892
Hisar,Moradabad,341.495
Hisar,Mumbai,1426.978
Hisar,Muzaffarnagar,271.389
Hisar,Muzaffarpur,1177.543
Hisar,Mysuru,2184.403
Hisar,Nagercoil,2772.111
Hisar,Nagpur,1220.770
Hisar,Nanded,1360.985
Hisar,Nashik,1241.652
Hisar,Nellore,2129.651
Hisar,Pathankot,411.941
Hisar,Patiala,173.276
Hisar,Patna,1169.812
Hisar,Prayagraj,846.890
Hisar,Puducherry,2418.293
Hisar,Pune,1428.002
Hisar,Purnia,1423.878
Hisar,Raipur,1301.124
Hisar,Rajamahendravaram,1924.990
Hisar,Rajapalayam,2639.202
Hisar,Rajkot,1082.213
Hisar,Ranchi,1372.116
Hisar,Ratlam,776.024
Hisar,Rewa,976.729
Hisar,Rohtak,99.627
Hisar,Rourkela,1540.677
Hisar,Saharanpur,238.281
Hisar,Salem,2321.108
Hisar,Sambalpur,1512.961
Hisar,Satna,899.382
Hisar,Saugor,802.083
Hisar,Shillong,2042.088
Hisar,Shimla,349.301
Hisar,Shivamogga,1998.572
Hisar,Sholapur,1541.262
Hisar,Silchar,2212.419
Hisar,Siliguri,1534.093
Hisar,Sitapur,595.235
Hisar,Sonipat,144.755
Hisar,Srinagar,719.356
Hisar,Surat,1167.184
Hisar,Thanjavur,2502.430
Hisar,Thiruvananthapuram,2728.082
Hisar,Thrissur,2447.005
Hisar,Tiruchirappalli,2455.417
Hisar,Tirunelveli,2690.748
Hisar,Tirupati,2162.448
Hisar,Tiruppur,2416.907
Hisar,Tumkur,2058.587
Hisar,Udaipur,663.959
Hisar,Udupi,2097.412
Hisar,Ujjain,771.241
Hisar,Vadodara,974.574
Hisar,Varanasi,962.429
Hisar,Vellore,2275.596
Hisar,Vijayawada,1910.299
Hisar,Visakhapatnam,1880.391
Hisar,Warangal,1663.481
Hubballi,Hyderabad,502.675
Hubballi,Imphal,2816.379
Hubballi,Indore,980.097
Hubballi,Jabalpur,1223.648
Hubballi,Jaipur,1517.301
Hubballi,Jalandhar,2057.932
Hubballi,Jalgaon,736.976
Hubballi,Jammu,2276.471
Hubballi,Jamnagar,1364.489
Hubballi,Jamshedpur,1841.205
Hubballi,Jhansi,1458.037
Hubballi,Jodhpur,1554.992
Hubballi,Kakinada,928.812
Hubballi,Kalaburagi,342.650
Hubballi,Kanpur,1639.445
Hubballi,Karnal,1849.429
Hubballi,Karur,693.885
Hubballi,Kochi,796.628
Hubballi,Kolhapur,202.798
Hubballi,Kolkata,1925.986
Hubballi,Kollam,936.907
Hubballi,Korba,1422.546
Hubballi,Kota,1277.653
Hubballi,Kozhikode,671.806
Hubballi,Kurnool,388.066
Hubballi,Latur,417.671
Hubballi,Lucknow,1721.432
Hubballi,Ludhiana,1998.808
Hubballi,Madurai,836.422
Hubballi,Mangaluru,353.613
Hubballi,Mathura,1634.585
Hubballi,Meerut,1769.311
Hubballi,Moradabad,1876.088
Hubballi,Mumbai,606.596
Hubballi,Muzaffarnagar,1826.089
Hubballi,Muzaffarpur,1967.532
Hubballi,Mysuru,464.584
Hubballi,Nagercoil,1052.292
Hubballi,Nagpur,944.317
Hubballi,Nanded,547.512
Hubballi,Nashik,647.609
Hubballi,Nellore,600.483
Hubballi,Pathankot,2168.825
Hubballi,Patiala,1941.997
Hubballi,Patna,1907.263
Hubballi,Prayagraj,1582.742
Hubballi,Puducherry,745.263
Hubballi,Pune,459.887
Hubballi,Purnia,2202.562
Hubballi,Raipur,1225.734
Hubballi,Rajamahendravaram,870.857
Hubballi,Rajapalayam,919.383
Hubballi,Rajkot,1275.455
Hubballi,Ranchi,1767.640
Hubballi,Ratlam,1055.851
Hubballi,Rewa,1447.530
Hubballi,Rohtak,1763.463
Hubballi,Rourkela,1661.247
Hubballi,Saharanpur,1866.219
Hubballi,Salem,601.290
Hubballi,Sambalpur,1496.702
Hubballi,Satna,1418.765
Hubballi,Saugor,1278.261
Hubballi,Shillong,2580.177
Hubballi,Shimla,2073.596
Hubballi,Shivamogga,195.519
Hubballi,Sholapur,294.617
Hubballi,Silchar,2558.155
Hubballi,Siliguri,2326.913
Hubballi,Sitapur,1815.580
Hubballi,Sonipat,1749.473
Hubballi,Srinagar,2476.240
Hubballi,Surat,877.186
Hubballi,Thanjavur,782.610
Hubballi,Thiruvananthapuram,1008.263
Hubballi,Thrissur,727.185
Hubballi,Tiruchirappalli,735.598
Hubballi,Tirunelveli,970.929
Hubballi,Tirupati,590.799
Hubballi,Tiruppur,697.087
Hubballi,Tumkur,338.768
Hubballi,Udaipur,1297.975
Hubballi,Udupi,300.683
Hubballi,Ujjain,1034.946
Hubballi,Vadodara,1000.668
Hubballi,Varanasi,1682.043
Hubballi,Vellore,603.252
Hubballi,Vijayawada,714.134
Hubballi,Visakhapatnam,1054.850
Hubballi,Warangal,662.934
Hyderabad,Imphal,2324.499
Hyderabad,Indore,805.187
Hyderabad,Jabalpur,774.250
Hyderabad,Jaipur,1337.354
Hyderabad,Jalandhar,1877.985
Hyderabad,Jalgaon,626.206
Hyderabad,Jammu,2096.524
Hyderabad,Jamnagar,1384.495
Hyderabad,Jamshedpur,1353.501
Hyderabad,Jhansi,1089.112
Hyderabad,Jodhpur,1478.729
Hyderabad,Kakinada,436.932
Hyderabad,Kalaburagi,224.779
Hyderabad,Kanpur,1215.648
Hyderabad,Karnal,1669.482
Hyderabad,Karur,838.748
Hyderabad,Kochi,1047.554
Hyderabad,Kolhapur,544.253
Hyderabad,Kolkata,1434.106
Hyderabad,Kollam,1187.833
Hyderabad,Korba,936.649
Hyderabad,Kota,1097.707
Hyderabad,Kozhikode,922.733
Hyderabad,Kurnool,209.631
Hyderabad,Latur,293.349
Hyderabad,Lucknow,1297.636
Hyderabad,Ludhiana,1818.861
Hyderabad,Madurai,981.285
Hyderabad,Mangaluru,788.883
Hyderabad,Mathura,1383.067
Hyderabad,Meerut,1670.967
Hyderabad,Moradabad,1579.316
Hyderabad,Mumbai,701.305
Hyderabad,Muzaffarnagar,1646.142
Hyderabad,Muzaffarpur,1539.955
Hyderabad,Mysuru,715.510
Hyderabad,Nagercoil,1197.155
Hyderabad,Nagpur,493.832
Hyderabad,Nanded,269.878
Hyderabad,Nashik,667.615
Hyderabad,Nellore,451.435
Hyderabad,Pathankot,1988.878
Hyderabad,Patiala,1762.050
Hyderabad,Patna,1469.237
Hyderabad,Prayagraj,1133.343
Hyderabad,Puducherry,758.601
Hyderabad,Pune,554.595
Hyderabad,Purnia,1752.459
Hyderabad,Raipur,739.837
Hyderabad,Rajamahendravaram,378.977
Hyderabad,Rajapalayam,1064.246
Hyderabad,Rajkot,1295.460
Hyderabad,Ranchi,1281.743
Hyderabad,Ratlam,942.072
Hyderabad,Rewa,998.132
Hyderabad,Rohtak,1583.516
Hyderabad,Rourkela,1185.608
Hyderabad,Saharanpur,1686.273
Hyderabad,Salem,746.153
Hyderabad,Sambalpur,976.685
Hyderabad,Satna,969.367
Hyderabad,Saugor,882.822
Hyderabad,Shillong,2088.297
Hyderabad,Shimla,1893.649
Hyderabad,Shivamogga,592.708
Hyderabad,Sholapur,304.397
Hyderabad,Silchar,2066.275
Hyderabad,Siliguri,1899.404
Hyderabad,Sitapur,1391.784
Hyderabad,Sonipat,1569.526
Hyderabad,Srinagar,2296.293
Hyderabad,Surat,897.192
Hyderabad,Thanjavur,876.345
Hyderabad,Thiruvananthapuram,1265.886
Hyderabad,Thrissur,978.112
Hyderabad,Tiruchirappalli,870.972
Hyderabad,Tirunelveli,1115.793
Hyderabad,Tirupati,547.042
Hyderabad,Tiruppur,841.951
Hyderabad,Tumkur,538.708
Hyderabad,Udaipur,1221.713
Hyderabad,Udupi,738.332
Hyderabad,Ujjain,854.999
Hyderabad,Vadodara,984.936
Hyderabad,Varanasi,1232.645
Hyderabad,Vellore,605.536
Hyderabad,Vijayawada,277.215
Hyderabad,Visakhapatnam,562.970
Hyderabad,Warangal,149.135
Imphal,Indore,2456.079
Imphal,Jabalpur,1997.425
Imphal,Jaipur,2317.881
Imphal,Jalandhar,2556.920
Imphal,Jalgaon,2454.412
Imphal,Jammu,2775.459
Imphal,Jamnagar,3144.920
Imphal,Jamshedpur,1172.391
Imphal,Jhansi,2068.544
Imphal,Jodhpur,2650.323
Imphal,Kakinada,1913.150
Imphal,Kalaburagi,2559.917
Imphal,Kanpur,1833.098
Imphal,Karnal,2308.014
Imphal,Karur,2910.334
Imphal,Kochi,3170.404
Imphal,Kolhapur,2853.363
Imphal,Kolkata,898.946
Imphal,Kollam,3296.282
Imphal,Korba,1653.264
Imphal,Kota,2389.639
Imphal,Kozhikode,3067.113
Imphal,Kurnool,2438.396
Imphal,Latur,2513.190
Imphal,Lucknow,1753.439
Imphal,Ludhiana,2497.012
Imphal,Madurai,3017.445
Imphal,Mangaluru,3036.727
Imphal,Mathura,2123.625
Imphal,Meerut,2197.052
Imphal,Moradabad,2096.843
Imphal,Mumbai,2777.806
Imphal,Muzaffarnagar,2253.795
Imphal,Muzaffarpur,1241.305
Imphal,Mysuru,2859.890
Imphal,Nagercoil,3268.742
Imphal,Nagpur,2005.714
Imphal,Nanded,2394.316
Imphal,Nashik,2625.630
Imphal,Nellore,2391.298
Imphal,Pathankot,2667.812
Imphal,Patiala,2440.635
Imphal,Patna,1311.464
Imphal,Prayagraj,1674.116
Imphal,Puducherry,2733.675
Imphal,Pune,2679.729
Imphal,Purnia,1041.955
Imphal,Raipur,1720.074
Imphal,Rajamahendravaram,1948.930
Imphal,Rajapalayam,3135.832
Imphal,Rajkot,3055.886
Imphal,Ranchi,1289.716
Imphal,Ratlam,2600.358
Imphal,Rewa,1756.716
Imphal,Rohtak,2309.105
Imphal,Rourkela,1347.169
Imphal,Saharanpur,2327.585
Imphal,Salem,2819.240
Imphal,Sambalpur,1447.095
Imphal,Satna,1815.225
Imphal,Saugor,2126.863
Imphal,Shillong,463.613
Imphal,Shimla,2555.838
Imphal,Shivamogga,2845.237
Imphal,Sholapur,2639.535
Imphal,Silchar,258.483
Imphal,Siliguri,882.404
Imphal,Sitapur,1830.869
Imphal,Sonipat,2267.859
Imphal,Srinagar,2975.227
Imphal,Surat,2775.898
Imphal,Thanjavur,2894.405
Imphal,Thiruvananthapuram,3337.472
Imphal,Thrissur,3094.818
Imphal,Tiruchirappalli,2889.032
Imphal,Tirunelveli,3187.379
Imphal,Tirupati,2528.889
Imphal,Tiruppur,2938.472
Imphal,Tumkur,2726.737
Imphal,Udaipur,2663.835
Imphal,Udupi,2990.860
Imphal,Ujjain,2491.738
Imphal,Vadodara,2758.358
Imphal,Varanasi,1548.602
Imphal,Vellore,2631.220
Imphal,Vijayawada,2101.577
Imphal,Visakhapatnam,1771.173
Imphal,Warangal,2253.146
Indore,Jabalpur,494.201
Indore,Jaipur,539.063
Indore,Jalandhar,1079.693
Indore,Jalgaon,295.727
Indore,Jammu,1298.232
Indore,Jamnagar,690.846
Indore,Jamshedpur,1365.384
Indore,Jhansi,553.873
Indore,Jodhpur,677.936
Indore,Kakinada,1214.355
Indore,Kalaburagi,820.605
Indore,Kanpur,782.738
Indore,Karnal,871.191
Indore,Karur,1588.717
Indore,Kochi,1691.460
Indore,Kolhapur,811.507
Indore,Kolkata,1565.473
Indore,Kollam,1831.739
Indore,Korba,890.883
Indore,Kota,299.415
Indore,Kozhikode,1566.638
Indore,Kurnool,1000.871
Indore,Latur,680.826
Indore,Lucknow,864.726
Indore,Ludhiana,1020.569
Indore,Madurai,1731.255
Indore,Mangaluru,1325.356
Indore,Mathura,656.347
Indore,Meerut,791.072
Indore,Moradabad,897.849
Indore,Mumbai,583.492
Indore,Muzaffarnagar,847.850
Indore,Muzaffarpur,1238.087
Indore,Mysuru,1359.416
Indore,Nagercoil,1947.124
Indore,Nagpur,448.268
Indore,Nanded,536.818
Indore,Nashik,416.666
Indore,Nellore,1270.915
Indore,Pathankot,1190.586
Indore,Patiala,963.758
Indore,Patna,1177.818
Indore,Prayagraj,853.296
Indore,Puducherry,1593.306
Indore,Pune,603.015
Indore,Purnia,1473.117
Indore,Raipur,733.712
Indore,Rajamahendravaram,1156.399
Indore,Rajapalayam,1814.215
Indore,Rajkot,601.812
Indore,Ranchi,1235.977
Indore,Ratlam,155.415
Indore,Rewa,718.085
Indore,Rohtak,785.225
Indore,Rourkela,1168.061
Indore,Saharanpur,887.981
Indore,Salem,1496.122
Indore,Sambalpur,1004.680
Indore,Satna,689.320
Indore,Saugor,421.555
Indore,Shillong,2105.463
Indore,Shimla,1095.358
Indore,Shivamogga,1173.586
Indore,Sholapur,716.275
Indore,Silchar,2197.642
Indore,Siliguri,1597.468
Indore,Sitapur,958.874
Indore,Sonipat,771.235
Indore,Srinagar,1498.001
Indore,Surat,439.320
Indore,Thanjavur,1677.443
Indore,Thiruvananthapuram,1903.095
Indore,Thrissur,1622.018
Indore,Tiruchirappalli,1630.430
Indore,Tirunelveli,1865.762
Indore,Tirupati,1338.282
Indore,Tiruppur,1591.920
Indore,Tumkur,1233.601
Indore,Udaipur,437.192
Indore,Udupi,1272.425
Indore,Ujjain,56.708
Indore,Vadodara,349.212
Indore,Varanasi,952.597
Indore,Vellore,1450.610
Indore,Vijayawada,1072.873
Indore,Visakhapatnam,1269.141
Indore,Warangal,848.197
Jabalpur,Jaipur,790.928
Jabalpur,Jalandhar,1146.578
Jabalpur,Jalgaon,670.769
Jabalpur,Jammu,1365.117
Jabalpur,Jamnagar,1185.234
Jabalpur,Jamshedpur,872.620
Jabalpur,Jhansi,341.837
Jabalpur,Jodhpur,985.683
Jabalpur,Kakinada,999.752
Jabalpur,Kalaburagi,883.427
Jabalpur,Kanpur,455.880
Jabalpur,Karnal,913.669
Jabalpur,Karur,1632.054
Jabalpur,Kochi,1840.860
Jabalpur,Kolhapur,1127.299
Jabalpur,Kolkata,1120.094
Jabalpur,Kollam,1981.139
Jabalpur,Korba,398.118
Jabalpur,Kota,607.163
Jabalpur,Kozhikode,1716.039
Jabalpur,Kurnool,1002.937
Jabalpur,Latur,787.126
Jabalpur,Lucknow,537.868
Jabalpur,Ludhiana,1087.454
Jabalpur,Madurai,1774.591
Jabalpur,Mangaluru,1578.016
Jabalpur,Mathura,634.789
Jabalpur,Meerut,911.199
Jabalpur,Moradabad,819.549
Jabalpur,Mumbai,1051.742
Jabalpur,Muzaffarnagar,967.943
Jabalpur,Muzaffarpur,751.524
Jabalpur,Mysuru,1508.816
Jabalpur,Nagercoil,1990.461
Jabalpur,Nagpur,271.799
Jabalpur,Nanded,686.973
Jabalpur,Nashik,899.566
Jabalpur,Nellore,1183.773
Jabalpur,Pathankot,1257.470
Jabalpur,Patiala,1030.643
Jabalpur,Patna,691.255
Jabalpur,Prayagraj,366.733
Jabalpur,Puducherry,1526.150
Jabalpur,Pune,953.666
Jabalpur,Purnia,986.554
Jabalpur,Raipur,350.802
Jabalpur,Rajamahendravaram,974.667
Jabalpur,Rajapalayam,1857.552
Jabalpur,Rajkot,1096.200
Jabalpur,Ranchi,743.213
Jabalpur,Ratlam,630.528
Jabalpur,Rewa,231.522
Jabalpur,Rohtak,852.109
Jabalpur,Rourkela,675.297
Jabalpur,Saharanpur,1041.733
Jabalpur,Salem,1539.459
Jabalpur,Sambalpur,562.639
Jabalpur,Satna,202.757
Jabalpur,Saugor,159.483
Jabalpur,Shillong,1618.900
Jabalpur,Shimla,1145.088
Jabalpur,Shivamogga,1414.301
Jabalpur,Sholapur,925.752
Jabalpur,Silchar,1705.758
Jabalpur,Siliguri,1110.905
Jabalpur,Sitapur,632.016
Jabalpur,Sonipat,836.805
Jabalpur,Srinagar,1564.886
Jabalpur,Surat,923.782
Jabalpur,Thanjavur,1669.651
Jabalpur,Thiruvananthapuram,2059.192
Jabalpur,Thrissur,1771.418
Jabalpur,Tiruchirappalli,1664.278
Jabalpur,Tirunelveli,1909.098
Jabalpur,Tirupati,1321.364
Jabalpur,Tiruppur,1635.256
Jabalpur,Tumkur,1332.014
Jabalpur,Udaipur,839.792
Jabalpur,Udupi,1525.086
Jabalpur,Ujjain,532.052
Jabalpur,Vadodara,843.601
Jabalpur,Varanasi,466.034
Jabalpur,Vellore,1398.842
Jabalpur,Vijayawada,964.422
Jabalpur,Visakhapatnam,930.069
Jabalpur,Warangal,717.603
Jaipur,Jalandhar,564.314
Jaipur,Jalgaon,835.150
Jaipur,Jammu,782.854
Jaipur,Jamnagar,903.613
Jaipur,Jamshedpur,1369.522
Jaipur,Jhansi,445.871
Jaipur,Jodhpur,335.051
Jaipur,Kakinada,1744.075
Jaipur,Kalaburagi,1360.028
Jaipur,Kanpur,521.738
Jaipur,Karnal,383.658
Jaipur,Karur,2128.141
Jaipur,Kochi,2230.883
Jaipur,Kolhapur,1350.930
Jaipur,Kolkata,1505.911
Jaipur,Kollam,2371.162
Jaipur,Korba,1194.189
Jaipur,Kota,276.854
Jaipur,Kozhikode,2106.062
Jaipur,Kurnool,1539.475
Jaipur,Latur,1220.250
Jaipur,Lucknow,569.020
Jaipur,Ludhiana,505.190
Jaipur,Madurai,2270.678
Jaipur,Mangaluru,1864.779
Jaipur,Mathura,224.023
Jaipur,Meerut,358.904
Jaipur,Moradabad,465.682
Jaipur,Mumbai,1141.415
Jaipur,Muzaffarnagar,415.683
Jaipur,Muzaffarpur,1084.805
Jaipur,Mysuru,1898.840
Jaipur,Nagercoil,2486.548
Jaipur,Nagpur,935.207
Jaipur,Nanded,1075.422
Jaipur,Nashik,956.089
Jaipur,Nellore,1844.088
Jaipur,Pathankot,675.207
Jaipur,Patiala,448.379
Jaipur,Patna,1077.073
Jaipur,Prayagraj,715.614
Jaipur,Puducherry,2132.729
Jaipur,Pune,1142.439
Jaipur,Purnia,1331.139
Jaipur,Raipur,1146.873
Jaipur,Rajamahendravaram,1686.120
Jaipur,Rajapalayam,2353.639
Jaipur,Rajkot,871.803
Jaipur,Ranchi,1248.737
Jaipur,Ratlam,490.461
Jaipur,Rewa,822.673
Jaipur,Rohtak,275.472
Jaipur,Rourkela,1417.297
Jaipur,Saharanpur,433.692
Jaipur,Salem,2035.546
Jaipur,Sambalpur,1358.709
Jaipur,Satna,717.639
Jaipur,Saugor,637.051
Jaipur,Shillong,1949.349
Jaipur,Shimla,579.257
Jaipur,Shivamogga,1713.009
Jaipur,Sholapur,1255.699
Jaipur,Silchar,2089.040
Jaipur,Siliguri,1441.355
Jaipur,Sitapur,569.442
Jaipur,Sonipat,301.819
Jaipur,Srinagar,982.622
Jaipur,Surat,881.620
Jaipur,Thanjavur,2216.867
Jaipur,Thiruvananthapuram,2442.519
Jaipur,Thrissur,2161.441
Jaipur,Tiruchirappalli,2169.854
Jaipur,Tirunelveli,2405.185
Jaipur,Tirupati,1876.885
Jaipur,Tiruppur,2131.343
Jaipur,Tumkur,1773.024
Jaipur,Udaipur,394.439
Jaipur,Udupi,1811.849
Jaipur,Ujjain,485.678
Jaipur,Vadodara,745.699
Jaipur,Varanasi,839.049
Jaipur,Vellore,1990.033
Jaipur,Vijayawada,1624.736
Jaipur,Visakhapatnam,1726.139
Jaipur,Warangal,1377.918
Jalandhar,Jalgaon,1370.456
Jalandhar,Jammu,221.547
Jalandhar,Jamnagar,1238.584
Jalandhar,Jamshedpur,1635.996
Jalandhar,Jhansi,804.680
Jalandhar,Jodhpur,679.807
Jalandhar,Kakinada,2154.633
Jalandhar,Kalaburagi,1895.334
Jalandhar,Kanpur,816.004
Jalandhar,Karnal,249.846
Jalandhar,Karur,2663.447
Jalandhar,Kochi,2766.189
Jalandhar,Kolhapur,1886.236
Jalandhar,Kolkata,1772.386
Jalandhar,Kollam,2906.468
Jalandhar,Korba,1555.028
Jalandhar,Kota,812.160
Jalandhar,Kozhikode,2641.368
Jalandhar,Kurnool,2074.780
Jalandhar,Latur,1755.556
Jalandhar,Lucknow,804.852
Jalandhar,Ludhiana,60.651
Jalandhar,Madurai,2805.984
Jalandhar,Mangaluru,2400.085
Jalandhar,Mathura,514.903
Jalandhar,Meerut,360.324
Jalandhar,Moradabad,477.224
Jalandhar,Mumbai,1676.721
Jalandhar,Muzaffarnagar,331.616
Jalandhar,Muzaffarpur,1320.638
Jalandhar,Mysuru,2434.146
Jalandhar,Nagercoil,3021.854
Jalandhar,Nagpur,1470.513
Jalandhar,Nanded,1610.727
Jalandhar,Nashik,1491.395
Jalandhar,Nellore,2379.394
Jalandhar,Pathankot,113.900
Jalandhar,Patiala,172.539
Jalandhar,Patna,1312.906
Jalandhar,Prayagraj,989.984
Jalandhar,Puducherry,2668.035
Jalandhar,Pune,1677.745
Jalandhar,Purnia,1566.972
Jalandhar,Raipur,1505.682
Jalandhar,Rajamahendravaram,2129.548
Jalandhar,Rajapalayam,2888.945
Jalandhar,Rajkot,1220.740
Jalandhar,Ranchi,1515.211
Jalandhar,Ratlam,1025.767
Jalandhar,Rewa,1119.823
Jalandhar,Rohtak,313.426
Jalandhar,Rourkela,1683.772
Jalandhar,Saharanpur,265.711
Jalandhar,Salem,2570.852
Jalandhar,Sambalpur,1653.491
Jalandhar,Satna,1103.940
Jalandhar,Saugor,1006.641
Jalandhar,Shillong,2185.182
Jalandhar,Shimla,253.314
Jalandhar,Shivamogga,2248.315
Jalandhar,Sholapur,1791.005
Jalandhar,Silchar,2355.514
Jalandhar,Siliguri,1677.188
Jalandhar,Sitapur,738.329
Jalandhar,Sonipat,321.792
Jalandhar,Srinagar,421.316
Jalandhar,Surat,1416.927
Jalandhar,Thanjavur,2752.172
Jalandhar,Thiruvananthapuram,2977.825
Jalandhar,Thrissur,2696.747
Jalandhar,Tiruchirappalli,2705.160
Jalandhar,Tirunelveli,2940.491
Jalandhar,Tirupati,2412.191
Jalandhar,Tiruppur,2666.649
Jalandhar,Tumkur,2308.330
Jalandhar,Udaipur,933.139
Jalandhar,Udupi,2347.155
Jalandhar,Ujjain,1020.984
Jalandhar,Vadodara,1281.005
Jalandhar,Varanasi,1105.524
Jalandhar,Vellore,2525.339
Jalandhar,Vijayawada,2160.042
Jalandhar,Visakhapatnam,2084.949
Jalandhar,Warangal,1913.224
Jalgaon,Jammu,1593.007
Jalgaon,Jamnagar,739.769
Jalgaon,Jamshedpur,1398.299
Jalgaon,Jhansi,768.748
Jalgaon,Jodhpur,876.249
Jalgaon,Kakinada,1048.215
Jalgaon,Kalaburagi,543.958
Jalgaon,Kanpur,950.156
Jalgaon,Karnal,1165.966
Jalgaon,Karur,1345.065
Jalgaon,Kochi,1447.807
Jalgaon,Kolhapur,590.495
Jalgaon,Kolkata,1569.393
Jalgaon,Kollam,1588.086
Jalgaon,Korba,934.444
Jalgaon,Kota,594.190
Jalgaon,Kozhikode,1322.986
Jalgaon,Kurnool,811.702
Jalgaon,Latur,402.922
Jalgaon,Lucknow,1032.144
Jalgaon,Ludhiana,1315.344
Jalgaon,Madurai,1487.602
Jalgaon,Mangaluru,1093.649
Jalgaon,Mathura,951.122
Jalgaon,Meerut,1085.847
Jalgaon,Moradabad,1192.624
Jalgaon,Mumbai,412.230
Jalgaon,Muzaffarnagar,1142.625
Jalgaon,Muzaffarpur,1405.505
Jalgaon,Mysuru,1115.764
Jalgaon,Nagercoil,1703.472
Jalgaon,Nagpur,456.214
Jalgaon,Nanded,370.679
Jalgaon,Nashik,245.404
Jalgaon,Nellore,1104.776
Jalgaon,Pathankot,1485.361
Jalgaon,Patiala,1258.533
Jalgaon,Patna,1345.236
Jalgaon,Prayagraj,1020.715
Jalgaon,Puducherry,1349.653
Jalgaon,Pune,387.863
Jalgaon,Purnia,1640.535
Jalgaon,Raipur,737.631
Jalgaon,Rajamahendravaram,990.260
Jalgaon,Rajapalayam,1570.562
Jalgaon,Rajkot,650.735
Jalgaon,Ranchi,1279.538
Jalgaon,Ratlam,372.387
Jalgaon,Rewa,885.503
Jalgaon,Rohtak,1080.000
Jalgaon,Rourkela,1173.144
Jalgaon,Saharanpur,1182.756
Jalgaon,Salem,1252.469
Jalgaon,Sambalpur,1008.599
Jalgaon,Satna,856.738
Jalgaon,Saugor,588.973
Jalgaon,Shillong,2223.584
Jalgaon,Shimla,1390.132
Jalgaon,Shivamogga,929.933
Jalgaon,Sholapur,441.384
Jalgaon,Silchar,2201.562
Jalgaon,Siliguri,1764.886
Jalgaon,Sitapur,1126.292
Jalgaon,Sonipat,1066.009
Jalgaon,Srinagar,1792.776
Jalgaon,Surat,321.777
Jalgaon,Thanjavur,1433.790
Jalgaon,Thiruvananthapuram,1659.443
Jalgaon,Thrissur,1378.365
Jalgaon,Tiruchirappalli,1386.778
Jalgaon,Tirunelveli,1622.109
Jalgaon,Tirupati,1149.113
Jalgaon,Tiruppur,1348.267
Jalgaon,Tumkur,989.948
Jalgaon,Udaipur,619.232
Jalgaon,Udupi,1040.718
Jalgaon,Ujjain,351.483
Jalgaon,Vadodara,363.646
Jalgaon,Varanasi,1120.015
Jalgaon,Vellore,1206.957
Jalgaon,Vijayawada,906.734
Jalgaon,Visakhapatnam,1174.253
Jalgaon,Warangal,682.058
Jammu,Jamnagar,1459.733
Jammu,Jamshedpur,1854.272
Jammu,Jhansi,1022.956
Jammu,Jodhpur,900.956
Jammu,Kakinada,2372.909
Jammu,Kalaburagi,2113.610
Jammu,Kanpur,1034.280
Jammu,Karnal,468.122
Jammu,Karur,2881.723
Jammu,Kochi,2984.465
Jammu,Kolhapur,2104.512
Jammu,Kolkata,1990.662
Jammu,Kollam,3124.744
Jammu,Korba,1773.304
Jammu,Kota,1030.436
Jammu,Kozhikode,2859.644
Jammu,Kurnool,2293.057
Jammu,Latur,1973.832
Jammu,Lucknow,1023.129
Jammu,Ludhiana,278.927
Jammu,Madurai,3024.260
Jammu,Mangaluru,2618.361
Jammu,Mathura,733.179
Jammu,Meerut,578.600
Jammu,Moradabad,695.500
Jammu,Mumbai,1894.997
Jammu,Muzaffarnagar,554.071
Jammu,Muzaffarpur,1538.914
Jammu,Mysuru,2652.422
Jammu,Nagercoil,3240.130
Jammu,Nagpur,1688.789
Jammu,Nanded,1829.004
Jammu,Nashik,1709.671
Jammu,Nellore,2597.670
Jammu,Pathankot,106.178
Jammu,Patiala,390.815
Jammu,Patna,1531.182
Jammu,Prayagraj,1208.260
Jammu,Puducherry,2886.311
Jammu,Pune,1896.021
Jammu,Purnia,1785.248
Jammu,Raipur,1723.958
Jammu,Rajamahendravaram,2347.824
Jammu,Rajapalayam,3107.221
Jammu,Rajkot,1441.888
Jammu,Ranchi,1733.487
Jammu,Ratlam,1244.043
Jammu,Rewa,1338.099
Jammu,Rohtak,531.702
Jammu,Rourkela,1902.048
Jammu,Saharanpur,488.167
Jammu,Salem,2789.128
Jammu,Sambalpur,1871.767
Jammu,Satna,1322.216
Jammu,Saugor,1224.917
Jammu,Shillong,2403.458
Jammu,Shimla,448.977
Jammu,Shivamogga,2466.591
Jammu,Sholapur,2009.281
Jammu,Silchar,2573.790
Jammu,Siliguri,1895.464
Jammu,Sitapur,956.605
Jammu,Sonipat,540.068
Jammu,Srinagar,235.379
Jammu,Surat,1635.203
Jammu,Thanjavur,2970.448
Jammu,Thiruvananthapuram,3196.101
Jammu,Thrissur,2915.023
Jammu,Tiruchirappalli,2923.436
Jammu,Tirunelveli,3158.767
Jammu,Tirupati,2630.468
Jammu,Tiruppur,2884.925
Jammu,Tumkur,2526.606
Jammu,Udaipur,1154.287
Jammu,Udupi,2565.430
Jammu,Ujjain,1239.260
Jammu,Vadodara,1499.281
Jammu,Varanasi,1323.800
Jammu,Vellore,2743.615
Jammu,Vijayawada,2378.318
Jammu,Visakhapatnam,2303.225
Jammu,Warangal,2131.500
Jamnagar,Jamshedpur,2056.822
Jamnagar,Jhansi,1134.884
Jamnagar,Jodhpur,613.534
Jamnagar,Kakinada,1775.261
Jamnagar,Kalaburagi,1245.639
Jamnagar,Kanpur,1364.317
Jamnagar,Karnal,1251.831
Jamnagar,Karur,1978.553
Jamnagar,Kochi,2081.295
Jamnagar,Kolhapur,1127.862
Jamnagar,Kolkata,2256.910
Jamnagar,Kollam,2221.574
Jamnagar,Korba,1582.320
Jamnagar,Kota,847.530
Jamnagar,Kozhikode,1956.474
Jamnagar,Kurnool,1504.929
Jamnagar,Latur,1120.870
Jamnagar,Lucknow,1446.345
Jamnagar,Ludhiana,1222.621
Jamnagar,Madurai,2121.090
Jamnagar,Mangaluru,1650.898
Jamnagar,Mathura,1204.463
Jamnagar,Meerut,1339.188
Jamnagar,Moradabad,1445.965
Jamnagar,Mumbai,769.752
Jamnagar,Muzaffarnagar,1319.884
Jamnagar,Muzaffarpur,1965.632
Jamnagar,Mysuru,1749.252
Jamnagar,Nagercoil,2336.960
Jamnagar,Nagpur,1139.705
Jamnagar,Nanded,1097.724
Jamnagar,Nashik,719.750
Jamnagar,Nellore,1826.440
Jamnagar,Pathankot,1352.025
Jamnagar,Patiala,1233.136
Jamnagar,Patna,1869.255
Jamnagar,Prayagraj,1547.111
Jamnagar,Puducherry,1983.141
Jamnagar,Pune,898.755
Jamnagar,Purnia,2164.554
Jamnagar,Raipur,1425.149
Jamnagar,Rajamahendravaram,1717.305
Jamnagar,Rajapalayam,2204.050
Jamnagar,Rajkot,95.495
Jamnagar,Ranchi,1927.415
Jamnagar,Ratlam,629.598
Jamnagar,Rewa,1409.522
Jamnagar,Rohtak,1151.777
Jamnagar,Rourkela,1859.499
Jamnagar,Saharanpur,1343.675
Jamnagar,Salem,1885.957
Jamnagar,Sambalpur,1696.117
Jamnagar,Satna,1380.757
Jamnagar,Saugor,1082.846
Jamnagar,Shillong,2830.177
Jamnagar,Shimla,1404.880
Jamnagar,Shivamogga,1563.421
Jamnagar,Sholapur,1106.111
Jamnagar,Silchar,2889.080
Jamnagar,Siliguri,2322.182
Jamnagar,Sitapur,1549.881
Jamnagar,Sonipat,1205.302
Jamnagar,Srinagar,1659.440
Jamnagar,Surat,509.958
Jamnagar,Thanjavur,2067.278
Jamnagar,Thiruvananthapuram,2292.930
Jamnagar,Thrissur,2011.853
Jamnagar,Tiruchirappalli,2020.265
Jamnagar,Tirunelveli,2255.597
Jamnagar,Tirupati,1816.756
Jamnagar,Tiruppur,1981.755
Jamnagar,Tumkur,1623.436
Jamnagar,Udaipur,565.556
Jamnagar,Udupi,1597.967
Jamnagar,Ujjain,693.891
Jamnagar,Vadodara,376.056
Jamnagar,Varanasi,1674.058
Jamnagar,Vellore,1840.445
Jamnagar,Vijayawada,1633.779
Jamnagar,Visakhapatnam,1901.298
Jamnagar,Warangal,1409.103
Jamshedpur,Jhansi,1073.027
Jamshedpur,Jodhpur,1698.103
Jamshedpur,Kakinada,939.012
Jamshedpur,Kalaburagi,1548.158
Jamshedpur,Kanpur,877.687
Jamshedpur,Karnal,1387.856
Jamshedpur,Karur,1936.197
Jamshedpur,Kochi,2196.266
Jamshedpur,Kolhapur,1792.756
Jamshedpur,Kolkata,283.239
Jamshedpur,Kollam,2322.144
Jamshedpur,Korba,493.177
Jamshedpur,Kota,1394.122
Jamshedpur,Kozhikode,2092.975
Jamshedpur,Kurnool,1464.258
Jamshedpur,Latur,1452.583
Jamshedpur,Lucknow,832.935
Jamshedpur,Ludhiana,1576.854
Jamshedpur,Madurai,2043.307
Jamshedpur,Mangaluru,2062.590
Jamshedpur,Mathura,1187.802
Jamshedpur,Meerut,1276.893
Jamshedpur,Moradabad,1185.243
Jamshedpur,Mumbai,1717.199
Jamshedpur,Muzaffarnagar,1333.637
Jamshedpur,Muzaffarpur,511.149
Jamshedpur,Mysuru,1885.753
Jamshedpur,Nagercoil,2294.604
Jamshedpur,Nagpur,945.107
Jamshedpur,Nanded,1333.710
Jamshedpur,Nashik,1565.023
Jamshedpur,Nellore,1417.160
Jamshedpur,Pathankot,1747.654
Jamshedpur,Patiala,1520.477
Jamshedpur,Patna,445.844
Jamshedpur,Prayagraj,657.011
Jamshedpur,Puducherry,1759.537
Jamshedpur,Pune,1619.123
Jamshedpur,Purnia,567.226
Jamshedpur,Raipur,659.467
Jamshedpur,Rajamahendravaram,974.792
Jamshedpur,Rajapalayam,2161.695
Jamshedpur,Rajkot,1967.443
Jamshedpur,Ranchi,129.629
Jamshedpur,Ratlam,1501.771
Jamshedpur,Rewa,660.853
Jamshedpur,Rohtak,1388.947
Jamshedpur,Rourkela,204.077
Jamshedpur,Saharanpur,1407.427
Jamshedpur,Salem,1845.102
Jamshedpur,Sambalpur,386.488
Jamshedpur,Satna,715.225
Jamshedpur,Saugor,1009.219
Jamshedpur,Shillong,937.430
Jamshedpur,Shimla,1635.679
Jamshedpur,Shivamogga,1871.099
Jamshedpur,Sholapur,1591.209
Jamshedpur,Silchar,915.408
Jamshedpur,Siliguri,671.654
Jamshedpur,Sitapur,920.052
Jamshedpur,Sonipat,1347.701
Jamshedpur,Srinagar,2055.070
Jamshedpur,Surat,1715.292
Jamshedpur,Thanjavur,1920.267
Jamshedpur,Thiruvananthapuram,2363.334
Jamshedpur,Thrissur,2120.681
Jamshedpur,Tiruchirappalli,1914.895
Jamshedpur,Tirunelveli,2213.241
Jamshedpur,Tirupati,1554.751
Jamshedpur,Tiruppur,1964.334
Jamshedpur,Tumkur,1752.599
Jamshedpur,Udaipur,1668.317
Jamshedpur,Udupi,2016.723
Jamshedpur,Ujjain,1403.295
Jamshedpur,Vadodara,1714.843
Jamshedpur,Varanasi,535.597
Jamshedpur,Vellore,1657.083
Jamshedpur,Vijayawada,1127.439
Jamshedpur,Visakhapatnam,797.035
Jamshedpur,Warangal,1202.505
Jhansi,Jodhpur,695.781
Jhansi,Kakinada,1347.526
Jhansi,Kalaburagi,1177.415
Jhansi,Kanpur,231.429
Jhansi,Karnal,569.038
Jhansi,Karur,1946.122
Jhansi,Kochi,2154.928
Jhansi,Kolhapur,1356.691
Jhansi,Kolkata,1208.033
Jhansi,Kollam,2295.207
Jhansi,Korba,745.892
Jhansi,Kota,323.013
Jhansi,Kozhikode,2030.106
Jhansi,Kurnool,1317.005
Jhansi,Latur,1065.110
Jhansi,Lucknow,313.457
Jhansi,Ludhiana,742.823
Jhansi,Madurai,2088.659
Jhansi,Mangaluru,1807.409
Jhansi,Mathura,290.158
Jhansi,Meerut,457.324
Jhansi,Moradabad,515.003
Jhansi,Mumbai,1103.675
Jhansi,Muzaffarnagar,514.067
Jhansi,Muzaffarpur,832.745
Jhansi,Mysuru,1822.884
Jhansi,Nagercoil,2304.529
Jhansi,Nagpur,588.959
Jhansi,Nanded,926.125
Jhansi,Nashik,936.848
Jhansi,Nellore,1497.841
Jhansi,Pathankot,912.840
Jhansi,Patiala,686.012
Jhansi,Patna,776.658
Jhansi,Prayagraj,414.223
Jhansi,Puducherry,1840.218
Jhansi,Pune,1123.198
Jhansi,Purnia,1071.957
Jhansi,Raipur,698.575
Jhansi,Rajamahendravaram,1322.441
Jhansi,Rajapalayam,2171.619
Jhansi,Rajkot,1041.569
Jhansi,Ranchi,950.858
Jhansi,Ratlam,533.732
Jhansi,Rewa,324.345
Jhansi,Rohtak,507.478
Jhansi,Rourkela,954.756
Jhansi,Saharanpur,594.795
Jhansi,Salem,1853.526
Jhansi,Sambalpur,910.412
Jhansi,Satna,269.329
Jhansi,Saugor,202.702
Jhansi,Shillong,1697.289
Jhansi,Shimla,800.457
Jhansi,Shivamogga,1643.693
Jhansi,Sholapur,1155.145
Jhansi,Silchar,1791.161
Jhansi,Siliguri,1189.294
Jhansi,Sitapur,407.605
Jhansi,Sonipat,492.174
Jhansi,Srinagar,1220.255
Jhansi,Surat,924.891
Jhansi,Thanjavur,1983.718
Jhansi,Thiruvananthapuram,2373.259
Jhansi,Thrissur,2085.485
Jhansi,Tiruchirappalli,1978.346
Jhansi,Tirunelveli,2223.166
Jhansi,Tirupati,1635.432
Jhansi,Tiruppur,1949.324
Jhansi,Tumkur,1646.081
Jhansi,Udaipur,597.208
Jhansi,Udupi,1754.478
Jhansi,Ujjain,497.718
Jhansi,Vadodara,788.970
Jhansi,Varanasi,541.170
Jhansi,Vellore,1712.910
Jhansi,Vijayawada,1278.489
Jhansi,Visakhapatnam,1277.842
Jhansi,Warangal,1031.671
Jodhpur,Kakinada,1878.238
Jodhpur,Kalaburagi,1434.943
Jodhpur,Kanpur,854.338
Jodhpur,Karnal,618.548
Jodhpur,Karur,2167.856
Jodhpur,Kochi,2270.599
Jodhpur,Kolhapur,1317.166
Jodhpur,Kolkata,1838.511
Jodhpur,Kollam,2410.878
Jodhpur,Korba,1430.292
Jodhpur,Kota,376.572
Jodhpur,Kozhikode,2145.777
Jodhpur,Kurnool,1694.233
Jodhpur,Latur,1252.040
Jodhpur,Lucknow,901.620
Jodhpur,Ludhiana,664.363
Jodhpur,Madurai,2310.394
Jodhpur,Mangaluru,1840.201
Jodhpur,Mathura,556.623
Jodhpur,Meerut,643.111
Jodhpur,Moradabad,756.713
Jodhpur,Mumbai,959.056
Jodhpur,Muzaffarnagar,686.607
Jodhpur,Muzaffarpur,1417.405
Jodhpur,Mysuru,1938.555
Jodhpur,Nagercoil,2526.264
Jodhpur,Nagpur,1069.369
Jodhpur,Nanded,1215.739
Jodhpur,Nashik,909.053
Jodhpur,Nellore,1949.836
Jodhpur,Pathankot,793.767
Jodhpur,Patiala,636.625
Jodhpur,Patna,1409.673
Jodhpur,Prayagraj,1048.214
Jodhpur,Puducherry,2172.445
Jodhpur,Pune,1088.059
Jodhpur,Purnia,1663.739
Jodhpur,Raipur,1354.813
Jodhpur,Rajamahendravaram,1820.283
Jodhpur,Rajapalayam,2393.354
Jodhpur,Rajkot,595.273
Jodhpur,Ranchi,1581.336
Jodhpur,Ratlam,538.866
Jodhpur,Rewa,1023.502
Jodhpur,Rohtak,518.500
Jodhpur,Rourkela,1653.912
Jodhpur,Saharanpur,710.398
Jodhpur,Salem,2075.261
Jodhpur,Sambalpur,1625.781
Jodhpur,Satna,968.486
Jodhpur,Saugor,826.450
Jodhpur,Shillong,2281.950
Jodhpur,Shimla,812.649
Jodhpur,Shivamogga,1752.725
Jodhpur,Sholapur,1295.414
Jodhpur,Silchar,2421.640
Jodhpur,Siliguri,1773.955
Jodhpur,Sitapur,902.042
Jodhpur,Sonipat,572.025
Jodhpur,Srinagar,1101.182
Jodhpur,Surat,699.262
Jodhpur,Thanjavur,2256.581
Jodhpur,Thiruvananthapuram,2482.234
Jodhpur,Thrissur,2201.157
Jodhpur,Tiruchirappalli,2209.569
Jodhpur,Tirunelveli,2444.901
Jodhpur,Tirupati,2006.060
Jodhpur,Tiruppur,2171.059
Jodhpur,Tumkur,1812.740
Jodhpur,Udaipur,254.744
Jodhpur,Udupi,1787.271
Jodhpur,Ujjain,622.430
Jodhpur,Vadodara,565.360
Jodhpur,Varanasi,1171.649
Jodhpur,Vellore,2029.748
Jodhpur,Vijayawada,1758.899
Jodhpur,Visakhapatnam,1890.242
Jodhpur,Warangal,1512.081
Kakinada,Kalaburagi,674.372
Kakinada,Kanpur,1462.697
Kakinada,Karnal,1920.485
Kakinada,Karur,993.528
Kakinada,Kochi,1253.597
Kakinada,Kolhapur,993.845
Kakinada,Kolkata,1024.539
Kakinada,Kollam,1379.475
Kakinada,Korba,837.195
Kakinada,Kota,1503.067
Kakinada,Kozhikode,1178.561
Kakinada,Kurnool,552.851
Kakinada,Latur,740.916
Kakinada,Lucknow,1448.338
Kakinada,Ludhiana,2094.270
Kakinada,Madurai,1100.638
Kakinada,Mangaluru,1161.071
Kakinada,Mathura,1641.605
Kakinada,Meerut,1918.016
Kakinada,Moradabad,1826.365
Kakinada,Mumbai,1150.897
Kakinada,Muzaffarnagar,1974.759
Kakinada,Muzaffarpur,1411.704
Kakinada,Mysuru,971.339
Kakinada,Nagercoil,1351.935
Kakinada,Nagpur,813.474
Kakinada,Nanded,701.700
Kakinada,Nashik,1127.782
Kakinada,Nellore,474.491
Kakinada,Pathankot,2264.287
Kakinada,Patiala,2037.459
Kakinada,Patna,1346.398
Kakinada,Prayagraj,1241.082
Kakinada,Puducherry,816.868
Kakinada,Pune,1004.188
Kakinada,Purnia,1386.130
Kakinada,Raipur,652.355
Kakinada,Rajamahendravaram,63.385
Kakinada,Rajapalayam,1219.025
Kakinada,Rajkot,1685.737
Kakinada,Ranchi,1034.327
Kakinada,Ratlam,1355.785
Kakinada,Rewa,1112.789
Kakinada,Rohtak,1858.926
Kakinada,Rourkela,883.724
Kakinada,Saharanpur,2048.549
Kakinada,Salem,902.433
Kakinada,Sambalpur,744.484
Kakinada,Satna,1203.419
Kakinada,Saugor,1166.300
Kakinada,Shillong,1678.730
Kakinada,Shimla,2151.905
Kakinada,Shivamogga,959.692
Kakinada,Sholapur,753.990
Kakinada,Silchar,1656.708
Kakinada,Siliguri,1517.609
Kakinada,Sitapur,1535.457
Kakinada,Sonipat,1843.621
Kakinada,Srinagar,2571.702
Kakinada,Surat,1318.389
Kakinada,Thanjavur,977.598
Kakinada,Thiruvananthapuram,1420.665
Kakinada,Thrissur,1178.012
Kakinada,Tiruchirappalli,972.226
Kakinada,Tirunelveli,1270.572
Kakinada,Tirupati,612.082
Kakinada,Tiruppur,1021.665
Kakinada,Tumkur,851.080
Kakinada,Udaipur,1635.426
Kakinada,Udupi,1105.315
Kakinada,Ujjain,1298.643
Kakinada,Vadodara,1398.649
Kakinada,Varanasi,1250.621
Kakinada,Vellore,714.414
Kakinada,Vijayawada,216.031
Kakinada,Visakhapatnam,153.403
Kakinada,Warangal,367.601
Kalaburagi,Kanpur,1313.539
Kalaburagi,Karnal,1687.676
Kalaburagi,Karur,899.847
Kalaburagi,Kochi,1001.323
Kalaburagi,Kolhapur,332.609
Kalaburagi,Kolkata,1671.519
Kalaburagi,Kollam,1141.602
Kalaburagi,Korba,1054.860
Kalaburagi,Kota,1115.901
Kalaburagi,Kozhikode,876.501
Kalaburagi,Kurnool,260.546
Kalaburagi,Latur,143.292
Kalaburagi,Lucknow,1395.526
Kalaburagi,Ludhiana,1837.055
Kalaburagi,Madurai,1042.385
Kalaburagi,Mangaluru,715.435
Kalaburagi,Mathura,1472.833
Kalaburagi,Meerut,1607.558
Kalaburagi,Moradabad,1677.207
Kalaburagi,Mumbai,539.412
Kalaburagi,Muzaffarnagar,1664.336
Kalaburagi,Muzaffarpur,1616.024
Kalaburagi,Mysuru,669.279
Kalaburagi,Nagercoil,1258.255
Kalaburagi,Nagpur,591.723
Kalaburagi,Nanded,252.125
Kalaburagi,Nashik,526.254
Kalaburagi,Nellore,580.050
Kalaburagi,Pathankot,2007.072
Kalaburagi,Patiala,1780.244
Kalaburagi,Patna,1555.755
Kalaburagi,Prayagraj,1231.234
Kalaburagi,Puducherry,809.517
Kalaburagi,Pune,392.703
Kalaburagi,Purnia,1870.670
Kalaburagi,Raipur,858.047
Kalaburagi,Rajamahendravaram,616.391
Kalaburagi,Rajapalayam,1125.345
Kalaburagi,Rajkot,1154.099
Kalaburagi,Ranchi,1399.954
Kalaburagi,Ratlam,894.098
Kalaburagi,Rewa,1096.022
Kalaburagi,Rohtak,1601.710
Kalaburagi,Rourkela,1293.560
Kalaburagi,Saharanpur,1704.466
Kalaburagi,Salem,807.252
Kalaburagi,Sambalpur,1137.933
Kalaburagi,Satna,1067.258
Kalaburagi,Saugor,1007.024
Kalaburagi,Shillong,2325.711
Kalaburagi,Shimla,1911.843
Kalaburagi,Shivamogga,519.260
Kalaburagi,Sholapur,139.720
Kalaburagi,Silchar,2303.689
Kalaburagi,Siliguri,1975.405
Kalaburagi,Sitapur,1489.674
Kalaburagi,Sonipat,1587.720
Kalaburagi,Srinagar,2314.487
Kalaburagi,Surat,755.831
Kalaburagi,Thanjavur,927.260
Kalaburagi,Thiruvananthapuram,1212.958
Kalaburagi,Thrissur,931.880
Kalaburagi,Tiruchirappalli,941.560
Kalaburagi,Tirunelveli,1176.892
Kalaburagi,Tirupati,597.957
Kalaburagi,Tiruppur,903.050
Kalaburagi,Tumkur,544.731
Kalaburagi,Udaipur,1176.620
Kalaburagi,Udupi,646.376
Kalaburagi,Ujjain,873.193
Kalaburagi,Vadodara,879.312
Kalaburagi,Varanasi,1330.535
Kalaburagi,Vellore,656.452
Kalaburagi,Vijayawada,514.629
Kalaburagi,Visakhapatnam,800.384
Kalaburagi,Warangal,370.725
Kanpur,Karnal,564.670
Kanpur,Karur,2078.018
Kanpur,Kochi,2286.824
Kanpur,Kolhapur,1573.263
Kanpur,Kolkata,1014.943
Kanpur,Kollam,2427.103
Kanpur,Korba,802.032
Kanpur,Kota,552.280
Kanpur,Kozhikode,2162.003
Kanpur,Kurnool,1448.901
Kanpur,Latur,1233.090
Kanpur,Lucknow,77.598
Kanpur,Ludhiana,753.669
Kanpur,Madurai,2220.555
Kanpur,Mangaluru,2023.980
Kanpur,Mathura,339.814
Kanpur,Meerut,453.708
Kanpur,Moradabad,362.057
Kanpur,Mumbai,1356.268
Kanpur,Muzaffarnagar,510.452
Kanpur,Muzaffarpur,596.886
Kanpur,Mysuru,1954.780
Kanpur,Nagercoil,2436.425
Kanpur,Nagpur,717.763
Kanpur,Nanded,1132.937
Kanpur,Nashik,1189.441
Kanpur,Nellore,1629.737
Kanpur,Pathankot,924.469
Kanpur,Patiala,697.292
Kanpur,Patna,572.720
Kanpur,Prayagraj,201.432
Kanpur,Puducherry,1972.114
Kanpur,Pune,1355.808
Kanpur,Purnia,868.019
Kanpur,Raipur,812.219
Kanpur,Rajamahendravaram,1436.084
Kanpur,Rajapalayam,2303.516
Kanpur,Rajkot,1270.836
Kanpur,Ranchi,757.768
Kanpur,Ratlam,762.999
Kanpur,Rewa,330.779
Kanpur,Rohtak,533.519
Kanpur,Rourkela,926.329
Kanpur,Saharanpur,584.241
Kanpur,Salem,1985.423
Kanpur,Sambalpur,896.048
Kanpur,Satna,292.255
Kanpur,Saugor,360.151
Kanpur,Shillong,1461.430
Kanpur,Shimla,812.494
Kanpur,Shivamogga,1860.265
Kanpur,Sholapur,1371.716
Kanpur,Silchar,1598.071
Kanpur,Siliguri,953.435
Kanpur,Sitapur,171.746
Kanpur,Sonipat,492.272
Kanpur,Srinagar,1231.884
Kanpur,Surat,1154.158
Kanpur,Thanjavur,2115.615
Kanpur,Thiruvananthapuram,2505.155
Kanpur,Thrissur,2217.382
Kanpur,Tiruchirappalli,2110.242
Kanpur,Tirunelveli,2355.062
Kanpur,Tirupati,1767.329
Kanpur,Tiruppur,2081.220
Kanpur,Tumkur,1777.977
Kanpur,Udaipur,826.475
Kanpur,Udupi,1971.050
Kanpur,Ujjain,726.985
Kanpur,Vadodara,1018.237
Kanpur,Varanasi,348.081
Kanpur,Vellore,1844.806
Kanpur,Vijayawada,1410.386
Kanpur,Visakhapatnam,1391.486
Kanpur,Warangal,1163.567
Karnal,Karur,2455.376
Karnal,Kochi,2558.119
Karnal,Kolhapur,1678.165
Karnal,Kolkata,1523.387
Karnal,Kollam,2698.398
Karnal,Korba,1306.029
Karnal,Kota,604.089
Karnal,Kozhikode,2433.297
Karnal,Kurnool,1866.709
Karnal,Latur,1547.485
Karnal,Lucknow,555.853
Karnal,Ludhiana,189.736
Karnal,Madurai,2597.913
Karnal,Mangaluru,2192.014
Karnal,Mathura,281.512
Karnal,Meerut,111.325
Karnal,Moradabad,228.225
Karnal,Mumbai,1468.649
Karnal,Muzaffarnagar,86.922
Karnal,Muzaffarpur,1071.639
Karnal,Mysuru,2226.075
Karnal,Nagercoil,2813.783
Karnal,Nagpur,1159.507
Karnal,Nanded,1402.656
Karnal,Nashik,1283.324
Karnal,Nellore,2068.389
Karnal,Pathankot,360.536
Karnal,Patiala,133.358
Karnal,Patna,1063.907
Karnal,Prayagraj,740.985
Karnal,Puducherry,2459.964
Karnal,Pune,1469.674
Karnal,Purnia,1317.973
Karnal,Raipur,1272.291
Karnal,Rajamahendravaram,1896.157
Karnal,Rajapalayam,2680.874
Karnal,Rajkot,1325.533
Karnal,Ranchi,1266.212
Karnal,Ratlam,817.696
Karnal,Rewa,870.824
Karnal,Rohtak,113.351
Karnal,Rourkela,1434.772
Karnal,Saharanpur,83.949
Karnal,Salem,2362.780
Karnal,Sambalpur,1404.491
Karnal,Satna,857.047
Karnal,Saugor,773.250
Karnal,Shillong,1936.183
Karnal,Shimla,232.146
Karnal,Shivamogga,2040.244
Karnal,Sholapur,1582.934
Karnal,Silchar,2106.515
Karnal,Siliguri,1428.188
Karnal,Sitapur,489.330
Karnal,Sonipat,85.092
Karnal,Srinagar,667.951
Karnal,Surat,1208.855
Karnal,Thanjavur,2544.101
Karnal,Thiruvananthapuram,2769.754
Karnal,Thrissur,2488.676
Karnal,Tiruchirappalli,2497.089
Karnal,Tirunelveli,2732.420
Karnal,Tirupati,2204.120
Karnal,Tiruppur,2458.578
Karnal,Tumkur,2100.259
Karnal,Udaipur,768.521
Karnal,Udupi,2139.084
Karnal,Ujjain,812.913
Karnal,Vadodara,1072.934
Karnal,Varanasi,856.524
Karnal,Vellore,2317.268
Karnal,Vijayawada,1849.037
Karnal,Visakhapatnam,1851.558
Karnal,Warangal,1602.219
Karur,Kochi,301.172
Karur,Kolhapur,895.639
Karur,Kolkata,2004.392
Karur,Kollam,388.266
Karur,Korba,1719.140
Karur,Kota,1886.050
Karur,Kozhikode,302.424
Karur,Kurnool,631.596
Karur,Latur,1026.068
Karur,Lucknow,2159.977
Karur,Ludhiana,2607.204
Karur,Madurai,145.238
Karur,Mangaluru,553.358
Karur,Mathura,2242.982
Karur,Meerut,2377.707
Karur,Moradabad,2484.485
Karur,Mumbai,1270.042
Karur,Muzaffarnagar,2434.485
Karur,Muzaffarpur,2299.505
Karur,Mysuru,299.922
Karur,Nagercoil,361.108
Karur,Nagpur,1356.173
Karur,Nanded,1091.387
Karur,Nashik,1256.006
Karur,Nellore,515.048
Karur,Pathankot,2777.221
Karur,Patiala,2550.394
Karur,Patna,2228.794
Karur,Prayagraj,1995.685
Karur,Puducherry,259.778
Karur,Pune,1123.332
Karur,Purnia,2365.983
Karur,Raipur,1517.400
Karur,Rajamahendravaram,949.264
Karur,Rajapalayam,228.198
Karur,Rajkot,1883.851
Karur,Ranchi,1959.561
Karur,Ratlam,1664.248
Karur,Rewa,1860.473
Karur,Rohtak,2371.860
Karur,Rourkela,1838.992
Karur,Saharanpur,2474.616
Karur,Salem,92.957
Karur,Sambalpur,1630.069
Karur,Satna,1831.708
Karur,Saugor,1745.163
Karur,Shillong,2658.584
Karur,Shimla,2681.993
Karur,Shivamogga,591.130
Karur,Sholapur,903.014
Karur,Silchar,2636.562
Karur,Siliguri,2497.462
Karur,Sitapur,2254.125
Karur,Sonipat,2357.870
Karur,Srinagar,3084.636
Karur,Surat,1485.583
Karur,Thanjavur,139.961
Karur,Thiruvananthapuram,429.838
Karur,Thrissur,225.587
Karur,Tiruchirappalli,87.420
Karur,Tirunelveli,279.745
Karur,Tirupati,382.580
Karur,Tiruppur,92.649
Karur,Tumkur,356.100
Karur,Udaipur,1906.372
Karur,Udupi,603.291
Karur,Ujjain,1643.343
Karur,Vadodara,1609.065
Karur,Varanasi,2094.986
Karur,Vellore,314.143
Karur,Vijayawada,792.540
Karur,Visakhapatnam,1133.256
Karur,Warangal,965.891
Kochi,Kolhapur,999.801
Kochi,Kolkata,2264.668
Kochi,Kollam,135.306
Kochi,Korba,1979.416
Kochi,Kota,1990.213
Kochi,Kozhikode,171.982
Kochi,Kurnool,869.974
Kochi,Latur,1130.230
Kochi,Lucknow,2369.718
Kochi,Ludhiana,2711.367
Kochi,Madurai,277.051
Kochi,Mangaluru,418.948
Kochi,Mathura,2347.144
Kochi,Meerut,2481.869
Kochi,Moradabad,2588.647
Kochi,Mumbai,1374.204
Kochi,Muzaffarnagar,2538.648
Kochi,Muzaffarpur,2559.780
Kochi,Mysuru,336.813
Kochi,Nagercoil,287.509
Kochi,Nagpur,1565.915
Kochi,Nanded,1252.152
Kochi,Nashik,1360.168
Kochi,Nellore,775.323
Kochi,Pathankot,2881.383
Kochi,Patiala,2654.556
Kochi,Patna,2489.069
Kochi,Prayagraj,2205.426
Kochi,Puducherry,566.497
Kochi,Pune,1227.494
Kochi,Purnia,2626.258
Kochi,Raipur,1777.675
Kochi,Rajamahendravaram,1209.539
Kochi,Rajapalayam,278.733
Kochi,Rajkot,1988.014
Kochi,Ranchi,2219.836
Kochi,Ratlam,1768.410
Kochi,Rewa,2070.214
Kochi,Rohtak,2476.022
Kochi,Rourkela,2099.267
Kochi,Saharanpur,2578.778
Kochi,Salem,350.449
Kochi,Sambalpur,1890.344
Kochi,Satna,2041.450
Kochi,Saugor,1990.820
Kochi,Shillong,2918.858
Kochi,Shimla,2786.155
Kochi,Shivamogga,614.126
Kochi,Sholapur,1007.177
Kochi,Silchar,2896.837
Kochi,Siliguri,2757.737
Kochi,Sitapur,2463.866
Kochi,Sonipat,2462.032
Kochi,Srinagar,3188.798
Kochi,Surat,1589.745
Kochi,Thanjavur,462.507
Kochi,Thiruvananthapuram,213.021
Kochi,Thrissur,85.012
Kochi,Tiruchirappalli,384.873
Kochi,Tirunelveli,266.435
Kochi,Tirupati,642.855
Kochi,Tiruppur,242.124
Kochi,Tumkur,489.112
Kochi,Udaipur,2010.534
Kochi,Udupi,468.881
Kochi,Ujjain,1747.505
Kochi,Vadodara,1713.227
Kochi,Varanasi,2304.727
Kochi,Vellore,574.418
Kochi,Vijayawada,1052.815
Kochi,Visakhapatnam,1393.532
Kochi,Warangal,1199.595
Kolhapur,Kolkata,1964.011
Kolhapur,Kollam,1139.107
Kolhapur,Korba,1329.062
Kolhapur,Kota,1111.128
Kolhapur,Kozhikode,773.548
Kolhapur,Kurnool,509.935
Kolhapur,Latur,366.896
Kolhapur,Lucknow,1627.948
Kolhapur,Ludhiana,1832.283
Kolhapur,Madurai,1038.623
Kolhapur,Mangaluru,542.644
Kolhapur,Mathura,1468.061
Kolhapur,Meerut,1602.785
Kolhapur,Moradabad,1709.563
Kolhapur,Mumbai,373.794
Kolhapur,Muzaffarnagar,1659.564
Kolhapur,Muzaffarpur,1874.048
Kolhapur,Mysuru,666.785
Kolhapur,Nagercoil,1254.493
Kolhapur,Nagpur,850.833
Kolhapur,Nanded,501.258
Kolhapur,Nashik,481.084
Kolhapur,Nellore,802.224
Kolhapur,Pathankot,2002.299
Kolhapur,Patiala,1775.472
Kolhapur,Patna,1813.779
Kolhapur,Prayagraj,1489.257
Kolhapur,Puducherry,947.464
Kolhapur,Pune,231.351
Kolhapur,Purnia,2109.078
Kolhapur,Raipur,1132.249
Kolhapur,Rajamahendravaram,936.803
Kolhapur,Rajapalayam,1121.584
Kolhapur,Rajkot,1033.144
Kolhapur,Ranchi,1674.156
Kolhapur,Ratlam,889.326
Kolhapur,Rewa,1354.046
Kolhapur,Rohtak,1596.938
Kolhapur,Rourkela,1567.763
Kolhapur,Saharanpur,1699.694
Kolhapur,Salem,803.491
Kolhapur,Sambalpur,1403.218
Kolhapur,Satna,1325.281
Kolhapur,Saugor,1184.777
Kolhapur,Shillong,2618.202
Kolhapur,Shimla,1907.071
Kolhapur,Shivamogga,397.720
Kolhapur,Sholapur,238.722
Kolhapur,Silchar,2596.180
Kolhapur,Siliguri,2233.429
Kolhapur,Sitapur,1722.096
Kolhapur,Sonipat,1582.948
Kolhapur,Srinagar,2309.715
Kolhapur,Surat,634.876
Kolhapur,Thanjavur,984.811
Kolhapur,Thiruvananthapuram,1210.464
Kolhapur,Thrissur,929.386
Kolhapur,Tiruchirappalli,937.799
Kolhapur,Tirunelveli,1173.130
Kolhapur,Tirupati,792.540
Kolhapur,Tiruppur,899.288
Kolhapur,Tumkur,540.969
Kolhapur,Udaipur,1055.664
Kolhapur,Udupi,489.714
Kolhapur,Ujjain,868.421
Kolhapur,Vadodara,758.357
Kolhapur,Varanasi,1588.559
Kolhapur,Vellore,805.452
Kolhapur,Vijayawada,835.041
Kolhapur,Visakhapatnam,1120.796
Kolhapur,Warangal,691.137
Kolkata,Kollam,2406.585
Kolkata,Korba,763.567
Kolkata,Kota,1553.603
Kolkata,Kozhikode,2177.416
Kolkata,Kurnool,1548.699
Kolkata,Latur,1623.493
Kolkata,Lucknow,992.417
Kolkata,Ludhiana,1736.336
Kolkata,Madurai,2127.748
Kolkata,Mangaluru,2147.031
Kolkata,Mathura,1347.283
Kolkata,Meerut,1436.375
Kolkata,Moradabad,1344.724
Kolkata,Mumbai,1888.109
Kolkata,Muzaffarnagar,1493.118
Kolkata,Muzaffarpur,612.731
Kolkata,Mysuru,1970.194
Kolkata,Nagercoil,2379.045
Kolkata,Nagpur,1116.017
Kolkata,Nanded,1504.620
Kolkata,Nashik,1735.933
Kolkata,Nellore,1501.601
Kolkata,Pathankot,1907.136
Kolkata,Patiala,1679.958
Kolkata,Patna,605.325
Kolkata,Prayagraj,816.492
Kolkata,Puducherry,1843.978
Kolkata,Pune,1790.033
Kolkata,Purnia,451.591
Kolkata,Raipur,830.377
Kolkata,Rajamahendravaram,1059.233
Kolkata,Rajapalayam,2246.135
Kolkata,Rajkot,2166.189
Kolkata,Ranchi,400.019
Kolkata,Ratlam,1700.517
Kolkata,Rewa,909.944
Kolkata,Rohtak,1548.428
Kolkata,Rourkela,457.472
Kolkata,Saharanpur,1566.908
Kolkata,Salem,1929.543
Kolkata,Sambalpur,557.399
Kolkata,Satna,968.454
Kolkata,Saugor,1269.239
Kolkata,Shillong,661.198
Kolkata,Shimla,1795.161
Kolkata,Shivamogga,1955.540
Kolkata,Sholapur,1749.838
Kolkata,Silchar,639.177
Kolkata,Siliguri,583.070
Kolkata,Sitapur,1079.533
Kolkata,Sonipat,1507.182
Kolkata,Srinagar,2214.551
Kolkata,Surat,1886.202
Kolkata,Thanjavur,2004.708
Kolkata,Thiruvananthapuram,2447.775
Kolkata,Thrissur,2205.122
Kolkata,Tiruchirappalli,1999.335
Kolkata,Tirunelveli,2297.682
Kolkata,Tirupati,1639.192
Kolkata,Tiruppur,2048.775
Kolkata,Tumkur,1837.040
Kolkata,Udaipur,1827.799
Kolkata,Udupi,2101.164
Kolkata,Ujjain,1602.041
Kolkata,Vadodara,1868.661
Kolkata,Varanasi,695.079
Kolkata,Vellore,1741.524
Kolkata,Vijayawada,1211.880
Kolkata,Visakhapatnam,881.476
Kolkata,Warangal,1363.450
Kollam,Korba,2105.033
Kollam,Kota,2130.423
Kollam,Kozhikode,305.752
Kollam,Kurnool,1010.185
Kollam,Latur,1270.441
Kollam,Lucknow,2509.929
Kollam,Ludhiana,2851.578
Kollam,Madurai,265.870
Kollam,Mangaluru,552.718
Kollam,Mathura,2487.356
Kollam,Meerut,2622.081
Kollam,Moradabad,2728.858
Kollam,Mumbai,1514.415
Kollam,Muzaffarnagar,2678.859
Kollam,Muzaffarpur,2685.398
Kollam,Mysuru,477.023
Kollam,Nagercoil,138.469
Kollam,Nagpur,1706.126
Kollam,Nanded,1392.363
Kollam,Nashik,1500.379
Kollam,Nellore,900.941
Kollam,Pathankot,3021.595
Kollam,Patiala,2794.767
Kollam,Patna,2614.686
Kollam,Prayagraj,2345.637
Kollam,Puducherry,595.890
Kollam,Pune,1367.705
Kollam,Purnia,2751.876
Kollam,Raipur,1903.293
Kollam,Rajamahendravaram,1335.156
Kollam,Rajapalayam,176.846
Kollam,Rajkot,2128.225
Kollam,Ranchi,2345.453
Kollam,Ratlam,1908.621
Kollam,Rewa,2210.425
Kollam,Rohtak,2616.233
Kollam,Rourkela,2224.885
Kollam,Saharanpur,2718.989
Kollam,Salem,476.067
Kollam,Sambalpur,2015.961
Kollam,Satna,2181.660
Kollam,Saugor,2131.031
Kollam,Shillong,3044.476
Kollam,Shimla,2926.366
Kollam,Shivamogga,754.337
Kollam,Sholapur,1147.388
Kollam,Silchar,3022.454
Kollam,Siliguri,2883.355
Kollam,Sitapur,2604.077
Kollam,Sonipat,2602.243
Kollam,Srinagar,3329.010
Kollam,Surat,1729.956
Kollam,Thanjavur,437.852
Kollam,Thiruvananthapuram,69.939
Kollam,Thrissur,210.629
Kollam,Tiruchirappalli,395.575
Kollam,Tirunelveli,164.547
Kollam,Tirupati,768.473
Kollam,Tiruppur,367.741
Kollam,Tumkur,629.323
Kollam,Udaipur,2150.745
Kollam,Udupi,602.651
Kollam,Ujjain,1887.716
Kollam,Vadodara,1853.438
Kollam,Varanasi,2444.938
Kollam,Vellore,660.989
Kollam,Vijayawada,1178.433
Kollam,Visakhapatnam,1519.149
Kollam,Warangal,1325.212
Korba,Kota,1051.678
Korba,Kozhikode,1865.412
Korba,Kurnool,1152.311
Korba,Latur,990.282
Korba,Lucknow,773.925
Korba,Ludhiana,1495.775
Korba,Madurai,1832.632
Korba,Mangaluru,1731.562
Korba,Mathura,1089.081
Korba,Meerut,1195.814
Korba,Moradabad,1104.163
Korba,Mumbai,1254.899
Korba,Muzaffarnagar,1252.557
Korba,Muzaffarpur,641.355
Korba,Mysuru,1658.190
Korba,Nagercoil,2083.930
Korba,Nagpur,482.807
Korba,Nanded,859.181
Korba,Nashik,1102.722
Korba,Nellore,1206.486
Korba,Pathankot,1666.575
Korba,Patiala,1484.935
Korba,Patna,570.637
Korba,Prayagraj,566.669
Korba,Puducherry,1548.863
Korba,Pune,1156.822
Korba,Purnia,853.860
Korba,Raipur,203.298
Korba,Rajamahendravaram,827.164
Korba,Rajapalayam,1951.020
Korba,Rajkot,1493.141
Korba,Ranchi,363.970
Korba,Ratlam,1027.469
Korba,Rewa,438.376
Korba,Rohtak,1306.402
Korba,Rourkela,311.866
Korba,Saharanpur,1326.347
Korba,Salem,1634.428
Korba,Sambalpur,240.387
Korba,Satna,510.534
Korba,Saugor,563.553
Korba,Shillong,1418.472
Korba,Shimla,1554.600
Korba,Shivamogga,1535.387
Korba,Sholapur,1128.909
Korba,Silchar,1396.450
Korba,Siliguri,1000.804
Korba,Sitapur,861.045
Korba,Sonipat,1266.621
Korba,Srinagar,1973.990
Korba,Surat,1252.991
Korba,Thanjavur,1709.593
Korba,Thiruvananthapuram,2152.660
Korba,Thrissur,1910.007
Korba,Tiruchirappalli,1704.220
Korba,Tirunelveli,2002.567
Korba,Tirupati,1344.077
Korba,Tiruppur,1753.660
Korba,Tumkur,1481.387
Korba,Udaipur,1284.307
Korba,Udupi,1681.011
Korba,Ujjain,928.993
Korba,Vadodara,1240.541
Korba,Varanasi,468.985
Korba,Vellore,1446.409
Korba,Vijayawada,936.015
Korba,Visakhapatnam,665.456
Korba,Warangal,786.972
Kota,Kozhikode,1864.805
Kota,Kurnool,1298.218
Kota,Latur,978.993
Kota,Lucknow,634.400
Kota,Ludhiana,752.147
Kota,Madurai,2029.422
Kota,Mangaluru,1623.523
Kota,Mathura,387.925
Kota,Meerut,522.650
Kota,Moradabad,629.427
Kota,Mumbai,900.158
Kota,Muzaffarnagar,579.428
Kota,Muzaffarpur,1153.687
Kota,Mysuru,1657.583
Kota,Nagercoil,2245.292
Kota,Nagpur,691.360
Kota,Nanded,834.165
Kota,Nashik,714.833
Kota,Nellore,1600.242
Kota,Pathankot,922.163
Kota,Patiala,695.336
Kota,Patna,1097.601
Kota,Prayagraj,735.165
Kota,Puducherry,1891.473
Kota,Pune,901.183
Kota,Purnia,1392.900
Kota,Raipur,976.804
Kota,Rajamahendravaram,1442.274
Kota,Rajapalayam,2112.383
Kota,Rajkot,757.042
Kota,Ranchi,1271.800
Kota,Ratlam,249.204
Kota,Rewa,651.324
Kota,Rohtak,516.802
Kota,Rourkela,1281.735
Kota,Saharanpur,619.558
Kota,Salem,1794.289
Kota,Sambalpur,1247.772
Kota,Satna,596.309
Kota,Saugor,448.441
Kota,Shillong,2018.232
Kota,Shimla,826.935
Kota,Shivamogga,1471.753
Kota,Sholapur,1014.443
Kota,Silchar,2112.104
Kota,Siliguri,1510.237
Kota,Sitapur,728.547
Kota,Sonipat,502.812
Kota,Srinagar,1229.579
Kota,Surat,640.364
Kota,Thanjavur,1975.610
Kota,Thiruvananthapuram,2201.262
Kota,Thrissur,1920.185
Kota,Tiruchirappalli,1928.598
Kota,Tirunelveli,2163.929
Kota,Tirupati,1635.629
Kota,Tiruppur,1890.087
Kota,Tumkur,1531.768
Kota,Udaipur,273.327
Kota,Udupi,1570.592
Kota,Ujjain,244.421
Kota,Vadodara,504.442
Kota,Varanasi,862.113
Kota,Vellore,1748.777
Kota,Vijayawada,1380.890
Kota,Visakhapatnam,1512.233
Kota,Warangal,1134.072
Kozhikode,Kurnool,745.038
Kozhikode,Latur,1005.293
Kozhikode,Lucknow,2244.782
Kozhikode,Ludhiana,2586.430
Kozhikode,Madurai,350.531
Kozhikode,Mangaluru,234.795
Kozhikode,Mathura,2222.208
Kozhikode,Meerut,2356.933
Kozhikode,Moradabad,2463.710
Kozhikode,Mumbai,1249.267
Kozhikode,Muzaffarnagar,2413.711
Kozhikode,Muzaffarpur,2474.459
Kozhikode,Mysuru,211.876
Kozhikode,Nagercoil,452.909
Kozhikode,Nagpur,1440.978
Kozhikode,Nanded,1127.216
Kozhikode,Nashik,1235.232
Kozhikode,Nellore,741.147
Kozhikode,Pathankot,2756.447
Kozhikode,Patiala,2529.619
Kozhikode,Patna,2403.742
Kozhikode,Prayagraj,2080.490
Kozhikode,Puducherry,555.405
Kozhikode,Pune,1102.558
Kozhikode,Purnia,2540.207
Kozhikode,Raipur,1674.342
Kozhikode,Rajamahendravaram,1123.487
Kozhikode,Rajapalayam,407.949
Kozhikode,Rajkot,1863.077
Kozhikode,Ranchi,2216.248
Kozhikode,Ratlam,1643.473
Kozhikode,Rewa,1945.278
Kozhikode,Rohtak,2351.086
Kozhikode,Rourkela,2013.216
Kozhikode,Saharanpur,2453.842
Kozhikode,Salem,339.357
Kozhikode,Sambalpur,1804.293
Kozhikode,Satna,1916.513
Kozhikode,Saugor,1865.884
Kozhikode,Shillong,2832.807
Kozhikode,Shimla,2661.218
Kozhikode,Shivamogga,422.946
Kozhikode,Sholapur,882.240
Kozhikode,Silchar,2810.785
Kozhikode,Siliguri,2671.686
Kozhikode,Sitapur,2338.930
Kozhikode,Sonipat,2337.095
Kozhikode,Srinagar,3063.862
Kozhikode,Surat,1464.809
Kozhikode,Thanjavur,457.774
Kozhikode,Thiruvananthapuram,378.421
Kozhikode,Thrissur,123.760
Kozhikode,Tiruchirappalli,405.234
Kozhikode,Tirunelveli,431.834
Kozhikode,Tirupati,608.679
Kozhikode,Tiruppur,231.032
Kozhikode,Tumkur,364.175
Kozhikode,Udaipur,1885.597
Kozhikode,Udupi,284.728
Kozhikode,Ujjain,1622.569
Kozhikode,Vadodara,1588.290
Kozhikode,Varanasi,2179.791
Kozhikode,Vellore,545.038
Kozhikode,Vijayawada,966.764
Kozhikode,Visakhapatnam,1307.480
Kozhikode,Warangal,1083.640
Kurnool,Latur,424.757
Kurnool,Lucknow,1530.602
Kurnool,Ludhiana,2010.996
Kurnool,Madurai,774.821
Kurnool,Mangaluru,611.063
Kurnool,Mathura,1616.034
Kurnool,Meerut,1781.498
Kurnool,Moradabad,1812.283
Kurnool,Mumbai,798.039
Kurnool,Muzaffarnagar,1838.276
Kurnool,Muzaffarpur,1760.280
Kurnool,Mysuru,537.691
Kurnool,Nagercoil,990.691
Kurnool,Nagpur,726.799
Kurnool,Nanded,462.013
Kurnool,Nashik,784.880
Kurnool,Nellore,321.119
Kurnool,Pathankot,2181.012
Kurnool,Patiala,1954.185
Kurnool,Patna,1689.563
Kurnool,Prayagraj,1366.310
Kurnool,Puducherry,550.586
Kurnool,Pune,651.330
Kurnool,Purnia,1911.647
Kurnool,Raipur,960.162
Kurnool,Rajamahendravaram,494.927
Kurnool,Rajapalayam,857.781
Kurnool,Rajkot,1412.726
Kurnool,Ranchi,1502.069
Kurnool,Ratlam,1134.206
Kurnool,Rewa,1231.099
Kurnool,Rohtak,1775.651
Kurnool,Rourkela,1384.655
Kurnool,Saharanpur,1878.407
Kurnool,Salem,539.688
Kurnool,Sambalpur,1175.732
Kurnool,Satna,1202.334
Kurnool,Saugor,1115.788
Kurnool,Shillong,2204.247
Kurnool,Shimla,2085.784
Kurnool,Shivamogga,414.888
Kurnool,Sholapur,398.346
Kurnool,Silchar,2182.224
Kurnool,Siliguri,2043.125
Kurnool,Sitapur,1624.750
Kurnool,Sonipat,1761.661
Kurnool,Srinagar,2488.427
Kurnool,Surat,1014.457
Kurnool,Thanjavur,668.329
Kurnool,Thiruvananthapuram,1059.421
Kurnool,Thrissur,800.292
Kurnool,Tiruchirappalli,662.956
Kurnool,Tirunelveli,909.328
Kurnool,Tirupati,339.026
Kurnool,Tiruppur,635.486
Kurnool,Tumkur,332.243
Kurnool,Udaipur,1435.246
Kurnool,Udupi,560.512
Kurnool,Ujjain,1047.134
Kurnool,Vadodara,1137.939
Kurnool,Varanasi,1465.611
Kurnool,Vellore,397.521
Kurnool,Vijayawada,338.204
Kurnool,Visakhapatnam,678.920
Kurnool,Warangal,369.461
Latur,Lucknow,1315.389
Latur,Ludhiana,1700.478
Latur,Madurai,1165.972
Latur,Mangaluru,772.019
Latur,Mathura,1336.256
Latur,Meerut,1470.981
Latur,Moradabad,1577.758
Latur,Mumbai,470.468
Latur,Muzaffarnagar,1527.759
Latur,Muzaffarpur,1535.887
Latur,Mysuru,794.134
Latur,Nagercoil,1381.842
Latur,Nagpur,512.672
Latur,Nanded,131.016
Latur,Nashik,399.647
Latur,Nellore,756.733
Latur,Pathankot,1870.495
Latur,Patiala,1643.667
Latur,Patna,1475.618
Latur,Prayagraj,1151.097
Latur,Puducherry,973.616
Latur,Pune,323.759
Latur,Purnia,1770.917
Latur,Raipur,794.089
Latur,Rajamahendravaram,684.275
Latur,Rajapalayam,1248.932
Latur,Rajkot,1027.493
Latur,Ranchi,1335.996
Latur,Ratlam,757.521
Latur,Rewa,1015.885
Latur,Rohtak,1465.134
Latur,Rourkela,1229.602
Latur,Saharanpur,1567.890
Latur,Salem,930.839
Latur,Sambalpur,1065.057
Latur,Satna,987.120
Latur,Saugor,892.021
Latur,Shillong,2280.041
Latur,Shimla,1775.267
Latur,Shivamogga,608.303
Latur,Sholapur,119.754
Latur,Silchar,2258.019
Latur,Siliguri,1895.268
Latur,Sitapur,1409.537
Latur,Sonipat,1451.144
Latur,Srinagar,2177.910
Latur,Surat,629.224
Latur,Thanjavur,1091.360
Latur,Thiruvananthapuram,1337.813
Latur,Thrissur,1056.735
Latur,Tiruchirappalli,1065.148
Latur,Tirunelveli,1300.479
Latur,Tirupati,762.057
Latur,Tiruppur,1026.637
Latur,Tumkur,668.318
Latur,Udaipur,1004.366
Latur,Udupi,719.088
Latur,Ujjain,736.617
Latur,Vadodara,752.706
Latur,Varanasi,1250.398
Latur,Vellore,820.551
Latur,Vijayawada,582.513
Latur,Visakhapatnam,868.268
Latur,Warangal,384.562
Lucknow,Ludhiana,745.729
Lucknow,Madurai,2302.364
Lucknow,Mangaluru,2105.789
Lucknow,Mathura,372.341
Lucknow,Meerut,445.768
Lucknow,Moradabad,345.321
Lucknow,Mumbai,1438.077
Lucknow,Muzaffarnagar,502.511
Lucknow,Muzaffarpur,516.977
Lucknow,Mysuru,2036.589
Lucknow,Nagercoil,2518.234
Lucknow,Nagpur,799.572
Lucknow,Nanded,1214.746
Lucknow,Nashik,1271.250
Lucknow,Nellore,1711.546
Lucknow,Pathankot,916.529
Lucknow,Patiala,689.351
Lucknow,Patna,504.188
Lucknow,Prayagraj,207.507
Lucknow,Puducherry,2053.923
Lucknow,Pune,1437.618
Lucknow,Purnia,763.312
Lucknow,Raipur,796.479
Lucknow,Rajamahendravaram,1420.345
Lucknow,Rajapalayam,2385.325
Lucknow,Rajkot,1352.671
Lucknow,Ranchi,707.589
Lucknow,Ratlam,844.833
Lucknow,Rewa,337.345
Lucknow,Rohtak,557.822
Lucknow,Rourkela,876.150
Lucknow,Saharanpur,576.301
Lucknow,Salem,2067.232
Lucknow,Sambalpur,981.242
Lucknow,Satna,305.666
Lucknow,Saugor,441.960
Lucknow,Shillong,1381.522
Lucknow,Shimla,804.554
Lucknow,Shivamogga,1942.074
Lucknow,Sholapur,1453.525
Lucknow,Silchar,1547.892
Lucknow,Siliguri,873.527
Lucknow,Sitapur,90.573
Lucknow,Sonipat,516.576
Lucknow,Srinagar,1223.944
Lucknow,Surat,1235.993
Lucknow,Thanjavur,2197.424
Lucknow,Thiruvananthapuram,2586.965
Lucknow,Thrissur,2299.191
Lucknow,Tiruchirappalli,2192.051
Lucknow,Tirunelveli,2436.872
Lucknow,Tirupati,1849.138
Lucknow,Tiruppur,2163.030
Lucknow,Tumkur,1859.786
Lucknow,Udaipur,908.310
Lucknow,Udupi,2052.859
Lucknow,Ujjain,808.819
Lucknow,Vadodara,1100.071
Lucknow,Varanasi,294.339
Lucknow,Vellore,1926.615
Lucknow,Vijayawada,1492.195
Lucknow,Visakhapatnam,1375.746
Lucknow,Warangal,1245.376
Ludhiana,Madurai,2746.628
Ludhiana,Mangaluru,2340.729
Ludhiana,Mathura,455.547
Ludhiana,Meerut,300.349
Ludhiana,Moradabad,417.249
Ludhiana,Mumbai,1617.364
Ludhiana,Muzaffarnagar,271.640
Ludhiana,Muzaffarpur,1260.662
Ludhiana,Mysuru,2374.789
Ludhiana,Nagercoil,2962.497
Ludhiana,Nagpur,1411.156
Ludhiana,Nanded,1551.371
Ludhiana,Nashik,1432.039
Ludhiana,Nellore,2320.037
Ludhiana,Pathankot,171.311
Ludhiana,Patiala,112.564
Ludhiana,Patna,1252.930
Ludhiana,Prayagraj,930.009
Ludhiana,Puducherry,2608.679
Ludhiana,Pune,1618.389
Ludhiana,Purnia,1506.997
Ludhiana,Raipur,1446.325
Ludhiana,Rajamahendravaram,2070.191
Ludhiana,Rajapalayam,2829.588
Ludhiana,Rajkot,1204.980
Ludhiana,Ranchi,1455.235
Ludhiana,Ratlam,966.410
Ludhiana,Rewa,1059.847
Ludhiana,Rohtak,254.069
Ludhiana,Rourkela,1623.796
Ludhiana,Saharanpur,205.736
Ludhiana,Salem,2511.495
Ludhiana,Sambalpur,1593.515
Ludhiana,Satna,1044.583
Ludhiana,Saugor,947.284
Ludhiana,Shillong,2125.206
Ludhiana,Shimla,210.708
Ludhiana,Shivamogga,2188.959
Ludhiana,Sholapur,1731.649
Ludhiana,Silchar,2295.539
Ludhiana,Siliguri,1617.212
Ludhiana,Sitapur,678.354
Ludhiana,Sonipat,262.436
Ludhiana,Srinagar,478.726
Ludhiana,Surat,1357.570
Ludhiana,Thanjavur,2692.816
Ludhiana,Thiruvananthapuram,2918.468
Ludhiana,Thrissur,2637.391
Ludhiana,Tiruchirappalli,2645.803
Ludhiana,Tirunelveli,2881.135
Ludhiana,Tirupati,2352.835
Ludhiana,Tiruppur,2607.293
Ludhiana,Tumkur,2248.974
Ludhiana,Udaipur,917.379
Ludhiana,Udupi,2287.798
Ludhiana,Ujjain,961.627
Ludhiana,Vadodara,1221.648
Ludhiana,Varanasi,1045.548
Ludhiana,Vellore,2465.983
Ludhiana,Vijayawada,2100.686
Ludhiana,Visakhapatnam,2025.592
Ludhiana,Warangal,1853.868
Madurai,Mangaluru,617.027
Madurai,Mathura,2385.774
Madurai,Meerut,2520.499
Madurai,Moradabad,2627.276
Madurai,Mumbai,1412.833
Madurai,Muzaffarnagar,2577.277
Madurai,Muzaffarpur,2418.781
Madurai,Mysuru,363.570
Madurai,Nagercoil,236.289
Madurai,Nagpur,1498.965
Madurai,Nanded,1234.179
Madurai,Nashik,1398.798
Madurai,Nellore,634.324
Madurai,Pathankot,2920.013
Madurai,Patiala,2693.185
Madurai,Patna,2348.070
Madurai,Prayagraj,2138.477
Madurai,Puducherry,328.182
Madurai,Pune,1266.124
Madurai,Purnia,2485.260
Madurai,Raipur,1636.676
Madurai,Rajamahendravaram,1068.540
Madurai,Rajapalayam,103.379
Madurai,Rajkot,2026.643
Madurai,Ranchi,2078.837
Madurai,Ratlam,1807.039
Madurai,Rewa,2003.265
Madurai,Rohtak,2514.652
Madurai,Rourkela,1958.268
Madurai,Saharanpur,2617.408
Madurai,Salem,235.749
Madurai,Sambalpur,1749.345
Madurai,Satna,1974.500
Madurai,Saugor,1887.955
Madurai,Shillong,2777.860
Madurai,Shimla,2824.785
Madurai,Shivamogga,733.922
Madurai,Sholapur,1045.806
Madurai,Silchar,2755.838
Madurai,Siliguri,2616.738
Madurai,Sitapur,2396.916
Madurai,Sonipat,2500.662
Madurai,Srinagar,3227.428
Madurai,Surat,1628.375
Madurai,Thanjavur,170.473
Madurai,Thiruvananthapuram,305.019
Madurai,Thrissur,275.375
Madurai,Tiruchirappalli,127.867
Madurai,Tirunelveli,154.926
Madurai,Tirupati,501.856
Madurai,Tiruppur,177.234
Madurai,Tumkur,498.892
Madurai,Udaipur,2049.164
Madurai,Udupi,666.960
Madurai,Ujjain,1786.135
Madurai,Vadodara,1751.857
Madurai,Varanasi,2237.778
Madurai,Vellore,393.281
Madurai,Vijayawada,911.817
Madurai,Visakhapatnam,1252.533
Madurai,Warangal,1085.165
Mangaluru,Mathura,1981.581
Mangaluru,Meerut,2116.306
Mangaluru,Moradabad,2223.084
Mangaluru,Mumbai,898.698
Mangaluru,Muzaffarnagar,2173.084
Mangaluru,Muzaffarpur,2339.584
Mangaluru,Mysuru,254.621
Mangaluru,Nagercoil,699.192
Mangaluru,Nagpur,1318.899
Mangaluru,Nanded,922.093
Mangaluru,Nashik,994.605
Mangaluru,Nellore,757.374
Mangaluru,Pathankot,2515.820
Mangaluru,Patiala,2288.992
Mangaluru,Patna,2268.867
Mangaluru,Prayagraj,1957.323
Mangaluru,Puducherry,703.023
Mangaluru,Pune,799.648
Mangaluru,Purnia,2552.089
Mangaluru,Raipur,1539.466
Mangaluru,Rajamahendravaram,1095.439
Mangaluru,Rajapalayam,673.731
Mangaluru,Rajkot,1558.049
Mangaluru,Ranchi,2081.373
Mangaluru,Ratlam,1402.847
Mangaluru,Rewa,1822.111
Mangaluru,Rohtak,2110.459
Mangaluru,Rourkela,1985.167
Mangaluru,Saharanpur,2213.215
Mangaluru,Salem,485.192
Mangaluru,Sambalpur,1776.244
Mangaluru,Satna,1793.347
Mangaluru,Saugor,1652.843
Mangaluru,Shillong,2804.758
Mangaluru,Shimla,2420.592
Mangaluru,Shivamogga,192.522
Mangaluru,Sholapur,669.199
Mangaluru,Silchar,2782.737
Mangaluru,Siliguri,2643.637
Mangaluru,Sitapur,2190.162
Mangaluru,Sonipat,2096.469
Mangaluru,Srinagar,2823.235
Mangaluru,Surat,1159.780
Mangaluru,Thanjavur,666.512
Mangaluru,Thiruvananthapuram,624.704
Mangaluru,Thrissur,353.030
Mangaluru,Tiruchirappalli,619.500
Mangaluru,Tirunelveli,750.820
Mangaluru,Tirupati,585.289
Mangaluru,Tiruppur,441.562
Mangaluru,Tumkur,294.022
Mangaluru,Udaipur,1580.569
Mangaluru,Udupi,54.292
Mangaluru,Ujjain,1381.942
Mangaluru,Vadodara,1283.262
Mangaluru,Varanasi,2056.624
Mangaluru,Vellore,561.011
Mangaluru,Vijayawada,938.716
Mangaluru,Visakhapatnam,1279.432
Mangaluru,Warangal,948.764
Mathura,Meerut,208.213
Mathura,Moradabad,234.771
Mathura,Mumbai,1251.071
Mathura,Muzaffarnagar,264.992
Mathura,Muzaffarpur,884.771
Mathura,Mysuru,2008.496
Mathura,Nagercoil,2596.204
Mathura,Nagpur,879.128
Mathura,Nanded,1185.078
Mathura,Nashik,1065.746
Mathura,Nellore,1788.009
Mathura,Pathankot,626.035
Mathura,Patiala,399.208
Mathura,Patna,877.039
Mathura,Prayagraj,535.192
Mathura,Puducherry,2130.386
Mathura,Pune,1252.095
Mathura,Purnia,1131.105
Mathura,Raipur,991.912
Mathura,Rajamahendravaram,1615.777
Mathura,Rajapalayam,2463.295
Mathura,Rajkot,1107.955
Mathura,Ranchi,1084.370
Mathura,Ratlam,600.117
Mathura,Rewa,642.250
Mathura,Rohtak,220.674
Mathura,Rourkela,1252.930
Mathura,Saharanpur,307.991
Mathura,Salem,2145.202
Mathura,Sambalpur,1203.748
Mathura,Satna,590.169
Mathura,Saugor,492.870
Mathura,Shillong,1749.315
Mathura,Shimla,513.653
Mathura,Shivamogga,1822.666
Mathura,Sholapur,1365.355
Mathura,Silchar,1924.673
Mathura,Siliguri,1241.321
Mathura,Sitapur,364.301
Mathura,Sonipat,205.370
Mathura,Srinagar,933.451
Mathura,Surat,991.277
Mathura,Thanjavur,2326.523
Mathura,Thiruvananthapuram,2552.175
Mathura,Thrissur,2271.098
Mathura,Tiruchirappalli,2279.510
Mathura,Tirunelveli,2514.841
Mathura,Tirupati,1925.601
Mathura,Tiruppur,2241.000
Mathura,Tumkur,1882.681
Mathura,Udaipur,599.175
Mathura,Udupi,1921.505
Mathura,Ujjain,595.334
Mathura,Vadodara,855.355
Mathura,Varanasi,674.682
Mathura,Vellore,2003.078
Mathura,Vijayawada,1568.658
Mathura,Visakhapatnam,1571.178
Mathura,Warangal,1321.839
Meerut,Moradabad,117.140
Meerut,Mumbai,1394.639
Meerut,Muzaffarnagar,57.042
Meerut,Muzaffarpur,960.629
Meerut,Mysuru,2152.064
Meerut,Nagercoil,2739.772
Meerut,Nagpur,1047.566
Meerut,Nanded,1328.646
Meerut,Nashik,1209.313
Meerut,Nellore,1956.447
Meerut,Pathankot,471.059
Meerut,Patiala,243.882
Meerut,Patna,952.897
Meerut,Prayagraj,629.975
Meerut,Puducherry,2385.954
Meerut,Pune,1395.663
Meerut,Purnia,1206.964
Meerut,Raipur,1254.975
Meerut,Rajamahendravaram,1878.840
Meerut,Rajapalayam,2606.863
Meerut,Rajkot,1251.523
Meerut,Ranchi,1155.202
Meerut,Ratlam,743.685
Meerut,Rewa,759.814
Meerut,Rohtak,120.673
Meerut,Rourkela,1323.763
Meerut,Saharanpur,130.832
Meerut,Salem,2288.770
Meerut,Sambalpur,1293.482
Meerut,Satna,721.317
Meerut,Saugor,661.308
Meerut,Shillong,1825.173
Meerut,Shimla,359.085
Meerut,Shivamogga,1966.234
Meerut,Sholapur,1508.923
Meerut,Silchar,1995.505
Meerut,Siliguri,1317.179
Meerut,Sitapur,378.320
Meerut,Sonipat,75.406
Meerut,Srinagar,778.474
Meerut,Surat,1134.844
Meerut,Thanjavur,2470.090
Meerut,Thiruvananthapuram,2695.743
Meerut,Thrissur,2414.666
Meerut,Tiruchirappalli,2423.078
Meerut,Tirunelveli,2658.409
Meerut,Tirupati,2130.110
Meerut,Tiruppur,2384.568
Meerut,Tumkur,2026.248
Meerut,Udaipur,742.743
Meerut,Udupi,2065.073
Meerut,Ujjain,738.902
Meerut,Vadodara,998.923
Meerut,Varanasi,745.515
Meerut,Vellore,2243.257
Meerut,Vijayawada,1737.095
Meerut,Visakhapatnam,1834.242
Meerut,Warangal,1490.277
Moradabad,Mumbai,1483.825
Moradabad,Muzaffarnagar,145.395
Moradabad,Muzaffarpur,860.464
Moradabad,Mysuru,2241.250
Moradabad,Nagercoil,2828.958
Moradabad,Nagpur,1068.644
Moradabad,Nanded,1483.819
Moradabad,Nashik,1298.499
Moradabad,Nellore,1980.619
Moradabad,Pathankot,588.151
Moradabad,Patiala,360.974
Moradabad,Patna,849.237
Moradabad,Prayagraj,538.101
Moradabad,Puducherry,2322.995
Moradabad,Pune,1484.849
Moradabad,Purnia,1106.798
Moradabad,Raipur,1163.100
Moradabad,Rajamahendravaram,1786.966
Moradabad,Rajapalayam,2696.049
Moradabad,Rajkot,1340.709
Moradabad,Ranchi,1063.328
Moradabad,Ratlam,832.871
Moradabad,Rewa,667.940
Moradabad,Rohtak,239.167
Moradabad,Rourkela,1231.888
Moradabad,Saharanpur,247.923
Moradabad,Salem,2377.956
Moradabad,Sambalpur,1201.607
Moradabad,Satna,629.443
Moradabad,Saugor,711.033
Moradabad,Shillong,1725.008
Moradabad,Shimla,476.176
Moradabad,Shivamogga,2055.420
Moradabad,Sholapur,1598.109
Moradabad,Silchar,1903.631
Moradabad,Siliguri,1217.013
Moradabad,Sitapur,268.611
Moradabad,Sonipat,197.921
Moradabad,Srinagar,895.566
Moradabad,Surat,1224.031
Moradabad,Thanjavur,2466.496
Moradabad,Thiruvananthapuram,2784.929
Moradabad,Thrissur,2503.852
Moradabad,Tiruchirappalli,2461.124
Moradabad,Tirunelveli,2747.595
Moradabad,Tirupati,2118.210
Moradabad,Tiruppur,2473.753
Moradabad,Tumkur,2115.434
Moradabad,Udaipur,831.929
Moradabad,Udupi,2154.259
Moradabad,Ujjain,828.088
Moradabad,Vadodara,1088.109
Moradabad,Varanasi,653.640
Moradabad,Vellore,2195.688
Moradabad,Vijayawada,1761.267
Moradabad,Visakhapatnam,1742.367
Moradabad,Warangal,1514.449
Mumbai,Muzaffarnagar,1446.337
Mumbai,Muzaffarpur,1803.079
Mumbai,Mysuru,1039.743
Mumbai,Nagercoil,1627.452
Mumbai,Nagpur,779.864
Mumbai,Nanded,570.156
Mumbai,Nashik,167.327
Mumbai,Nellore,1116.932
Mumbai,Pathankot,1789.072
Mumbai,Patiala,1562.245
Mumbai,Patna,1742.810
Mumbai,Prayagraj,1418.289
Mumbai,Puducherry,1273.633
Mumbai,Pune,145.639
Mumbai,Purnia,2038.109
Mumbai,Raipur,1061.281
Mumbai,Rajamahendravaram,1090.005
Mumbai,Rajapalayam,1494.542
Mumbai,Rajkot,677.007
Mumbai,Ranchi,1603.187
Mumbai,Ratlam,679.969
Mumbai,Rewa,1283.077
Mumbai,Rohtak,1383.711
Mumbai,Rourkela,1496.793
Mumbai,Saharanpur,1486.467
Mumbai,Salem,1176.449
Mumbai,Sambalpur,1332.249
Mumbai,Satna,1254.312
Mumbai,Saugor,994.455
Mumbai,Shillong,2547.233
Mumbai,Shimla,1693.844
Mumbai,Shivamogga,798.632
Mumbai,Sholapur,395.774
Mumbai,Silchar,2525.211
Mumbai,Siliguri,2162.460
Mumbai,Sitapur,1531.774
Mumbai,Sonipat,1369.721
Mumbai,Srinagar,2096.488
Mumbai,Surat,278.739
Mumbai,Thanjavur,1357.770
Mumbai,Thiruvananthapuram,1583.422
Mumbai,Thrissur,1302.345
Mumbai,Tiruchirappalli,1310.757
Mumbai,Tirunelveli,1546.089
Mumbai,Tirupati,1107.248
Mumbai,Tiruppur,1272.247
Mumbai,Tumkur,913.928
Mumbai,Udaipur,699.527
Mumbai,Udupi,846.327
Mumbai,Ujjain,639.329
Mumbai,Vadodara,402.220
Mumbai,Varanasi,1517.590
Mumbai,Vellore,1130.937
Mumbai,Vijayawada,988.244
Mumbai,Visakhapatnam,1273.998
Mumbai,Warangal,844.339
Muzaffarnagar,Muzaffarpur,1016.740
Muzaffarnagar,Mysuru,2207.113
Muzaffarnagar,Nagercoil,2794.821
Muzaffarnagar,Nagpur,1103.677
Muzaffarnagar,Nanded,1383.695
Muzaffarnagar,Nashik,1264.362
Muzaffarnagar,Nellore,2012.558
Muzaffarnagar,Pathankot,446.361
Muzaffarnagar,Patiala,217.466
Muzaffarnagar,Patna,1009.008
Muzaffarnagar,Prayagraj,686.086
Muzaffarnagar,Puducherry,2441.003
Muzaffarnagar,Pune,1450.712
Muzaffarnagar,Purnia,1263.074
Muzaffarnagar,Raipur,1311.085
Muzaffarnagar,Rajamahendravaram,1934.951
Muzaffarnagar,Rajapalayam,2661.912
Muzaffarnagar,Rajkot,1306.572
Muzaffarnagar,Ranchi,1211.313
Muzaffarnagar,Ratlam,798.734
Muzaffarnagar,Rewa,815.925
Muzaffarnagar,Rohtak,149.871
Muzaffarnagar,Rourkela,1379.873
Muzaffarnagar,Saharanpur,61.193
Muzaffarnagar,Salem,2343.819
Muzaffarnagar,Sambalpur,1349.592
Muzaffarnagar,Satna,777.428
Muzaffarnagar,Saugor,717.419
Muzaffarnagar,Shillong,1881.284
Muzaffarnagar,Shimla,297.795
Muzaffarnagar,Shivamogga,2021.283
Muzaffarnagar,Sholapur,1563.972
Muzaffarnagar,Silchar,2051.616
Muzaffarnagar,Siliguri,1373.289
Muzaffarnagar,Sitapur,434.431
Muzaffarnagar,Sonipat,117.632
Muzaffarnagar,Srinagar,753.776
Muzaffarnagar,Surat,1189.893
Muzaffarnagar,Thanjavur,2525.140
Muzaffarnagar,Thiruvananthapuram,2750.792
Muzaffarnagar,Thrissur,2469.715
Muzaffarnagar,Tiruchirappalli,2478.127
Muzaffarnagar,Tirunelveli,2713.458
Muzaffarnagar,Tirupati,2185.159
Muzaffarnagar,Tiruppur,2439.617
Muzaffarnagar,Tumkur,2081.298
Muzaffarnagar,Udaipur,797.792
Muzaffarnagar,Udupi,2120.122
Muzaffarnagar,Ujjain,793.951
Muzaffarnagar,Vadodara,1053.972
Muzaffarnagar,Varanasi,801.625
Muzaffarnagar,Vellore,2298.306
Muzaffarnagar,Vijayawada,1793.206
Muzaffarnagar,Visakhapatnam,1890.352
Muzaffarnagar,Warangal,1546.388
Muzaffarpur,Mysuru,2262.920
Muzaffarpur,Nagercoil,2664.348
Muzaffarpur,Nagpur,1020.481
Muzaffarpur,Nanded,1435.656
Muzaffarpur,Nashik,1648.248
Muzaffarpur,Nellore,1786.905
Muzaffarpur,Pathankot,1431.419
Muzaffarpur,Patiala,1204.241
Muzaffarpur,Patna,72.117
Muzaffarpur,Prayagraj,433.992
Muzaffarpur,Puducherry,2129.282
Muzaffarpur,Pune,1702.348
Muzaffarpur,Purnia,251.270
Muzaffarpur,Raipur,808.028
Muzaffarpur,Rajamahendravaram,1398.589
Muzaffarpur,Rajapalayam,2531.439
Muzaffarpur,Rajkot,1871.802
Muzaffarpur,Ranchi,385.347
Muzaffarpur,Ratlam,1363.965
Muzaffarpur,Rewa,516.591
Muzaffarpur,Rohtak,1072.712
Muzaffarpur,Rourkela,564.236
Muzaffarpur,Saharanpur,1091.191
Muzaffarpur,Salem,2214.847
Muzaffarpur,Sambalpur,669.329
Muzaffarpur,Satna,575.101
Muzaffarpur,Saugor,886.739
Muzaffarpur,Shillong,869.480
Muzaffarpur,Shimla,1319.444
Muzaffarpur,Shivamogga,2140.117
Muzaffarpur,Sholapur,1674.435
Muzaffarpur,Silchar,1074.748
Muzaffarpur,Siliguri,361.486
Muzaffarpur,Sitapur,594.476
Muzaffarpur,Sonipat,1031.465
Muzaffarpur,Srinagar,1738.834
Muzaffarpur,Surat,1667.858
Muzaffarpur,Thanjavur,2290.012
Muzaffarpur,Thiruvananthapuram,2733.079
Muzaffarpur,Thrissur,2490.425
Muzaffarpur,Tiruchirappalli,2284.639
Muzaffarpur,Tirunelveli,2582.985
Muzaffarpur,Tirupati,1924.496
Muzaffarpur,Tiruppur,2334.079
Muzaffarpur,Tumkur,2086.117
Muzaffarpur,Udaipur,1427.441
Muzaffarpur,Udupi,2273.769
Muzaffarpur,Ujjain,1297.207
Muzaffarpur,Vadodara,1619.203
Muzaffarpur,Varanasi,308.478
Muzaffarpur,Vellore,2026.827
Muzaffarpur,Vijayawada,1516.434
Muzaffarpur,Visakhapatnam,1263.036
Muzaffarpur,Warangal,1391.702
Mysuru,Nagercoil,577.330
Mysuru,Nagpur,1233.456
Mysuru,Nanded,919.693
Mysuru,Nashik,1027.709
Mysuru,Nellore,533.624
Mysuru,Pathankot,2548.925
Mysuru,Patiala,2322.097
Mysuru,Patna,2196.220
Mysuru,Prayagraj,1872.967
Mysuru,Puducherry,456.377
Mysuru,Pune,895.035
Mysuru,Purnia,2332.685
Mysuru,Raipur,1466.819
Mysuru,Rajamahendravaram,915.965
Mysuru,Rajapalayam,418.878
Mysuru,Rajkot,1655.555
Mysuru,Ranchi,2008.726
Mysuru,Ratlam,1435.951
Mysuru,Rewa,1737.755
Mysuru,Rohtak,2143.563
Mysuru,Rourkela,1805.694
Mysuru,Saharanpur,2246.319
Mysuru,Salem,231.626
Mysuru,Sambalpur,1596.770
Mysuru,Satna,1708.991
Mysuru,Saugor,1658.361
Mysuru,Shillong,2625.285
Mysuru,Shimla,2453.696
Mysuru,Shivamogga,278.602
Mysuru,Sholapur,674.717
Mysuru,Silchar,2603.263
Mysuru,Siliguri,2464.163
Mysuru,Sitapur,2131.407
Mysuru,Sonipat,2129.573
Mysuru,Srinagar,2856.340
Mysuru,Surat,1257.286
Mysuru,Thanjavur,412.947
Mysuru,Thiruvananthapuram,546.986
Mysuru,Thrissur,265.909
Mysuru,Tiruchirappalli,365.934
Mysuru,Tirunelveli,495.967
Mysuru,Tirupati,401.156
Mysuru,Tiruppur,186.708
Mysuru,Tumkur,156.653
Mysuru,Udaipur,1678.075
Mysuru,Udupi,304.678
Mysuru,Ujjain,1415.046
Mysuru,Vadodara,1380.768
Mysuru,Varanasi,1972.268
Mysuru,Vellore,337.516
Mysuru,Vijayawada,759.242
Mysuru,Visakhapatnam,1099.958
Mysuru,Warangal,876.117
Nagercoil,Nagpur,1713.494
Nagercoil,Nanded,1448.708
Nagercoil,Nashik,1613.327
Nagercoil,Nellore,872.369
Nagercoil,Pathankot,3134.542
Nagercoil,Patiala,2907.715
Nagercoil,Patna,2586.115
Nagercoil,Prayagraj,2353.006
Nagercoil,Puducherry,623.789
Nagercoil,Pune,1480.653
Nagercoil,Purnia,2723.305
Nagercoil,Raipur,1874.721
Nagercoil,Rajamahendravaram,1306.584
Nagercoil,Rajapalayam,169.013
Nagercoil,Rajkot,2241.173
Nagercoil,Ranchi,2316.881
Nagercoil,Ratlam,2021.569
Nagercoil,Rewa,2217.794
Nagercoil,Rohtak,2729.181
Nagercoil,Rourkela,2196.313
Nagercoil,Saharanpur,2831.937
Nagercoil,Salem,450.278
Nagercoil,Sambalpur,1987.389
Nagercoil,Satna,2189.030
Nagercoil,Saugor,2102.484
Nagercoil,Shillong,3015.905
Nagercoil,Shimla,3039.314
Nagercoil,Shivamogga,948.451
Nagercoil,Sholapur,1260.335
Nagercoil,Silchar,2993.883
Nagercoil,Siliguri,2854.783
Nagercoil,Sitapur,2611.446
Nagercoil,Sonipat,2715.191
Nagercoil,Srinagar,3441.957
Nagercoil,Surat,1842.904
Nagercoil,Thanjavur,420.936
Nagercoil,Thiruvananthapuram,70.956
Nagercoil,Thrissur,347.001
Nagercoil,Tiruchirappalli,406.311
Nagercoil,Tirunelveli,80.661
Nagercoil,Tirupati,739.901
Nagercoil,Tiruppur,391.763
Nagercoil,Tumkur,713.421
Nagercoil,Udaipur,2263.693
Nagercoil,Udupi,739.022
Nagercoil,Ujjain,2000.664
Nagercoil,Vadodara,1966.386
Nagercoil,Varanasi,2452.307
Nagercoil,Vellore,671.745
Nagercoil,Vijayawada,1149.861
Nagercoil,Visakhapatnam,1490.578
Nagercoil,Warangal,1323.213
Nagpur,Nanded,413.601
Nagpur,Nashik,626.194
Nagpur,Nellore,909.794
Nagpur,Pathankot,1581.745
Nagpur,Patiala,1354.917
Nagpur,Patna,960.938
Nagpur,Prayagraj,636.417
Nagpur,Puducherry,1252.171
Nagpur,Pune,680.294
Nagpur,Purnia,1256.237
Nagpur,Raipur,285.704
Nagpur,Rajamahendravaram,751.826
Nagpur,Rajapalayam,1583.573
Nagpur,Rajkot,1050.299
Nagpur,Ranchi,827.611
Nagpur,Ratlam,584.627
Nagpur,Rewa,501.205
Nagpur,Rohtak,1176.384
Nagpur,Rourkela,721.217
Nagpur,Saharanpur,1194.853
Nagpur,Salem,1265.480
Nagpur,Sambalpur,556.672
Nagpur,Satna,472.440
Nagpur,Saugor,389.970
Nagpur,Shillong,1771.657
Nagpur,Shimla,1400.515
Nagpur,Shivamogga,1140.929
Nagpur,Sholapur,652.380
Nagpur,Silchar,1749.635
Nagpur,Siliguri,1380.588
Nagpur,Sitapur,894.857
Nagpur,Sonipat,1092.232
Nagpur,Srinagar,1889.160
Nagpur,Surat,776.462
Nagpur,Thanjavur,1395.672
Nagpur,Thiruvananthapuram,1785.213
Nagpur,Thrissur,1497.439
Nagpur,Tiruchirappalli,1390.299
Nagpur,Tirunelveli,1635.119
Nagpur,Tirupati,1047.386
Nagpur,Tiruppur,1361.277
Nagpur,Tumkur,1058.034
Nagpur,Udaipur,866.404
Nagpur,Udupi,1251.714
Nagpur,Ujjain,486.151
Nagpur,Vadodara,752.771
Nagpur,Varanasi,735.718
Nagpur,Vellore,1124.863
Nagpur,Vijayawada,690.442
Nagpur,Visakhapatnam,788.878
Nagpur,Warangal,443.624
Nanded,Nashik,439.333
Nanded,Nellore,739.192
Nanded,Pathankot,1723.108
Nanded,Patiala,1496.281
Nanded,Patna,1377.614
Nanded,Prayagraj,1053.093
Nanded,Puducherry,1018.118
Nanded,Pune,432.342
Nanded,Purnia,1672.914
Nanded,Raipur,661.417
Nanded,Rajamahendravaram,642.929
Nanded,Rajapalayam,1323.763
Nanded,Rajkot,1026.532
Nanded,Ranchi,1203.324
Nanded,Ratlam,676.303
Nanded,Rewa,917.881
Nanded,Rohtak,1317.747
Nanded,Rourkela,1096.930
Nanded,Saharanpur,1420.503
Nanded,Salem,1005.669
Nanded,Sambalpur,941.303
Nanded,Satna,889.117
Nanded,Saugor,754.721
Nanded,Shillong,2156.287
Nanded,Shimla,1627.880
Nanded,Shivamogga,740.982
Nanded,Sholapur,252.433
Nanded,Silchar,2134.265
Nanded,Siliguri,1797.264
Nanded,Sitapur,1311.533
Nanded,Sonipat,1303.757
Nanded,Srinagar,2030.524
Nanded,Surat,629.939
Nanded,Thanjavur,1135.862
Nanded,Thiruvananthapuram,1525.402
Nanded,Thrissur,1185.919
Nanded,Tiruchirappalli,1130.489
Nanded,Tirunelveli,1375.309
Nanded,Tirupati,806.559
Nanded,Tiruppur,1101.467
Nanded,Tumkur,798.769
Nanded,Udaipur,955.943
Nanded,Udupi,851.767
Nanded,Ujjain,589.230
Nanded,Vadodara,719.167
Nanded,Varanasi,1152.394
Nanded,Vellore,865.053
Nanded,Vijayawada,541.150
Nanded,Visakhapatnam,826.922
Nanded,Warangal,334.727
Nashik,Nellore,1105.943
Nashik,Pathankot,1606.940
Nashik,Patiala,1380.112
Nashik,Patna,1594.121
Nashik,Prayagraj,1269.599
Nashik,Puducherry,1262.644
Nashik,Pune,212.626
Nashik,Purnia,1889.419
Nashik,Raipur,912.591
Nashik,Rajamahendravaram,1062.296
Nashik,Rajapalayam,1483.553
Nashik,Rajkot,628.227
Nashik,Ranchi,1454.498
Nashik,Ratlam,493.966
Nashik,Rewa,1134.387
Nashik,Rohtak,1201.579
Nashik,Rourkela,1348.104
Nashik,Saharanpur,1304.335
Nashik,Salem,1165.460
Nashik,Sambalpur,1183.559
Nashik,Satna,1105.623
Nashik,Saugor,828.187
Nashik,Shillong,2398.544
Nashik,Shimla,1511.711
Nashik,Shivamogga,842.924
Nashik,Sholapur,385.613
Nashik,Silchar,2376.522
Nashik,Siliguri,2013.771
Nashik,Sitapur,1365.506
Nashik,Sonipat,1187.589
Nashik,Srinagar,1914.355
Nashik,Surat,229.958
Nashik,Thanjavur,1346.781
Nashik,Thiruvananthapuram,1572.433
Nashik,Thrissur,1291.356
Nashik,Tiruchirappalli,1299.768
Nashik,Tirunelveli,1535.100
Nashik,Tirupati,1096.259
Nashik,Tiruppur,1261.258
Nashik,Tumkur,902.939
Nashik,Udaipur,650.747
Nashik,Udupi,941.763
Nashik,Ujjain,473.062
Nashik,Vadodara,353.440
Nashik,Varanasi,1368.900
Nashik,Vellore,1119.947
Nashik,Vijayawada,957.463
Nashik,Visakhapatnam,1246.289
Nashik,Warangal,754.094
Nellore,Pathankot,2495.522
Nellore,Patiala,2268.694
Nellore,Patna,1713.399
Nellore,Prayagraj,1554.269
Nellore,Puducherry,341.448
Nellore,Pune,970.812
Nellore,Purnia,1850.589
Nellore,Raipur,1002.005
Nellore,Rajamahendravaram,433.869
Nellore,Rajapalayam,743.606
Nellore,Rajkot,1731.331
Nellore,Ranchi,1444.166
Nellore,Ratlam,1407.580
Nellore,Rewa,1419.057
Nellore,Rohtak,2090.161
Nellore,Rourkela,1323.597
Nellore,Saharanpur,2108.630
Nellore,Salem,427.013
Nellore,Sambalpur,1114.674
Nellore,Satna,1390.293
Nellore,Saugor,1303.747
Nellore,Shillong,2143.189
Nellore,Shimla,2314.292
Nellore,Shivamogga,579.160
Nellore,Sholapur,717.839
Nellore,Silchar,2121.167
Nellore,Siliguri,1982.067
Nellore,Sitapur,1812.709
Nellore,Sonipat,2006.008
Nellore,Srinagar,2802.937
Nellore,Surat,1333.062
Nellore,Thanjavur,502.178
Nellore,Thiruvananthapuram,945.245
Nellore,Thrissur,702.592
Nellore,Tiruchirappalli,496.805
Nellore,Tirunelveli,795.152
Nellore,Tirupati,136.662
Nellore,Tiruppur,546.245
Nellore,Tumkur,423.662
Nellore,Udaipur,1687.221
Nellore,Udupi,724.784
Nellore,Ujjain,1320.508
Nellore,Vadodara,1456.544
Nellore,Varanasi,1653.570
Nellore,Vellore,238.994
Nellore,Vijayawada,277.146
Nellore,Visakhapatnam,617.862
Nellore,Warangal,468.886
Pathankot,Patiala,283.968
Pathankot,Patna,1424.335
Pathankot,Prayagraj,1101.413
Pathankot,Puducherry,2779.464
Pathankot,Pune,1789.174
Pathankot,Purnia,1678.401
Pathankot,Raipur,1617.111
Pathankot,Rajamahendravaram,2240.977
Pathankot,Rajapalayam,3000.374
Pathankot,Rajkot,1335.041
Pathankot,Ranchi,1626.640
Pathankot,Ratlam,1137.196
Pathankot,Rewa,1231.252
Pathankot,Rohtak,424.855
Pathankot,Rourkela,1795.200
Pathankot,Saharanpur,381.320
Pathankot,Salem,2682.280
Pathankot,Sambalpur,1764.920
Pathankot,Satna,1215.369
Pathankot,Saugor,1118.070
Pathankot,Shillong,2296.611
Pathankot,Shimla,342.130
Pathankot,Shivamogga,2359.744
Pathankot,Sholapur,1902.434
Pathankot,Silchar,2466.943
Pathankot,Siliguri,1788.617
Pathankot,Sitapur,849.758
Pathankot,Sonipat,433.221
Pathankot,Srinagar,306.048
Pathankot,Surat,1528.355
Pathankot,Thanjavur,2863.601
Pathankot,Thiruvananthapuram,3089.254
Pathankot,Thrissur,2808.176
Pathankot,Tiruchirappalli,2816.589
Pathankot,Tirunelveli,3051.920
Pathankot,Tirupati,2523.620
Pathankot,Tiruppur,2778.078
Pathankot,Tumkur,2419.759
Pathankot,Udaipur,1047.440
Pathankot,Udupi,2458.584
Pathankot,Ujjain,1132.413
Pathankot,Vadodara,1392.434
Pathankot,Varanasi,1216.953
Pathankot,Vellore,2636.768
Pathankot,Vijayawada,2271.471
Pathankot,Visakhapatnam,2196.378
Pathankot,Warangal,2024.653
Patiala,Patna,1196.573
Patiala,Prayagraj,873.651
Patiala,Puducherry,2550.412
Patiala,Pune,1560.122
Patiala,Purnia,1450.639
Patiala,Raipur,1388.059
Patiala,Rajamahendravaram,2011.925
Patiala,Rajapalayam,2771.322
Patiala,Rajkot,1215.658
Patiala,Ranchi,1398.878
Patiala,Ratlam,908.144
Patiala,Rewa,1003.490
Patiala,Rohtak,195.803
Patiala,Rourkela,1567.438
Patiala,Saharanpur,149.378
Patiala,Salem,2453.229
Patiala,Sambalpur,1537.158
Patiala,Satna,986.317
Patiala,Saugor,889.018
Patiala,Shillong,2068.849
Patiala,Shimla,167.380
Patiala,Shivamogga,2130.692
Patiala,Sholapur,1673.382
Patiala,Silchar,2239.181
Patiala,Siliguri,1560.854
Patiala,Sitapur,621.996
Patiala,Sonipat,204.169
Patiala,Srinagar,590.668
Patiala,Surat,1299.303
Patiala,Thanjavur,2634.549
Patiala,Thiruvananthapuram,2860.202
Patiala,Thrissur,2579.124
Patiala,Tiruchirappalli,2587.537
Patiala,Tirunelveli,2822.868
Patiala,Tirupati,2294.568
Patiala,Tiruppur,2549.026
Patiala,Tumkur,2190.707
Patiala,Udaipur,834.028
Patiala,Udupi,2229.532
Patiala,Ujjain,903.361
Patiala,Vadodara,1163.382
Patiala,Varanasi,989.191
Patiala,Vellore,2407.716
Patiala,Vijayawada,2042.419
Patiala,Visakhapatnam,1967.326
Patiala,Warangal,1795.601
Patna,Prayagraj,362.099
Patna,Puducherry,2058.921
Patna,Pune,1641.308
Patna,Purnia,297.722
Patna,Raipur,737.667
Patna,Rajamahendravaram,1328.228
Patna,Rajapalayam,2461.078
Patna,Rajkot,1817.766
Patna,Ranchi,325.287
Patna,Ratlam,1309.928
Patna,Rewa,455.551
Patna,Rohtak,1065.647
Patna,Rourkela,493.875
Patna,Saharanpur,1084.127
Patna,Salem,2144.486
Patna,Sambalpur,598.967
Patna,Satna,514.060
Patna,Saugor,814.845
Patna,Shillong,939.208
Patna,Shimla,1312.379
Patna,Shivamogga,2069.756
Patna,Sholapur,1613.394
Patna,Silchar,1144.475
Patna,Siliguri,431.213
Patna,Sitapur,591.916
Patna,Sonipat,1024.401
Patna,Srinagar,1731.769
Patna,Surat,1606.817
Patna,Thanjavur,2219.651
Patna,Thiruvananthapuram,2662.718
Patna,Thrissur,2420.064
Patna,Tiruchirappalli,2214.278
Patna,Tirunelveli,2512.624
Patna,Tirupati,1854.135
Patna,Tiruppur,2263.718
Patna,Tumkur,2015.756
Patna,Udaipur,1373.405
Patna,Udupi,2212.728
Patna,Ujjain,1225.313
Patna,Vadodara,1565.166
Patna,Varanasi,240.685
Patna,Vellore,1956.466
Patna,Vijayawada,1446.073
Patna,Visakhapatnam,1230.186
Patna,Warangal,1321.341
Prayagraj,Puducherry,1891.415
Prayagraj,Pune,1318.930
Prayagraj,Purnia,657.347
Prayagraj,Raipur,592.307
Prayagraj,Rajamahendravaram,1216.173
Prayagraj,Rajapalayam,2222.816
Prayagraj,Rajkot,1453.950
Prayagraj,Ranchi,536.248
Prayagraj,Ratlam,946.113
Prayagraj,Rewa,133.173
Prayagraj,Rohtak,742.577
Prayagraj,Rourkela,704.809
Prayagraj,Saharanpur,761.057
Prayagraj,Salem,1904.724
Prayagraj,Sambalpur,674.528
Prayagraj,Satna,191.683
Prayagraj,Saugor,451.030
Prayagraj,Shillong,1301.849
Prayagraj,Shimla,989.309
Prayagraj,Shivamogga,1779.566
Prayagraj,Sholapur,1291.017
Prayagraj,Silchar,1376.551
Prayagraj,Siliguri,793.854
Prayagraj,Sitapur,295.754
Prayagraj,Sonipat,701.331
Prayagraj,Srinagar,1408.699
Prayagraj,Surat,1284.440
Prayagraj,Thanjavur,2034.916
Prayagraj,Thiruvananthapuram,2424.456
Prayagraj,Thrissur,2136.682
Prayagraj,Tiruchirappalli,2029.543
Prayagraj,Tirunelveli,2274.363
Prayagraj,Tirupati,1686.629
Prayagraj,Tiruppur,2000.521
Prayagraj,Tumkur,1697.278
Prayagraj,Udaipur,1009.590
Prayagraj,Udupi,1890.351
Prayagraj,Ujjain,861.498
Prayagraj,Vadodara,1201.351
Prayagraj,Varanasi,126.561
Prayagraj,Vellore,1764.107
Prayagraj,Vijayawada,1329.686
Prayagraj,Visakhapatnam,1171.574
Prayagraj,Warangal,1082.868
Puducherry,Pune,1137.959
Puducherry,Purnia,2193.548
Puducherry,Raipur,1344.964
Puducherry,Rajamahendravaram,776.828
Puducherry,Rajapalayam,437.266
Puducherry,Rajkot,1898.478
Puducherry,Ranchi,1787.125
Puducherry,Ratlam,1678.874
Puducherry,Rewa,1762.016
Puducherry,Rohtak,2322.618
Puducherry,Rourkela,1666.556
Puducherry,Saharanpur,2425.374
Puducherry,Salem,220.037
Puducherry,Sambalpur,1457.633
Puducherry,Satna,1733.252
Puducherry,Saugor,1646.706
Puducherry,Shillong,2486.148
Puducherry,Shimla,2632.751
Puducherry,Shivamogga,643.644
Puducherry,Sholapur,917.641
Puducherry,Silchar,2464.126
Puducherry,Siliguri,2325.026
Puducherry,Sitapur,2155.668
Puducherry,Sonipat,2308.628
Puducherry,Srinagar,3035.394
Puducherry,Surat,1500.210
Puducherry,Thanjavur,180.319
Puducherry,Thiruvananthapuram,688.137
Puducherry,Thrissur,494.108
Puducherry,Tiruchirappalli,203.884
Puducherry,Tirunelveli,550.127
Puducherry,Tirupati,228.143
Puducherry,Tiruppur,337.762
Puducherry,Tumkur,408.614
Puducherry,Udaipur,1920.998
Puducherry,Udupi,753.640
Puducherry,Ujjain,1594.101
Puducherry,Vadodara,1623.691
Puducherry,Varanasi,1996.529
Puducherry,Vellore,155.742
Puducherry,Vijayawada,620.105
Puducherry,Visakhapatnam,960.821
Puducherry,Warangal,811.845
Pune,Purnia,1946.034
Pune,Raipur,969.205
Pune,Rajamahendravaram,945.718
Pune,Rajapalayam,1350.255
Pune,Rajkot,806.858
Pune,Ranchi,1511.112
Pune,Ratlam,680.630
Pune,Rewa,1191.001
Pune,Rohtak,1388.242
Pune,Rourkela,1404.718
Pune,Saharanpur,1490.998
Pune,Salem,1032.162
Pune,Sambalpur,1240.173
Pune,Satna,1162.237
Pune,Saugor,994.580
Pune,Shillong,2455.158
Pune,Shimla,1698.375
Pune,Shivamogga,654.345
Pune,Sholapur,251.487
Pune,Silchar,2433.136
Pune,Siliguri,2070.385
Pune,Sitapur,1531.899
Pune,Sonipat,1374.252
Pune,Srinagar,2101.019
Pune,Surat,408.589
Pune,Thanjavur,1213.483
Pune,Thiruvananthapuram,1439.135
Pune,Thrissur,1158.058
Pune,Tiruchirappalli,1166.470
Pune,Tirunelveli,1401.802
Pune,Tirupati,962.961
Pune,Tiruppur,1127.960
Pune,Tumkur,769.641
Pune,Udaipur,829.378
Pune,Udupi,746.339
Pune,Ujjain,659.725
Pune,Vadodara,532.071
Pune,Varanasi,1425.514
Pune,Vellore,986.650
Pune,Vijayawada,843.957
Pune,Visakhapatnam,1129.711
Pune,Warangal,700.052
Purnia,Raipur,1020.456
Purnia,Rajamahendravaram,1423.472
Purnia,Rajapalayam,2610.374
Purnia,Rajkot,2112.655
Purnia,Ranchi,504.672
Purnia,Ratlam,1604.818
Purnia,Rewa,750.440
Purnia,Rohtak,1360.536
Purnia,Rourkela,743.896
Purnia,Saharanpur,1379.016
Purnia,Salem,2293.782
Purnia,Sambalpur,848.989
Purnia,Satna,808.950
Purnia,Saugor,1109.735
Purnia,Shillong,669.938
Purnia,Shimla,1607.269
Purnia,Shivamogga,2319.779
Purnia,Sholapur,1908.284
Purnia,Silchar,790.562
Purnia,Siliguri,176.483
Purnia,Sitapur,840.750
Purnia,Sonipat,1319.290
Purnia,Srinagar,2026.659
Purnia,Surat,1901.707
Purnia,Thanjavur,2368.947
Purnia,Thiruvananthapuram,2812.014
Purnia,Thrissur,2569.360
Purnia,Tiruchirappalli,2363.575
Purnia,Tirunelveli,2661.921
Purnia,Tirupati,2003.431
Purnia,Tiruppur,2413.014
Purnia,Tumkur,2201.279
Purnia,Udaipur,1668.294
Purnia,Udupi,2507.617
Purnia,Ujjain,1520.203
Purnia,Vadodara,1860.056
Purnia,Varanasi,535.574
Purnia,Vellore,2105.763
Purnia,Vijayawada,1576.119
Purnia,Visakhapatnam,1245.715
Purnia,Warangal,1604.130
Raipur,Rajamahendravaram,626.594
Raipur,Rajapalayam,1750.450
Raipur,Rajkot,1335.742
Raipur,Ranchi,548.923
Raipur,Ratlam,870.070
Raipur,Rewa,462.521
Raipur,Rohtak,1208.658
Raipur,Rourkela,437.329
Raipur,Saharanpur,1398.282
Raipur,Salem,1433.858
Raipur,Sambalpur,271.324
Raipur,Satna,553.151
Raipur,Saugor,516.032
Raipur,Shillong,1486.309
Raipur,Shimla,1501.637
Raipur,Shivamogga,1338.151
Raipur,Sholapur,931.672
Raipur,Silchar,1464.287
Raipur,Siliguri,1166.584
Raipur,Sitapur,885.190
Raipur,Sonipat,1193.353
Raipur,Srinagar,1921.434
Raipur,Surat,1055.755
Raipur,Thanjavur,1509.023
Raipur,Thiruvananthapuram,1952.090
Raipur,Thrissur,1709.436
Raipur,Tiruchirappalli,1503.650
Raipur,Tirunelveli,1801.996
Raipur,Tirupati,1143.507
Raipur,Tiruppur,1553.090
Raipur,Tumkur,1284.150
Raipur,Udaipur,1151.848
Raipur,Udupi,1483.774
Raipur,Ujjain,771.594
Raipur,Vadodara,1038.214
Raipur,Varanasi,634.764
Raipur,Vellore,1245.838
Raipur,Vijayawada,735.445
Raipur,Visakhapatnam,581.995
Raipur,Warangal,589.736
Rajamahendravaram,Rajapalayam,1178.999
Rajamahendravaram,Rajkot,1627.296
Rajamahendravaram,Ranchi,1069.799
Rajamahendravaram,Ratlam,1297.344
Rajamahendravaram,Rewa,1084.909
Rajamahendravaram,Rohtak,1831.045
Rajamahendravaram,Rourkela,919.196
Rajamahendravaram,Saharanpur,2020.669
Rajamahendravaram,Salem,862.407
Rajamahendravaram,Sambalpur,728.150
Rajamahendravaram,Satna,1175.539
Rajamahendravaram,Saugor,1179.149
Rajamahendravaram,Shillong,1714.202
Rajamahendravaram,Shimla,2124.024
Rajamahendravaram,Shivamogga,901.251
Rajamahendravaram,Sholapur,695.549
Rajamahendravaram,Silchar,1692.180
Rajamahendravaram,Siliguri,1553.080
Rajamahendravaram,Sitapur,1507.577
Rajamahendravaram,Sonipat,1815.740
Rajamahendravaram,Srinagar,2543.821
Rajamahendravaram,Surat,1259.948
Rajamahendravaram,Thanjavur,937.572
Rajamahendravaram,Thiruvananthapuram,1380.638
Rajamahendravaram,Thrissur,1137.985
Rajamahendravaram,Tiruchirappalli,932.199
Rajamahendravaram,Tirunelveli,1230.545
Rajamahendravaram,Tirupati,572.056
Rajamahendravaram,Tiruppur,981.639
Rajamahendravaram,Tumkur,782.751
Rajamahendravaram,Udaipur,1576.985
Rajamahendravaram,Udupi,1046.874
Rajamahendravaram,Ujjain,1240.203
Rajamahendravaram,Vadodara,1340.208
Rajamahendravaram,Varanasi,1257.151
Rajamahendravaram,Vellore,674.387
Rajamahendravaram,Vijayawada,157.591
Rajamahendravaram,Visakhapatnam,188.875
Rajamahendravaram,Warangal,309.161
Rajapalayam,Rajkot,2092.888
Rajapalayam,Ranchi,2168.597
Rajapalayam,Ratlam,1873.284
Rajapalayam,Rewa,2069.509
Rajapalayam,Rohtak,2580.896
Rajapalayam,Rourkela,2048.028
Rajapalayam,Saharanpur,2683.653
Rajapalayam,Salem,301.994
Rajapalayam,Sambalpur,1839.105
Rajapalayam,Satna,2040.745
Rajapalayam,Saugor,1954.199
Rajapalayam,Shillong,2867.620
Rajapalayam,Shimla,2891.029
Rajapalayam,Shivamogga,800.167
Rajapalayam,Sholapur,1112.051
Rajapalayam,Silchar,2845.598
Rajapalayam,Siliguri,2706.499
Rajapalayam,Sitapur,2463.161
Rajapalayam,Sonipat,2566.906
Rajapalayam,Srinagar,3293.673
Rajapalayam,Surat,1694.620
Rajapalayam,Thanjavur,275.676
Rajapalayam,Thiruvananthapuram,178.274
Rajapalayam,Thrissur,332.319
Rajapalayam,Tiruchirappalli,233.399
Rajapalayam,Tirunelveli,116.594
Rajapalayam,Tirupati,591.617
Rajapalayam,Tiruppur,234.177
Rajapalayam,Tumkur,565.137
Rajapalayam,Udaipur,2115.408
Rajapalayam,Udupi,723.903
Rajapalayam,Ujjain,1852.380
Rajapalayam,Vadodara,1818.101
Rajapalayam,Varanasi,2304.022
Rajapalayam,Vellore,498.813
Rajapalayam,Vijayawada,1001.577
Rajapalayam,Visakhapatnam,1342.293
Rajapalayam,Warangal,1174.928
Rajkot,Ranchi,1837.184
Rajkot,Ratlam,539.367
Rajkot,Rewa,1319.291
Rajkot,Rohtak,1145.388
Rajkot,Rourkela,1769.268
Rajkot,Saharanpur,1345.865
Rajkot,Salem,1795.726
Rajkot,Sambalpur,1605.886
Rajkot,Satna,1290.526
Rajkot,Saugor,992.615
Rajkot,Shillong,2739.946
Rajkot,Shimla,1375.434
Rajkot,Shivamogga,1473.190
Rajkot,Sholapur,1015.880
Rajkot,Silchar,2798.849
Rajkot,Siliguri,2231.951
Rajkot,Sitapur,1459.650
Rajkot,Sonipat,1229.119
Rajkot,Srinagar,1629.994
Rajkot,Surat,419.727
Rajkot,Thanjavur,1977.047
Rajkot,Thiruvananthapuram,2202.700
Rajkot,Thrissur,1921.622
Rajkot,Tiruchirappalli,1930.034
Rajkot,Tirunelveli,2165.366
Rajkot,Tirupati,1726.525
Rajkot,Tiruppur,1891.524
Rajkot,Tumkur,1533.205
Rajkot,Udaipur,475.325
Rajkot,Udupi,1507.736
Rajkot,Ujjain,603.660
Rajkot,Vadodara,285.825
Rajkot,Varanasi,1583.827
Rajkot,Vellore,1750.214
Rajkot,Vijayawada,1543.548
Rajkot,Visakhapatnam,1811.067
Rajkot,Warangal,1318.872
Ranchi,Ratlam,1372.549
Ranchi,Rewa,526.427
Ranchi,Rohtak,1268.095
Ranchi,Rourkela,224.473
Ranchi,Saharanpur,1286.575
Ranchi,Salem,1875.084
Ranchi,Sambalpur,329.566
Ranchi,Satna,580.798
Ranchi,Saugor,879.997
Ranchi,Shillong,1033.484
Ranchi,Shimla,1514.828
Ranchi,Shivamogga,1880.467
Ranchi,Sholapur,1473.989
Ranchi,Silchar,1011.463
Ranchi,Siliguri,680.459
Ranchi,Sitapur,799.200
Ranchi,Sonipat,1226.849
Ranchi,Srinagar,1934.217
Ranchi,Surat,1598.071
Ranchi,Thanjavur,1950.249
Ranchi,Thiruvananthapuram,2393.316
Ranchi,Thrissur,2150.662
Ranchi,Tiruchirappalli,1944.876
Ranchi,Tirunelveli,2243.222
Ranchi,Tirupati,1584.733
Ranchi,Tiruppur,1994.316
Ranchi,Tumkur,1795.429
Ranchi,Udaipur,1452.253
Ranchi,Udupi,2026.091
Ranchi,Ujjain,1274.073
Ranchi,Vadodara,1585.621
Ranchi,Varanasi,414.745
Ranchi,Vellore,1687.064
Ranchi,Vijayawada,1176.671
Ranchi,Visakhapatnam,890.467
Ranchi,Warangal,1132.053
Ratlam,Rewa,862.874
Ratlam,Rohtak,732.944
Ratlam,Rourkela,1302.602
Ratlam,Saharanpur,835.700
Ratlam,Salem,1573.367
Ratlam,Sambalpur,1139.220
Ratlam,Satna,807.858
Ratlam,Saugor,482.450
Ratlam,Shillong,2229.781
Ratlam,Shimla,1043.077
Ratlam,Shivamogga,1250.831
Ratlam,Sholapur,793.521
Ratlam,Silchar,2323.653
Ratlam,Siliguri,1721.786
Ratlam,Sitapur,949.485
Ratlam,Sonipat,718.954
Ratlam,Srinagar,1445.720
Ratlam,Surat,418.614
Ratlam,Thanjavur,1754.688
Ratlam,Thiruvananthapuram,1980.341
Ratlam,Thrissur,1699.263
Ratlam,Tiruchirappalli,1707.676
Ratlam,Tirunelveli,1943.007
Ratlam,Tirupati,1478.790
Ratlam,Tiruppur,1669.165
Ratlam,Tumkur,1310.846
Ratlam,Udaipur,282.211
Ratlam,Udupi,1349.670
Ratlam,Ujjain,103.864
Ratlam,Vadodara,282.692
Ratlam,Varanasi,1073.662
Ratlam,Vellore,1527.855
Ratlam,Vijayawada,1213.381
Ratlam,Visakhapatnam,1403.681
Ratlam,Warangal,988.705
Rewa,Rohtak,872.860
Rewa,Rourkela,689.571
Rewa,Saharanpur,891.339
Rewa,Salem,1767.645
Rewa,Sambalpur,670.084
Rewa,Satna,54.605
Rewa,Saugor,353.695
Rewa,Shillong,1383.827
Rewa,Shimla,1119.592
Rewa,Shivamogga,1642.487
Rewa,Sholapur,1153.938
Rewa,Silchar,1470.685
Rewa,Siliguri,875.833
Rewa,Sitapur,426.037
Rewa,Sonipat,831.614
Rewa,Srinagar,1538.982
Rewa,Surat,1147.362
Rewa,Thanjavur,1897.837
Rewa,Thiruvananthapuram,2287.378
Rewa,Thrissur,1999.604
Rewa,Tiruchirappalli,1892.465
Rewa,Tirunelveli,2137.285
Rewa,Tirupati,1549.551
Rewa,Tiruppur,1863.443
Rewa,Tumkur,1560.200
Rewa,Udaipur,926.059
Rewa,Udupi,1753.272
Rewa,Ujjain,764.163
Rewa,Vadodara,1067.180
Rewa,Varanasi,230.962
Rewa,Vellore,1627.028
Rewa,Vijayawada,1192.608
Rewa,Visakhapatnam,1042.648
Rewa,Warangal,945.790
Rohtak,Rourkela,1436.790
Rohtak,Saharanpur,188.823
Rohtak,Salem,2274.864
Rohtak,Sambalpur,1421.532
Rohtak,Satna,807.952
Rohtak,Saugor,710.654
Rohtak,Shillong,1938.201
Rohtak,Shimla,325.402
Rohtak,Shivamogga,1952.328
Rohtak,Sholapur,1495.018
Rohtak,Silchar,2108.532
Rohtak,Siliguri,1430.206
Rohtak,Sitapur,491.348
Rohtak,Sonipat,50.450
Rohtak,Srinagar,732.437
Rohtak,Surat,1120.939
Rohtak,Thanjavur,2456.185
Rohtak,Thiruvananthapuram,2681.838
Rohtak,Thrissur,2400.760
Rohtak,Tiruchirappalli,2409.173
Rohtak,Tirunelveli,2644.504
Rohtak,Tirupati,2116.204
Rohtak,Tiruppur,2370.662
Rohtak,Tumkur,2012.343
Rohtak,Udaipur,668.190
Rohtak,Udupi,2051.167
Rohtak,Ujjain,724.997
Rohtak,Vadodara,985.018
Rohtak,Varanasi,858.542
Rohtak,Vellore,2229.352
Rohtak,Vijayawada,1864.055
Rohtak,Visakhapatnam,1788.962
Rohtak,Warangal,1617.237
Rourkela,Saharanpur,1454.426
Rourkela,Salem,1754.549
Rourkela,Sambalpur,218.770
Rourkela,Satna,739.069
Rourkela,Saugor,829.028
Rourkela,Shillong,1112.310
Rourkela,Shimla,1682.678
Rourkela,Shivamogga,1783.201
Rourkela,Sholapur,1372.048
Rourkela,Silchar,1090.288
Rourkela,Siliguri,924.189
Rourkela,Sitapur,967.051
Rourkela,Sonipat,1394.700
Rourkela,Srinagar,2102.068
Rourkela,Surat,1496.131
Rourkela,Thanjavur,1829.714
Rourkela,Thiruvananthapuram,2272.781
Rourkela,Thrissur,2030.127
Rourkela,Tiruchirappalli,1824.341
Rourkela,Tirunelveli,2122.688
Rourkela,Tirupati,1464.198
Rourkela,Tiruppur,1873.781
Rourkela,Tumkur,1674.893
Rourkela,Udaipur,1556.410
Rourkela,Udupi,1928.825
Rourkela,Ujjain,1194.467
Rourkela,Vadodara,1506.016
Rourkela,Varanasi,582.596
Rourkela,Vellore,1566.529
Rourkela,Vijayawada,1056.136
Rourkela,Visakhapatnam,741.409
Rourkela,Warangal,1034.786
Saharanpur,Salem,2385.318
Saharanpur,Sambalpur,1423.950
Saharanpur,Satna,851.785
Saharanpur,Saugor,799.677
Saharanpur,Shillong,1955.642
Saharanpur,Shimla,232.539
Saharanpur,Shivamogga,2062.781
Saharanpur,Sholapur,1605.471
Saharanpur,Silchar,2125.974
Saharanpur,Siliguri,1447.647
Saharanpur,Sitapur,508.789
Saharanpur,Sonipat,143.441
Saharanpur,Srinagar,688.520
Saharanpur,Surat,1231.392
Saharanpur,Thanjavur,2566.638
Saharanpur,Thiruvananthapuram,2792.291
Saharanpur,Thrissur,2511.213
Saharanpur,Tiruchirappalli,2519.626
Saharanpur,Tirunelveli,2754.957
Saharanpur,Tirupati,2226.657
Saharanpur,Tiruppur,2481.115
Saharanpur,Tumkur,2122.796
Saharanpur,Udaipur,836.506
Saharanpur,Udupi,2161.620
Saharanpur,Ujjain,835.450
Saharanpur,Vadodara,1095.471
Saharanpur,Varanasi,875.983
Saharanpur,Vellore,2339.805
Saharanpur,Vijayawada,1875.465
Saharanpur,Visakhapatnam,1964.710
Saharanpur,Warangal,1628.647
Salem,Sambalpur,1539.023
Salem,Satna,1739.137
Salem,Saugor,1652.591
Salem,Shillong,2567.538
Salem,Shimla,2589.421
Salem,Shivamogga,498.559
Salem,Sholapur,810.443
Salem,Silchar,2545.516
Salem,Siliguri,2406.416
Salem,Sitapur,2161.553
Salem,Sonipat,2265.298
Salem,Srinagar,2992.065
Salem,Surat,1393.012
Salem,Thanjavur,181.768
Salem,Thiruvananthapuram,519.881
Salem,Thrissur,275.331
Salem,Tiruchirappalli,134.456
Salem,Tirunelveli,369.788
Salem,Tirupati,291.535
Salem,Tiruppur,118.985
Salem,Tumkur,263.529
Salem,Udaipur,1813.800
Salem,Udupi,534.911
Salem,Ujjain,1550.772
Salem,Vadodara,1516.493
Salem,Varanasi,2002.414
Salem,Vellore,223.097
Salem,Vijayawada,701.495
Salem,Visakhapatnam,1042.211
Salem,Warangal,874.846
Sambalpur,Satna,742.691
Sambalpur,Saugor,732.558
Sambalpur,Shillong,1215.376
Sambalpur,Shimla,1643.432
Sambalpur,Shivamogga,1579.073
Sambalpur,Sholapur,1206.560
Sambalpur,Silchar,1193.354
Sambalpur,Siliguri,1029.277
Sambalpur,Sitapur,1072.139
Sambalpur,Sonipat,1355.454
Sambalpur,Srinagar,2062.822
Sambalpur,Surat,1330.642
Sambalpur,Thanjavur,1625.586
Sambalpur,Thiruvananthapuram,2068.653
Sambalpur,Thrissur,1825.999
Sambalpur,Tiruchirappalli,1620.213
Sambalpur,Tirunelveli,1918.559
Sambalpur,Tirupati,1260.070
Sambalpur,Tiruppur,1669.653
Sambalpur,Tumkur,1470.765
Sambalpur,Udaipur,1426.736
Sambalpur,Udupi,1724.697
Sambalpur,Ujjain,1046.482
Sambalpur,Vadodara,1313.102
Sambalpur,Varanasi,687.684
Sambalpur,Vellore,1362.401
Sambalpur,Vijayawada,852.008
Sambalpur,Visakhapatnam,600.584
Sambalpur,Warangal,830.658
Satna,Saugor,298.613
Satna,Shillong,1440.541
Satna,Shimla,1070.103
Satna,Shivamogga,1614.308
Satna,Sholapur,1125.759
Satna,Silchar,1527.399
Satna,Siliguri,932.546
Satna,Sitapur,393.539
Satna,Sonipat,782.723
Satna,Srinagar,1509.416
Satna,Surat,1119.182
Satna,Thanjavur,1869.658
Satna,Thiruvananthapuram,2259.199
Satna,Thrissur,1971.425
Satna,Tiruchirappalli,1864.285
Satna,Tirunelveli,2109.106
Satna,Tirupati,1521.372
Satna,Tiruppur,1835.264
Satna,Tumkur,1532.021
Satna,Udaipur,870.977
Satna,Udupi,1725.093
Satna,Ujjain,709.081
Satna,Vadodara,1039.001
Satna,Varanasi,287.676
Satna,Vellore,1598.850
Satna,Vijayawada,1164.429
Satna,Visakhapatnam,1132.672
Satna,Warangal,917.611
Saugor,Shillong,1754.570
Saugor,Shimla,1008.554
Saugor,Shivamogga,1471.776
Saugor,Sholapur,983.227
Saugor,Silchar,1829.272
Saugor,Siliguri,1246.575
Saugor,Sitapur,536.592
Saugor,Sonipat,700.271
Saugor,Srinagar,1428.352
Saugor,Surat,851.188
Saugor,Thanjavur,1780.913
Saugor,Thiruvananthapuram,2170.454
Saugor,Thrissur,1882.680
Saugor,Tiruchirappalli,1775.540
Saugor,Tirunelveli,2020.360
Saugor,Tirupati,1432.627
Saugor,Tiruppur,1746.518
Saugor,Tumkur,1443.275
Saugor,Udaipur,680.986
Saugor,Udupi,1582.561
Saugor,Ujjain,411.146
Saugor,Vadodara,737.783
Saugor,Varanasi,579.282
Saugor,Vellore,1510.104
Saugor,Vijayawada,1075.684
Saugor,Visakhapatnam,1092.303
Saugor,Warangal,828.865
Shillong,Shimla,2185.122
Shillong,Shivamogga,2610.327
Shillong,Sholapur,2404.624
Shillong,Silchar,205.385
Shillong,Siliguri,511.689
Shillong,Sitapur,1460.154
Shillong,Sonipat,1897.144
Shillong,Srinagar,2604.512
Shillong,Surat,2540.988
Shillong,Thanjavur,2659.495
Shillong,Thiruvananthapuram,3102.562
Shillong,Thrissur,2859.909
Shillong,Tiruchirappalli,2654.122
Shillong,Tirunelveli,2952.468
Shillong,Tirupati,2293.979
Shillong,Tiruppur,2703.562
Shillong,Tumkur,2491.827
Shillong,Udaipur,2293.120
Shillong,Udupi,2755.950
Shillong,Ujjain,2166.616
Shillong,Vadodara,2484.881
Shillong,Varanasi,1177.887
Shillong,Vellore,2396.311
Shillong,Vijayawada,1866.667
Shillong,Visakhapatnam,1536.263
Shillong,Warangal,2018.236
Shimla,Shivamogga,2259.636
Shimla,Sholapur,1802.325
Shimla,Silchar,2350.713
Shimla,Siliguri,1672.386
Shimla,Sitapur,733.528
Shimla,Sonipat,304.656
Shimla,Srinagar,645.363
Shimla,Surat,1428.247
Shimla,Thanjavur,2763.493
Shimla,Thiruvananthapuram,2989.146
Shimla,Thrissur,2708.068
Shimla,Tiruchirappalli,2716.481
Shimla,Tirunelveli,2951.811
Shimla,Tirupati,2423.512
Shimla,Tiruppur,2677.970
Shimla,Tumkur,2319.651
Shimla,Udaipur,962.047
Shimla,Udupi,2358.475
Shimla,Ujjain,1032.304
Shimla,Vadodara,1292.325
Shimla,Varanasi,1100.722
Shimla,Vellore,2536.660
Shimla,Vijayawada,2171.363
Shimla,Visakhapatnam,2071.122
Shimla,Warangal,1924.544
Shivamogga,Sholapur,488.032
Shivamogga,Silchar,2584.771
Shivamogga,Siliguri,2445.671
Shivamogga,Sitapur,2008.995
Shivamogga,Sonipat,1942.888
Shivamogga,Srinagar,2669.654
Shivamogga,Surat,1070.601
Shivamogga,Thanjavur,659.139
Shivamogga,Thiruvananthapuram,820.702
Shivamogga,Thrissur,539.624
Shivamogga,Tiruchirappalli,612.127
Shivamogga,Tirunelveli,847.458
Shivamogga,Tirupati,504.846
Shivamogga,Tiruppur,460.423
Shivamogga,Tumkur,212.791
Shivamogga,Udaipur,1491.390
Shivamogga,Udupi,146.918
Shivamogga,Ujjain,1228.361
Shivamogga,Vadodara,1194.083
Shivamogga,Varanasi,1875.457
Shivamogga,Vellore,479.780
Shivamogga,Vijayawada,740.749
Shivamogga,Visakhapatnam,1081.466
Shivamogga,Warangal,753.284
Sholapur,Silchar,2383.251
Sholapur,Siliguri,2032.637
Sholapur,Sitapur,1521.304
Sholapur,Sonipat,1487.263
Sholapur,Srinagar,2214.030
Sholapur,Surat,614.976
Sholapur,Thanjavur,991.402
Sholapur,Thiruvananthapuram,1217.055
Sholapur,Thrissur,935.977
Sholapur,Tiruchirappalli,944.390
Sholapur,Tirunelveli,1179.721
Sholapur,Tirupati,740.881
Sholapur,Tiruppur,905.879
Sholapur,Tumkur,547.560
Sholapur,Udaipur,1035.765
Sholapur,Udupi,598.330
Sholapur,Ujjain,772.736
Sholapur,Vadodara,738.458
Sholapur,Varanasi,1387.767
Sholapur,Vellore,764.569
Sholapur,Vijayawada,594.192
Sholapur,Visakhapatnam,879.947
Sholapur,Warangal,450.288
Silchar,Siliguri,715.743
Silchar,Sitapur,1664.208
Silchar,Sonipat,2089.616
Silchar,Srinagar,2796.984
Silchar,Surat,2517.653
Silchar,Thanjavur,2636.160
Silchar,Thiruvananthapuram,3079.227
Silchar,Thrissur,2836.573
Silchar,Tiruchirappalli,2630.787
Silchar,Tirunelveli,2929.133
Silchar,Tirupati,2270.644
Silchar,Tiruppur,2680.227
Silchar,Tumkur,2468.492
Silchar,Udaipur,2410.232
Silchar,Udupi,2732.615
Silchar,Ujjain,2233.492
Silchar,Vadodara,2500.113
Silchar,Varanasi,1277.512
Silchar,Vellore,2372.975
Silchar,Vijayawada,1843.331
Silchar,Visakhapatnam,1512.928
Silchar,Warangal,1994.901
Siliguri,Sitapur,950.444
Siliguri,Sonipat,1387.434
Siliguri,Srinagar,2094.802
Siliguri,Surat,2027.557
Siliguri,Thanjavur,2498.671
Siliguri,Thiruvananthapuram,2941.738
Siliguri,Thrissur,2699.084
Siliguri,Tiruchirappalli,2493.298
Siliguri,Tirunelveli,2791.644
Siliguri,Tirupati,2133.155
Siliguri,Tiruppur,2542.738
Siliguri,Tumkur,2331.003
Siliguri,Udaipur,1783.410
Siliguri,Udupi,2595.126
Siliguri,Ujjain,1656.906
Siliguri,Vadodara,1975.171
Siliguri,Varanasi,668.177
Siliguri,Vellore,2235.486
Siliguri,Vijayawada,1705.842
Siliguri,Visakhapatnam,1375.438
Siliguri,Warangal,1750.624
Sitapur,Sonipat,448.904
Sitapur,Srinagar,1156.273
Sitapur,Surat,1335.029
Sitapur,Thanjavur,2291.013
Sitapur,Thiruvananthapuram,2680.554
Sitapur,Thrissur,2392.780
Sitapur,Tiruchirappalli,2285.640
Sitapur,Tirunelveli,2530.460
Sitapur,Tirupati,1942.726
Sitapur,Tiruppur,2256.619
Sitapur,Tumkur,1953.376
Sitapur,Udaipur,942.927
Sitapur,Udupi,2146.448
Sitapur,Ujjain,849.383
Sitapur,Vadodara,1199.108
Sitapur,Varanasi,381.369
Sitapur,Vellore,2020.204
Sitapur,Vijayawada,1585.784
Sitapur,Visakhapatnam,1470.489
Sitapur,Warangal,1338.965
Sonipat,Srinagar,752.072
Sonipat,Surat,1132.079
Sonipat,Thanjavur,2467.325
Sonipat,Thiruvananthapuram,2692.978
Sonipat,Thrissur,2411.900
Sonipat,Tiruchirappalli,2420.313
Sonipat,Tirunelveli,2655.644
Sonipat,Tirupati,2127.344
Sonipat,Tiruppur,2381.802
Sonipat,Tumkur,2023.483
Sonipat,Udaipur,694.937
Sonipat,Udupi,2062.307
Sonipat,Ujjain,736.137
Sonipat,Vadodara,996.158
Sonipat,Varanasi,816.566
Sonipat,Vellore,2240.492
Sonipat,Vijayawada,1772.261
Sonipat,Visakhapatnam,1774.782
Sonipat,Warangal,1525.443
Srinagar,Surat,1957.949
Srinagar,Thanjavur,3293.195
Srinagar,Thiruvananthapuram,3518.847
Srinagar,Thrissur,3237.770
Srinagar,Tiruchirappalli,3246.182
Srinagar,Tirunelveli,3481.514
Srinagar,Tirupati,2953.214
Srinagar,Tiruppur,3207.672
Srinagar,Tumkur,2849.353
Srinagar,Udaipur,1477.034
Srinagar,Udupi,2888.177
Srinagar,Ujjain,1562.006
Srinagar,Vadodara,1822.027
Srinagar,Varanasi,1646.546
Srinagar,Vellore,3066.361
Srinagar,Vijayawada,2701.065
Srinagar,Visakhapatnam,2625.972
Srinagar,Warangal,2454.247
Surat,Thanjavur,1576.435
Surat,Thiruvananthapuram,1802.087
Surat,Thrissur,1521.010
Surat,Tiruchirappalli,1529.422
Surat,Tirunelveli,1764.754
Surat,Tirupati,1325.913
Surat,Tiruppur,1490.912
Surat,Tumkur,1132.593
Surat,Udaipur,439.391
Surat,Udupi,1107.124
Surat,Ujjain,484.125
Surat,Vadodara,140.749
Surat,Varanasi,1382.223
Surat,Vellore,1349.601
Surat,Vijayawada,1187.117
Surat,Visakhapatnam,1448.785
Surat,Warangal,956.590
Thanjavur,Thiruvananthapuram,484.030
Thanjavur,Thrissur,362.291
Thanjavur,Tiruchirappalli,55.573
Thanjavur,Tirunelveli,333.936
Thanjavur,Tirupati,383.630
Thanjavur,Tiruppur,242.849
Thanjavur,Tumkur,449.214
Thanjavur,Udaipur,1999.485
Thanjavur,Udupi,720.596
Thanjavur,Ujjain,1736.457
Thanjavur,Vadodara,1702.178
Thanjavur,Varanasi,2139.270
Thanjavur,Vellore,275.055
Thanjavur,Vijayawada,793.590
Thanjavur,Visakhapatnam,1134.306
Thanjavur,Warangal,966.938
Thiruvananthapuram,Thrissur,279.429
Thiruvananthapuram,Tiruchirappalli,474.921
Thiruvananthapuram,Tirunelveli,149.271
Thiruvananthapuram,Tirupati,771.181
Thiruvananthapuram,Tiruppur,423.043
Thiruvananthapuram,Tumkur,744.701
Thiruvananthapuram,Udaipur,2219.544
Thiruvananthapuram,Udupi,671.451
Thiruvananthapuram,Ujjain,1956.516
Thiruvananthapuram,Vadodara,1922.237
Thiruvananthapuram,Varanasi,2483.587
Thiruvananthapuram,Vellore,740.355
Thiruvananthapuram,Vijayawada,1181.141
Thiruvananthapuram,Visakhapatnam,1521.858
Thiruvananthapuram,Warangal,1354.493
Thrissur,Tiruchirappalli,309.298
Thrissur,Tirunelveli,331.882
Thrissur,Tirupati,567.280
Thrissur,Tiruppur,166.549
Thrissur,Tumkur,420.056
Thrissur,Udaipur,1941.478
Thrissur,Udupi,409.828
Thrissur,Ujjain,1678.450
Thrissur,Vadodara,1644.171
Thrissur,Varanasi,2235.671
Thrissur,Vellore,498.843
Thrissur,Vijayawada,977.241
Thrissur,Visakhapatnam,1317.957
Thrissur,Warangal,1124.020
Tiruchirappalli,Tirunelveli,284.983
Tiruchirappalli,Tirupati,374.548
Tiruchirappalli,Tiruppur,194.496
Tiruchirappalli,Tumkur,398.621
Tiruchirappalli,Udaipur,1948.892
Tiruchirappalli,Udupi,670.003
Tiruchirappalli,Ujjain,1685.863
Tiruchirappalli,Vadodara,1651.585
Tiruchirappalli,Varanasi,2130.189
Tiruchirappalli,Vellore,265.973
Tiruchirappalli,Vijayawada,784.509
Tiruchirappalli,Visakhapatnam,1125.225
Tiruchirappalli,Warangal,957.857
Tirunelveli,Tirupati,658.996
Tirunelveli,Tiruppur,310.858
Tirunelveli,Tumkur,632.516
Tirunelveli,Udaipur,2182.787
Tirunelveli,Udupi,728.312
Tirunelveli,Ujjain,1919.759
Tirunelveli,Vadodara,1885.480
Tirunelveli,Varanasi,2371.402
Tirunelveli,Vellore,601.713
Tirunelveli,Vijayawada,1068.956
Tirunelveli,Visakhapatnam,1409.672
Tirunelveli,Warangal,1242.307
Tirupati,Tiruppur,414.957
Tirupati,Tumkur,292.374
Tirupati,Udaipur,1744.811
Tirupati,Udupi,648.226
Tirupati,Ujjain,1385.228
Tirupati,Vadodara,1447.504
Tirupati,Varanasi,1791.816
Tirupati,Vellore,107.706
Tirupati,Vijayawada,415.392
Tirupati,Visakhapatnam,756.108
Tirupati,Warangal,607.132
Tiruppur,Tumkur,359.381
Tiruppur,Udaipur,1909.652
Tiruppur,Udupi,491.200
Tiruppur,Ujjain,1646.624
Tiruppur,Vadodara,1612.345
Tiruppur,Varanasi,2098.266
Tiruppur,Vellore,342.421
Tiruppur,Vijayawada,820.819
Tiruppur,Visakhapatnam,1161.535
Tiruppur,Warangal,967.598
Tumkur,Udaipur,1551.745
Tumkur,Udupi,344.156
Tumkur,Ujjain,1288.717
Tumkur,Vadodara,1254.438
Tumkur,Varanasi,1794.475
Tumkur,Vellore,266.089
Tumkur,Vijayawada,628.696
Tumkur,Visakhapatnam,969.412
Tumkur,Warangal,698.324
Udaipur,Udupi,1530.784
Udaipur,Ujjain,385.790
Udaipur,Vadodara,308.873
Udaipur,Varanasi,1136.693
Udaipur,Vellore,1773.261
Udaipur,Vijayawada,1495.307
Udaipur,Visakhapatnam,1685.608
Udaipur,Warangal,1270.631
Udupi,Ujjain,1329.376
Udupi,Vadodara,1230.696
Udupi,Varanasi,1985.991
Udupi,Vellore,610.172
Udupi,Vijayawada,886.219
Udupi,Visakhapatnam,1226.935
Udupi,Warangal,898.754
Ujjain,Vadodara,348.869
Ujjain,Varanasi,989.728
Ujjain,Vellore,1504.940
Ujjain,Vijayawada,1126.383
Ujjain,Visakhapatnam,1305.908
Ujjain,Warangal,927.747
Vadodara,Varanasi,1329.748
Vadodara,Vellore,1476.642
Vadodara,Vijayawada,1256.427
Vadodara,Visakhapatnam,1523.946
Vadodara,Warangal,1031.751
Varanasi,Vellore,1861.508
Varanasi,Vijayawada,1427.087
Varanasi,Visakhapatnam,1077.839
Varanasi,Warangal,1180.269
Vellore,Vijayawada,519.149
Vellore,Visakhapatnam,859.865
Vellore,Warangal,692.498
Vijayawada,Visakhapatnam,341.720
Vijayawada,Warangal,250.292
Visakhapatnam,Warangal,493.087
