city,state,lat,lon,population
Mumbai,Maharashtra,19.07283,72.88261,12691836
Delhi,Delhi,28.65195,77.23149,11034555
Bengaluru,Karnataka,12.97194,77.59369,8495492
Hyderabad,Telangana,17.38405,78.45636,6993262
Ahmedabad,Gujarat,23.02579,72.58727,6357693
Chennai,Tamil Nadu,13.08784,80.27847,4681087
Kolkata,West Bengal,22.56263,88.36304,4631392
Surat,Gujarat,21.19594,72.83023,4591246
Pune,Maharashtra,18.51957,73.85535,3124458
Jaipur,Rajasthan,26.91962,75.78781,3046163
Kanpur,Uttar Pradesh,26.46523,80.34975,2823249
Navi Mumbai,Maharashtra,19.03681,73.01582,2600000
Lucknow,Uttar Pradesh,26.83928,80.92313,2472011
Nagpur,Maharashtra,21.14631,79.08491,2405665
Coimbatore,Tamil Nadu,11.00555,76.96612,2136916
Indore,Madhya Pradesh,22.71792,75.8333,1994397
Thane,Maharashtra,19.19704,72.96355,1841488
Vadodara,Gujarat,22.29941,73.20812,1822221
Bhopal,Madhya Pradesh,23.25469,77.40289,1798218
Rasapudipalem,Andhra Pradesh,17.73308,83.31622,1728128
Pimpri-Chinchwad,Maharashtra,18.61867,73.80375,1727692
Patna,Bihar,25.59408,85.13563,1684297
Kallakurichi,Tamil Nadu,11.73379,78.95925,1682687
Ludhiana,Punjab,30.91204,75.85379,1618879
Nashik,Maharashtra,19.99727,73.79096,1486053
Madurai,Tamil Nadu,9.919,78.11953,1465625
Tirunelveli,Tamil Nadu,8.72742,77.6838,1435844
Agra,Uttar Pradesh,27.18333,78.01667,1430055
Faridabad,Haryana,28.41124,77.31316,1414050
Rajkot,Gujarat,22.29161,70.79322,1390640
Najafgarh,Delhi,28.60922,76.97982,1365000
Jamshedpur,Jharkhand,22.80278,86.18545,1339438
Pimpri,Maharashtra,18.62292,73.80696,1284606
Kalyan,Maharashtra,19.2437,73.13554,1262255
Dombivali,Maharashtra,19.21667,73.08333,1247327
Meerut,Uttar Pradesh,28.98002,77.70636,1223184
Virar,Maharashtra,19.45591,72.81136,1222390
Nowrangapur,Odisha,19.23114,82.54826,1220946
Srinagar,Jammu and Kashmir,34.08565,74.80555,1206419
Ghaziabad,Uttar Pradesh,28.66535,77.43915,1199191
Dhanbad,Jharkhand,23.79759,86.42992,1196214
Aurangabad,Maharashtra,19.87757,75.34226,1175116
Varanasi,Uttar Pradesh,25.31668,83.01041,1164404
Amritsar,Punjab,31.62234,74.87534,1159227
Vijayawada,Andhra Pradesh,16.50745,80.6466,1143232
Ranchi,Jharkhand,23.34316,85.3094,1120374
Jabalpur,Madhya Pradesh,23.16697,79.95006,1081677
Prayagraj,Uttar Pradesh,25.44478,81.84322,1073438
Visakhapatnam,Andhra Pradesh,17.68009,83.20161,1063178
Jodhpur,Rajasthan,26.26841,73.00594,1056191
Gwalior,Madhya Pradesh,26.22983,78.17337,1054420
Teni,Tamil Nadu,10.01115,77.47772,1034724
Howrah,West Bengal,22.57688,88.31857,1027672
Raipur,Chhattisgarh,21.23333,81.63333,1027264
Tiruchirappalli,Tamil Nadu,10.8155,78.69651,1022518
Kota,Rajasthan,25.18254,75.83907,1001694
Shivaji Nagar,Maharashtra,18.53017,73.85263,1000000
Sholapur,Maharashtra,17.67152,75.91044,997281
Chandigarh,Chandigarh,30.73629,76.7884,970602
Tiruppur,Tamil Nadu,11.11541,77.35456,963173
Guwahati,Assam,26.1844,91.7458,962334
Hubballi,Karnataka,15.34776,75.13378,943788
Mysuru,Karnataka,12.29791,76.63925,920550
Salem,Tamil Nadu,11.65376,78.15538,917414
Gurugram,Haryana,28.4601,77.02635,886519
Bhubaneswar,Odisha,20.27241,85.83385,885363
Bhiwandi,Maharashtra,19.30023,73.05881,874032
Jalandhar,Punjab,31.32556,75.57917,868929
Rohini,Delhi,28.74322,77.06778,860000
Kanayannur,Kerala,9.96667,76.26667,851406
Bhayandar,Maharashtra,19.30157,72.85107,809378
Narela,Delhi,28.85267,77.09288,800000
Thiruvananthapuram,Kerala,8.4855,76.94924,788271
Aligarh,Uttar Pradesh,27.88145,78.07464,753207
Bareilly,Uttar Pradesh,28.36678,79.43167,745435
Moradabad,Uttar Pradesh,28.83893,78.77684,721139
Warangal,Telangana,18.0,79.58333,704570
Dharavi,Maharashtra,19.05,72.86667,700000
Gorakhpur,Uttar Pradesh,26.76628,83.36889,674246
Guntur,Andhra Pradesh,16.29974,80.45729,670073
Puducherry,Puducherry,11.93381,79.82979,657209
Jajmau,Uttar Pradesh,26.4304,80.4095,652831
Amravati,Maharashtra,20.93333,77.75,647057
Bikaner,Rajasthan,28.01762,73.31495,644406
Kochi,Kerala,9.93988,76.26022,633553
Bhilai,Chhattisgarh,21.20919,81.4285,627734
Cuttack,Odisha,20.46497,85.87927,610189
Borivli,Maharashtra,19.23496,72.85976,609617
Bhavnagar,Gujarat,21.76287,72.15331,605882
Sangli,Maharashtra,16.85438,74.56417,601214
Jamnagar,Gujarat,22.47292,70.06673,600943
Jammu,Jammu and Kashmir,32.73528,74.86167,576198
Bokaro,Jharkhand,23.66934,86.15161,564319
Nanded,Maharashtra,19.16023,77.31497,550564
Kozhikode,Kerala,11.24802,75.7804,550440
Kolhapur,Maharashtra,16.69563,74.23167,549236
Nellore,Andhra Pradesh,14.44992,79.98697,547621
Kalaburagi,Karnataka,17.33583,76.83757,543147
Ajmer,Rajasthan,26.4521,74.63867,542321
Dehradun,Uttarakhand,30.32443,78.03392,522081
Erode,Tamil Nadu,11.3428,77.72741,521891
Durgapur,West Bengal,23.51583,87.30801,518872
Ulhasnagar,Maharashtra,19.21667,73.15,516584
Loni,Uttar Pradesh,28.75143,77.29023,516082
Siliguri,West Bengal,26.71004,88.42851,515574
Ujjain,Madhya Pradesh,23.18239,75.77643,515215
Bilimora,Gujarat,20.76957,72.96134,510879
Karol Bagh,Delhi,28.65136,77.19072,505241
Asansol,West Bengal,23.68333,86.98333,504271
Mangaluru,Karnataka,12.91723,74.85603,499487
Belagavi,Karnataka,15.85212,74.50447,490045
Saharanpur,Uttar Pradesh,29.9679,77.54522,484873
Vellore,Tamil Nadu,12.9184,79.13255,484690
Bhatpara,West Bengal,22.86643,88.40113,483129
Malegaon,Maharashtra,20.54966,74.53462,481228
Modinagar,Uttar Pradesh,28.83059,77.57295,475843
Gaya,Bihar,24.79686,85.00385,474093
Ambattur,Tamil Nadu,13.09818,80.16152,466205
Jalgaon,Maharashtra,21.00292,75.56602,460228
Kurnool,Andhra Pradesh,15.82887,78.03602,460184
Ramgundam,Telangana,18.80084,79.45206,452261
Udaipur,Rajasthan,24.58584,73.71346,451100
Maheshtala,West Bengal,22.50862,88.25322,448317
Patiala,Punjab,30.33625,76.3922,446246
Shyamnagar,West Bengal,22.83333,88.36667,441956
Davangere,Karnataka,14.46693,75.92694,435128
Akola,Maharashtra,20.70957,76.9981,428857
Rajpur Sonarpur,West Bengal,22.4382,88.43205,424368
Korba,Chhattisgarh,22.3458,82.69633,419146
Jhansi,Uttar Pradesh,25.45887,78.57994,412927
Thoothukudi,Tamil Nadu,8.76735,78.13425,410760
Ballari,Karnataka,15.14205,76.92398,410445
Bhagalpur,Bihar,25.24446,86.97183,400146
Agartala,Tripura,23.83605,91.27939,400004
Kakinada,Andhra Pradesh,16.96036,82.23809,384182
Latur,Maharashtra,18.39721,76.56784,382940
Panihati,West Bengal,22.69089,88.37404,378705
Rajamahendravaram,Andhra Pradesh,17.00517,81.77784,376333
Dhule,Maharashtra,20.9013,74.77737,375559
Rohtak,Haryana,28.89447,76.58917,374292
Ahilyanagar,Maharashtra,19.09457,74.73843,367140
Kollam,Kerala,8.88113,76.58469,367107
Bilaspur,Chhattisgarh,22.08005,82.15543,365579
Bhilwara,Rajasthan,25.34707,74.64081,359483
Brahmapur,Odisha,19.31151,84.7929,356598
Muzaffarpur,Bihar,26.12259,85.39055,354462
Punasa,Madhya Pradesh,22.23507,76.39335,350000
Muzaffarnagar,Uttar Pradesh,29.47091,77.70332,349706
Avadi,Tamil Nadu,13.1147,80.10981,345996
Kadapa,Andhra Pradesh,14.47995,78.82346,344893
Kukatpally,Telangana,17.48486,78.41376,341709
Kamarhati,West Bengal,22.67111,88.37472,332965
Mathura,Uttar Pradesh,27.5035,77.67215,330511
Chanda,Maharashtra,19.95076,79.29523,328351
Vijayapura,Karnataka,16.82442,75.71537,327427
Shivamogga,Karnataka,13.93157,75.56791,322650
Alwar,Rajasthan,27.56246,76.625,322568
Shahjanpur,Uttar Pradesh,27.88165,79.90918,320434
Junagadh,Gujarat,21.51966,70.45981,319462
New Delhi,Delhi,28.62137,77.2148,317797
Thrissur,Kerala,10.51667,76.21667,315957
Nizamabad,Telangana,18.67154,78.0988,311152
Tumkur,Karnataka,13.34136,77.1022,307359
Parbhani,Maharashtra,19.26855,76.77081,307170
Hisar,Haryana,29.15394,75.72294,307024
Firozabad,Uttar Pradesh,27.15092,78.39781,306409
Kulti,West Bengal,23.73166,86.84372,305405
Karnal,Haryana,29.69197,76.98448,302140
Barddhaman,West Bengal,23.25572,87.85691,301725
Gundupalaiyam,Puducherry,11.94096,79.80294,300104
Barasat,West Bengal,22.72154,88.48198,298127
Mulugu,Telangana,18.191,79.943,297671
Bihar Sharif,Bihar,25.20084,85.52389,297268
Bali,West Bengal,22.64859,88.34115,296973
Rampur,Uttar Pradesh,28.81014,79.02699,296418
Darbhanga,Bihar,26.15216,85.89707,296039
Panipat,Haryana,29.38747,76.96825,295970
Tirupati,Andhra Pradesh,13.63551,79.41989,295323
Greater Noida,Uttar Pradesh,28.49615,77.53601,293908
Noida,Uttar Pradesh,28.58,77.33,293908
Aizawl,Mizoram,23.72894,92.71791,293416
Gandhinagar,Gujarat,23.21667,72.68333,292797
Dindigul,Tamil Nadu,10.36896,77.98036,292512
Thanjavur,Tamil Nadu,10.78523,79.13909,291067
Karimnagar,Telangana,18.43915,79.12856,289821
Dewas,Madhya Pradesh,22.96585,76.05526,289550
Sonipat,Haryana,28.99478,77.01937,289333
Ichalkaranji,Maharashtra,16.69117,74.46054,287353
Bathinda,Punjab,30.20747,74.93893,285788
Jalna,Maharashtra,19.84102,75.88636,285577
Kirari Sulemannagar,Delhi,28.69736,77.0648,283211
Satna,Madhya Pradesh,24.57726,80.82719,282977
Purnia,Bihar,25.77895,87.47422,282248
Imphal,Manipur,24.80805,93.9442,277196
Saugor,Madhya Pradesh,23.83877,78.73874,274556
Kushinagar,Uttar Pradesh,26.74134,83.88689,274403
Rourkela,Odisha,22.22496,84.86414,273317
Durg,Chhattisgarh,21.19147,81.27619,268806
Anantapur,Andhra Pradesh,14.67784,77.60813,267161
Ratlam,Madhya Pradesh,23.33033,75.04032,264914
Ranipet,Tamil Nadu,12.92471,79.33331,264330
Lal Bahadur Nagar,Telangana,17.34769,78.55757,261987
Arrah,Bihar,25.55629,84.66335,261430
Baranagar,West Bengal,22.64132,88.37727,260072
Gajuwaka,Andhra Pradesh,17.7,83.21667,258944
Etawah,Uttar Pradesh,26.77615,79.02133,257448
Ambarnath,Maharashtra,19.2,73.16667,253475
Naihati,West Bengal,22.89396,88.41521,253221
Bharatpur,Rajasthan,27.21731,77.49009,252838
Begusarai,Bihar,25.41853,86.13389,252008
Tiruvottiyur,Tamil Nadu,13.15823,80.30181,249446
Gandhidham,Gujarat,23.08333,70.13333,247992
Mau,Uttar Pradesh,25.94167,83.56111,246050
Sikar,Rajasthan,27.61206,75.13996,244497
Ramagundam,Telangana,18.755,79.474,242979
Hapur,Uttar Pradesh,28.72985,77.78068,242920
Farrukhabad,Uttar Pradesh,27.39134,79.5793,241152
Alappuzha,Kerala,9.49004,76.3264,240991
Katihar,Bihar,25.53852,87.57044,240838
Sri Ganganagar,Rajasthan,29.92009,73.87496,237780
Rewa,Madhya Pradesh,24.53256,81.29234,235654
Uluberiya,West Bengal,22.4756,88.09898,235345
Sivakasi,Tamil Nadu,9.44999,77.79797,234704
Karur,Tamil Nadu,10.95771,78.08095,234191
Raichur,Karnataka,16.20546,77.35567,234073
Pallavaram,Tamil Nadu,12.96796,80.15025,233984
Ooty,Tamil Nadu,11.4134,76.69521,233426
Pali,Rajasthan,25.77276,73.32335,230075
Hosur,Tamil Nadu,12.73647,77.83264,229528
Vizianagaram,Andhra Pradesh,18.11692,83.41148,228720
Shrirampur,West Bengal,22.75278,88.34222,226317
Quthbullapur,Telangana,17.50107,78.45818,225816
Nadiad,Gujarat,22.69385,72.86157,225071
Nagercoil,Tamil Nadu,8.17899,77.43227,224849
Karawalnagar,Delhi,28.72712,77.27047,224281
Mango,Jharkhand,22.8275,86.21639,223805
Murwara,Madhya Pradesh,23.83776,80.39405,221883
Kanchipuram,Tamil Nadu,12.83515,79.70006,221715
Singrauli,Madhya Pradesh,24.19973,82.67535,220257
Mirzapur,Uttar Pradesh,25.1449,82.56534,220029
Kharagpur,West Bengal,22.33971,87.32501,219665
Eluru,Andhra Pradesh,16.71311,81.10437,218020
Raniganj,Telangana,17.42841,78.49361,217910
Yamuna Nagar,Haryana,30.12796,77.28371,217071
Raurkela Industrial Township,Odisha,22.19994,84.86176,216410
Bidar,Karnataka,17.90802,77.51524,216020
Munger,Bihar,25.37459,86.47455,213303
Nandyal,Andhra Pradesh,15.47799,78.4836,211424
Panchkula,Haryana,30.69461,76.8504,211355
Burhanpur,Madhya Pradesh,21.30868,76.23026,210886
Morvi,Gujarat,22.81731,70.8377,210451
Anand,Gujarat,22.55251,72.9552,209410
Ongole,Andhra Pradesh,15.50357,80.04454,208344
Hosapete,Karnataka,15.26954,76.3871,206167
Nangloi Jat,Delhi,28.67957,77.06799,205596
Secunderabad,Telangana,17.50427,78.54263,204182
Deoghar,Jharkhand,24.48983,86.69902,203123
Chapra,Bihar,25.78031,84.74709,202352
Khandwa,Madhya Pradesh,21.82427,76.35086,200738
Puri,Odisha,19.79825,85.82494,200564
Morena,Madhya Pradesh,26.49892,77.99534,200482
Gyanpur,Uttar Pradesh,25.33268,82.46637,200000
Bulandshahr,Uttar Pradesh,28.40392,77.85773,198612
Bhind,Madhya Pradesh,26.56671,78.78728,197585
Bhalswa Jahangirpur,Delhi,28.73558,77.16682,197148
Khammam,Telangana,17.24767,80.14368,196283
Sambhal,Uttar Pradesh,28.58498,78.56959,196109
Bhiwani,Haryana,28.79304,76.13968,196057
Panvel,Maharashtra,18.98878,73.11013,195373
Ambala,Haryana,30.36099,76.79782,195153
Kumarapalayam,Tamil Nadu,11.44495,77.71102,195071
Machilipatnam,Andhra Pradesh,16.18747,81.13888,192827
Mahesana,Gujarat,23.59864,72.38472,190753
Mahbubnagar,Telangana,16.74385,77.98597,190400
Sambalpur,Odisha,21.46527,83.97573,189366
Bhusawal,Maharashtra,21.04365,75.78506,187421
Raebareli,Uttar Pradesh,26.2309,81.23315,186433
Haridwar,Uttarakhand,29.94791,78.16025,186079
Phusro,Jharkhand,23.75644,86.0051,185555
Adoni,Andhra Pradesh,15.62788,77.27495,184625
Sujangarh,Rajasthan,27.7,74.46667,183808
Sirsa,Haryana,29.53489,75.02898,182534
Dinapur Nizamat,Bihar,25.63847,85.05118,182429
Bahraigh,Uttar Pradesh,27.57429,81.59474,182218
Karaikkudi,Tamil Nadu,10.06615,78.76784,181851
Sultan Pur Majra,Delhi,28.68966,77.07648,181554
Guna,Madhya Pradesh,24.64691,77.3113,180935
Chandannagar,West Bengal,22.86225,88.36796,180623
Baharampur,West Bengal,24.10473,88.25155,180547
Shahuwadi,Maharashtra,16.90993,73.94654,180322
Madanapalle,Andhra Pradesh,13.5503,78.50288,180180
Shivpuri,Madhya Pradesh,25.42378,77.66223,179977
Surendranagar,Gujarat,22.72706,71.64856,179628
Neyveli,Tamil Nadu,11.60877,79.4994,179150
Silchar,Assam,24.82733,92.79787,178865
Proddatur,Andhra Pradesh,14.7502,78.54813,177797
Hugli,West Bengal,22.90877,88.39674,177005
Hashtsal,Delhi,28.63406,77.05771,176877
Amroha,Uttar Pradesh,28.90314,78.46984,176253
Chhindwara,Madhya Pradesh,22.05697,78.93958,175052
Tambaram,Tamil Nadu,12.9246,80.12707,174787
Bhetia,Jharkhand,22.79321,86.14098,174355
Pathankot,Punjab,32.27484,75.65287,174306
Badlapur,Maharashtra,19.15516,73.26553,174226
Cuddalore,Tamil Nadu,11.75617,79.76693,173636
Shimla,Himachal Pradesh,31.10442,77.16662,173503
Gadag-Betageri,Karnataka,15.4167,75.6167,172813
Gadag,Karnataka,15.42977,75.62971,172612
Veraval,Gujarat,20.9077,70.36786,171121
Navsari,Gujarat,20.94237,72.92467,171109
Bahadurgarh,Haryana,28.69287,76.93555,170767
Haldia,West Bengal,22.06046,88.10975,170695
Raiganj,West Bengal,25.61281,88.12449,170252
Malda,West Bengal,25.00447,88.14573,170039
Jaunpur,Uttar Pradesh,25.75356,82.68689,169572
Deoli,Delhi,28.50254,77.23117,169122
Bharuch,Gujarat,21.69482,72.9805,169007
Hoshiarpur,Punjab,31.53723,75.91269,168653
Jind,Haryana,29.31577,76.31502,167592
Kumbakonam,Tamil Nadu,10.96209,79.39124,167155
Mohali,Punjab,30.67995,76.72211,166864
Fatehpur,Uttar Pradesh,25.92774,80.81266,166480
Tonk,Rajasthan,26.16638,75.78824,165294
Udupi,Karnataka,13.33467,74.74617,165000
Thenali,Andhra Pradesh,16.24253,80.63982,164937
Sitapur,Uttar Pradesh,27.56192,80.68265,164435
Alandur,Tamil Nadu,13.0025,80.20611,164430
Bhadravati,Karnataka,13.84846,75.70502,163903
Vapi,Gujarat,20.37175,72.90493,163630
Moga,Punjab,30.81383,75.16878,163397
Raj-Nandgaon,Chhattisgarh,21.09687,81.0289,163114
Robertsonpet,Karnataka,12.95629,78.27539,162230
Unnao,Uttar Pradesh,26.54706,80.48781,161671
Budaun,Uttar Pradesh,28.03811,79.12668,161555
Madhyamgram,West Bengal,22.68944,88.44594,161126
Chittoor,Andhra Pradesh,13.21055,79.0956,160722
Jamuria,West Bengal,23.70468,87.07872,160242
Jaigaon,West Bengal,26.84766,89.37558,158664
Batala,Punjab,31.80921,75.20294,158621
Orai,Uttar Pradesh,25.99023,79.45334,158265
Saharsa,Bihar,25.87498,86.59611,156540
Vidisha,Madhya Pradesh,23.52604,77.81092,155951
Hanumangarh,Rajasthan,29.58182,74.32938,155687
Thanesar,Haryana,29.97323,76.83214,155152
Hassan,Karnataka,13.00715,76.0962,155006
Kishangarh,Rajasthan,26.59006,74.85397,154886
Dalupura,Delhi,28.6057,77.31901,154791
Rudrapur,Uttarakhand,28.98,79.4,154554
Nalgonda,Telangana,17.05439,79.26707,154326
Hazaribagh,Jharkhand,23.99241,85.36162,153595
Medinipur,West Bengal,22.42114,87.32257,153349
Balurghat,West Bengal,25.22099,88.77732,153279
Fyzabad,Uttar Pradesh,26.77549,82.15018,153047
Dinapore,Bihar,25.63705,85.04794,152940
Porbandar,Gujarat,21.64219,69.60929,152760
Banda,Uttar Pradesh,25.47758,80.33491,152218
Hindupur,Andhra Pradesh,13.82807,77.49143,151677
Beawar,Rajasthan,26.10119,74.32028,151152
Anantnag,Jammu and Kashmir,33.73068,75.15418,150592
Serilingampalle,Telangana,17.49313,78.30196,150525
Raigarh,Chhattisgarh,21.89764,83.3966,150019
Malkajgiri,Telangana,17.44781,78.52633,150000
Shantipur,West Bengal,23.24723,88.43302,149983
Bhuj,Gujarat,23.25397,69.66928,148834
Barakpur,West Bengal,22.76602,88.36336,148174
Hajipur,Bihar,25.68544,85.20981,147688
Sasaram,Bihar,24.94942,84.01645,147408
Bhimavaram,Andhra Pradesh,16.54078,81.52322,146961
Beed,Maharashtra,18.98921,75.75634,146709
Burari,Delhi,28.7557,77.19941,146190
Krishnanagar,West Bengal,23.40576,88.49073,145926
Chitradurga,Karnataka,14.22262,76.40038,145853
Dibrugarh,Assam,27.47989,94.90837,145488
Abohar,Punjab,30.14453,74.19552,145302
Tiruvannamalai,Tamil Nadu,12.22662,79.07461,145278
Kaithal,Haryana,29.80153,76.39959,144915
Balasore,Odisha,21.49266,86.93348,144373
Godhra,Gujarat,22.77547,73.61488,143644
Shillong,Meghalaya,25.56892,91.88313,143229
Rewari,Haryana,28.199,76.6183,143021
Basirhat City,West Bengal,22.66142,88.85477,143007
Chhatarpur,Madhya Pradesh,24.9177,79.58871,142128
Mandsaur,Madhya Pradesh,24.07184,75.06986,141667
Chas,Jharkhand,23.63556,86.16712,141640
Palanpur,Gujarat,24.17128,72.43827,141592
Lakhimpur,Uttar Pradesh,27.94822,80.77935,140223
Valsad,Gujarat,20.61013,72.93428,139764
Damoh,Madhya Pradesh,23.83312,79.4419,139561
Haldwani,Uttarakhand,29.22254,79.5286,139497
Habra,West Bengal,22.84202,88.65606,139297
Kolar,Karnataka,13.13768,78.12999,138462
Srikakulam,Andhra Pradesh,18.2989,83.89751,137944
Mandya,Karnataka,12.5223,76.89746,137358
Madhurampur Dehri,Bihar,24.96899,84.1964,137231
Kanchrapara,West Bengal,22.95998,88.42849,136954
Dimapur,Nagaland,25.91174,93.7217,135860
Maler Kotla,Punjab,30.5309,75.87949,135424
Siwan,Bihar,26.22096,84.35609,135066
Kalol,Gujarat,23.24656,72.49508,134426
Bankura,West Bengal,23.23241,87.0716,133966
Patan,Gujarat,23.8507,72.12963,133737
Gonda City,Uttar Pradesh,27.13181,81.95332,133583
Dhaulpur,Rajasthan,26.69286,77.87968,133075
Gondia,Maharashtra,21.46026,80.19205,132813
Palakkad,Kerala,10.77319,76.65366,132728
Bettiah,Bihar,26.80229,84.50311,132209
Palwal,Haryana,28.14469,77.32546,131926
Raniganj,West Bengal,23.6164,87.13061,131261
Etah,Uttar Pradesh,27.55879,78.65692,131023
Pilibhit,Uttar Pradesh,28.63124,79.80436,131008
Rajapalayam,Tamil Nadu,9.45296,77.55335,130442
Botad,Gujarat,22.16917,71.66671,130327
Deoria,Uttar Pradesh,26.50167,83.77936,129570
Nimach,Rajasthan,24.45949,74.86625,128561
Khardah,West Bengal,22.71861,88.37806,128346
Yavatmal,Maharashtra,20.39324,78.13201,128175
Halisahar,West Bengal,22.93218,88.41859,128172
Khanna,Punjab,30.70547,76.22196,128137
Titagarh,West Bengal,22.74252,88.37326,127751
Mustafabad,Delhi,28.71974,77.26781,127167
Hathras,Uttar Pradesh,27.59551,78.05201,126882
Jorhat,Assam,26.75751,94.20306,126736
Lalitpur,Uttar Pradesh,24.69007,78.41915,126475
Guntakal,Andhra Pradesh,15.17112,77.36244,126270
Pithampur,Madhya Pradesh,22.60197,75.69649,126200
Mothihari,Bihar,26.64862,84.91656,126158
Kanhangad,Kerala,12.30814,75.10632,125564
Jagdalpur,Chhattisgarh,19.08136,82.02131,125463
Jagadhri,Haryana,30.16719,77.30367,124894
Darjiling,West Bengal,27.03333,88.26667,123797
Kurichchi,Tamil Nadu,10.96085,76.97379,123667
Dam Dam,West Bengal,22.63341,88.42286,122719
Hardoi,Uttar Pradesh,27.39491,80.13165,122635
Puruliya,West Bengal,23.33062,86.36303,122533
Dharmavaram,Andhra Pradesh,14.41435,77.72035,121874
Gokalpur,Delhi,28.7029,77.28961,121870
Bhadreswar,West Bengal,22.82449,88.33841,121662
Nagaon,Assam,26.35,92.66667,121628
Vejalpur,Gujarat,22.69021,73.56299,121610
Chikmagalur,Karnataka,13.32231,75.774,121484
Bhadrak,Odisha,21.05447,86.5156,121338
Sawai Madhopur,Rajasthan,26.02301,76.34408,121106
Ambikapur,Chhattisgarh,23.11892,83.19537,121071
Mandoli,Delhi,28.70275,77.30995,120417
Satara,Maharashtra,17.68589,73.99333,120195
Churu,Rajasthan,28.30415,74.96718,120157
Gangapur,Rajasthan,26.47249,76.71744,120115
Madhavaram,Tamil Nadu,13.14819,80.2314,119105
Dohad,Gujarat,22.83283,74.25986,118846
Barshi,Maharashtra,18.23454,75.69275,118722
Adilabad,Telangana,19.67203,78.5359,118526
Jhunjhunun,Rajasthan,28.12559,75.39797,118473
Jetpur,Gujarat,21.75482,70.62347,118302
Uppal Kalan,Telangana,17.40577,78.55911,118259
Gudivada,Andhra Pradesh,16.43547,80.99555,118167
Baran,Rajasthan,25.1,76.51667,117992
Narmadapuram,Madhya Pradesh,22.74747,77.72736,117988
Amreli,Gujarat,21.59983,71.21169,117967
Pudukkottai,Tamil Nadu,10.38128,78.82141,117630
Narasaraopet,Andhra Pradesh,16.23488,80.04927,117489
Rishra,West Bengal,22.72394,88.34563,117014
Baripada,Odisha,21.93458,86.72852,116849
Muktsar,Punjab,30.47426,74.5166,116747
Azamgarh,Uttar Pradesh,26.06832,83.18358,116644
Barnala,Punjab,30.37451,75.5487,116449
Yelahanka,Karnataka,13.10073,77.59632,116447
Chittorgarh,Rajasthan,24.88963,74.62403,116406
Tinsukia,Assam,27.48905,95.35992,116322
Khargone,Madhya Pradesh,21.82292,75.61394,116150
Baidyabati,West Bengal,22.78498,88.32586,115504
Basti,Uttar Pradesh,26.78817,82.71617,115115
Gangavati,Karnataka,15.4313,76.52933,114642
Ambur,Tamil Nadu,12.79163,78.71644,114608
Giridih,Jharkhand,24.18622,86.30875,114533
Wardha,Maharashtra,20.73933,78.59784,113759
Tadepalligudem,Andhra Pradesh,16.81467,81.52717,112655
Chanduasi,Uttar Pradesh,28.45178,78.78277,112635
Bagaha,Bihar,27.09918,84.09003,112634
Achalpur,Maharashtra,21.25665,77.51006,112311
Gondal,Gujarat,21.96074,70.80255,112197
Dharashiv,Maharashtra,18.18158,76.03889,112085
Port Blair,Andaman and Nicobar,11.66613,92.74635,112050
Bagalkot,Karnataka,16.18673,75.69614,111933
Suriapet,Telangana,17.14054,79.62045,111729
Bangaon,West Bengal,23.04553,88.83084,111693
Ashoknagar Kalyangarh,West Bengal,22.86416,88.63701,111475
Deesa,Gujarat,24.25612,72.17928,111160
Navadwip,West Bengal,23.4067,88.36861,111123
Nandurbar,Maharashtra,21.36671,74.24051,111037
Sultanpur,Uttar Pradesh,26.25788,82.07269,110368
Delhi Cantonment,Delhi,28.6,77.13333,110351
Firozpur,Punjab,30.92574,74.61311,110313
Pandit Deen Dayal Upadhyaya Nagar,Uttar Pradesh,25.28307,83.11968,109650
Sehore,Madhya Pradesh,23.2,77.08333,109118
Kanpur Cantonment,Uttar Pradesh,26.45942,80.37514,108534
Bansbaria,West Bengal,22.95387,88.40098,108474
Tadpatri,Andhra Pradesh,14.90832,78.01031,108171
Jalpaiguri,West Bengal,26.51667,88.73333,107832
Mangalagiri,Andhra Pradesh,16.43083,80.56815,107197
Ranebennur,Karnataka,14.62239,75.62951,106406
Khurja,Uttar Pradesh,28.25382,77.85535,105909
Kishanganj,Bihar,26.10224,87.95534,105782
Ponnani,Kerala,10.76695,75.92523,105512
Hindaun,Rajasthan,26.73411,77.03519,105452
Jamalpur,Bihar,25.31258,86.48888,105434
Nagaur,Rajasthan,27.20201,73.73394,105218
Ambala Sadar,Haryana,30.33544,76.86265,104974
Bhiwadi,Rajasthan,28.21024,76.86056,104921
Bundi,Rajasthan,25.43855,75.63735,104919
Miryalaguda,Telangana,16.8722,79.56247,104918
Soyibug,Jammu and Kashmir,34.07677,74.7057,104000
Jagtial,Telangana,18.79473,78.91661,103930
Roorkee,Uttarakhand,29.86632,77.89118,103894
Udgir,Maharashtra,18.39258,77.11756,103550
Nagda,Madhya Pradesh,23.45834,75.41759,103501
Betul,Madhya Pradesh,21.90056,77.90229,103330
Jahanabad,Bihar,25.21368,84.9871,103202
Kashipur,Uttarakhand,29.21399,78.95693,103138
Ghazipur,Uttar Pradesh,25.58333,83.58526,103095
Amaravati,Andhra Pradesh,16.514,80.516,103000
Nagapattinam,Tamil Nadu,10.76377,79.84313,102905
Buxar,Bihar,25.57548,83.98043,102861
Mormugao,Goa,15.38914,73.81491,102345
Seoni,Madhya Pradesh,22.08503,79.55037,102343
Aurangabad,Bihar,24.75204,84.3742,102244
Hinganghat,Maharashtra,20.54875,78.83978,101805
Dhamtari,Chhattisgarh,20.70718,81.54874,101677
Chilakalurupet,Andhra Pradesh,16.08987,80.16705,101398
Malappuram,Kerala,11.04199,76.08154,101386
Banswara,Rajasthan,23.54109,74.4425,101017
Chirmiri,Chhattisgarh,23.19073,82.35314,100800
Itarsi,Madhya Pradesh,22.61477,77.76222,100574
Vasco da Gama,Goa,15.39585,73.81568,100485
Gangtok,Sikkim,27.32574,88.61216,100286
Datia,Madhya Pradesh,25.67312,78.45908,100284
Phagwara,Punjab,31.22452,75.77387,100146
Airoli,Maharashtra,19.15096,72.99625,100000
Luckeesarai,Bihar,25.1765,86.0947,99979
Shikohabad,Uttar Pradesh,27.108,78.58661,99678
Kasganj,Uttar Pradesh,27.80882,78.64579,99462
Khambhat,Gujarat,22.31744,72.61916,99164
Kohima,Nagaland,25.67467,94.11099,99039
Pandharpur,Maharashtra,17.67924,75.33098,98923
Kapurthala Town,Punjab,31.38011,75.38105,98916
Mahuva,Gujarat,21.09007,71.76904,98519
Silvassa,Dadra and Nagar Haveli and Daman and Diu,20.27386,72.99673,98265
Balangir,Odisha,20.70419,83.49029,98238
Nawada,Bihar,24.8867,85.54364,98029
Bhilai Charoda,Chhattisgarh,21.22305,81.45609,98008
Shamli,Uttar Pradesh,29.4497,77.30959,97966
Jharsuguda,Odisha,21.85531,84.00698,97730
Sadatpur Gujran,Delhi,28.72834,77.24817,97641
Chalisgaon,Maharashtra,20.45781,75.01596,97551
Villupuram,Tamil Nadu,11.93975,79.49244,97380
Amalner,Maharashtra,21.03983,75.05887,97369
Tellicherry,Kerala,11.74811,75.4929,97201
Manjeri,Kerala,11.12018,76.11996,97102
Birgaon,Chhattisgarh,21.30758,81.62793,96294
Barmer,Rajasthan,25.74572,71.39211,96225
Puth Kalan,Delhi,28.7116,77.07887,96002
Kuniyamuttur,Tamil Nadu,10.96376,76.95254,95924
Sardarshahr,Rajasthan,28.44062,74.491,95911
Sanand,Gujarat,22.99227,72.38177,95890
Sahibganj,Jharkhand,25.24425,87.63481,95890
Paramagudi,Tamil Nadu,9.54633,78.5907,95579
Zerakpur,Punjab,30.65622,76.82093,95553
Tiruchengode,Tamil Nadu,11.38016,77.89444,95335
Closepet,Karnataka,12.72181,77.28149,95167
Emmiganur,Andhra Pradesh,15.77203,77.48345,95149
Vaniyambadi,Tamil Nadu,12.68162,78.62014,95061
Kovilpatti,Tamil Nadu,9.17167,77.86989,95057
Parli Vaijnath,Maharashtra,18.85057,76.53163,94863
Mainpuri,Uttar Pradesh,27.22857,79.02882,94619
Khamgaon,Maharashtra,20.70738,76.56827,94604
Makrana,Rajasthan,27.04361,74.72445,94487
Allinagaram,Tamil Nadu,10.02737,77.47815,94453
Gudiyatham,Tamil Nadu,12.94601,78.87377,93973
Dhar,Madhya Pradesh,22.59373,75.29774,93917
Baraut,Uttar Pradesh,29.10199,77.26334,93544
Kalyani,West Bengal,22.9757,88.4337,93184
Doddaballapura,Karnataka,13.29452,77.53777,93105
Chirala,Andhra Pradesh,15.82385,80.35219,92942
Akot,Maharashtra,21.0963,77.0588,92637
Fatehpur,Rajasthan,27.99486,74.95628,92595
Gharroli,Delhi,28.6167,77.33207,92540
Rajpura,Punjab,30.47856,76.59284,92301
Ballarpur,Maharashtra,19.84696,79.34578,92146
Kot Kapura,Punjab,30.58061,74.82609,91979
Bhandara,Maharashtra,21.16817,79.64885,91845
Molarband,Delhi,28.50295,77.31442,91402
Rayachoti,Andhra Pradesh,14.05723,78.75056,91234
Kadayanallur,Tamil Nadu,9.07277,77.34152,90364
Valparai,Tamil Nadu,10.32691,76.95116,90353
Pollachi,Tamil Nadu,10.65825,77.0085,90180
Kavali,Andhra Pradesh,14.9163,79.99449,90099
Roha,Maharashtra,18.43687,73.11964,90000
Mancherial,Telangana,18.87074,79.42863,89935
Avaniyapuram,Tamil Nadu,9.88179,78.11255,89635
Muradnagar,Uttar Pradesh,28.78069,77.49865,89482
Ankleshwar,Gujarat,21.63236,72.99001,89457
Kadiri,Andhra Pradesh,14.11168,78.15982,89429
Shahdol,Madhya Pradesh,23.29356,81.3619,89289
Shrirampur,Maharashtra,19.62201,74.65699,89282
Mahoba,Uttar Pradesh,25.2905,79.87533,89170
Ramgarh,Jharkhand,23.6303,85.52156,88781
Contai,West Bengal,21.77985,87.74892,88702
Sangrur,Punjab,30.24506,75.84488,88615
Nirmal,Telangana,19.09685,78.34407,88433
Deoband,Uttar Pradesh,29.69505,77.67964,88171
Neyyattinkara,Kerala,8.39854,77.08586,88104
Tanda,Uttar Pradesh,26.54953,82.65841,88073
Kolar,Madhya Pradesh,23.16478,77.41893,87882
Jhumri Telaiya,Jharkhand,24.4349,85.52951,87867
Aruppukkottai,Tamil Nadu,9.5096,78.09588,87722
Faridkot,Punjab,30.67399,74.75579,87695
Madgaon,Goa,15.27501,73.95786,87650
Velampalaiyam,Tamil Nadu,11.13764,77.31064,87427
Jamui,Bihar,24.92606,86.22531,87357
Anjar,Gujarat,23.11316,70.02671,87183
Paralakhemundi,Odisha,18.77619,84.09504,87152
Jharia,Jharkhand,23.74079,86.41456,86938
Karaikal,Puducherry,10.91667,79.83333,86838
Kamthi,Maharashtra,21.21615,79.1973,86793
Hansi,Haryana,29.10239,75.96253,86770
Mayiladuthurai,Tamil Nadu,11.10354,79.655,86660
Anakapalle,Andhra Pradesh,17.69134,83.00395,86519
Maduravoyal,Tamil Nadu,13.0675,80.1632,86195
Sarni,Madhya Pradesh,22.10317,78.17159,86141
Dausa,Rajasthan,26.89,76.33584,85960
Paradip Garh,Odisha,20.31641,86.6085,85868
Hingoli,Maharashtra,19.71464,77.14238,85103
Baruni,Bihar,25.47509,85.96813,84888
Jeypore,Odisha,18.8563,82.5716,84830
Bijnor,Uttar Pradesh,29.373,78.13636,84593
Dhoraji,Gujarat,21.73359,70.45004,84545
Virappanchathiram,Tamil Nadu,11.35314,77.71253,84453
Balaghat,Madhya Pradesh,21.8156,80.18845,84261
Udhampur,Jammu and Kashmir,32.92431,75.13573,84015
Najibabad,Uttar Pradesh,29.61194,78.34274,84006
Idaiyarpalaiyam,Tamil Nadu,11.03937,76.92369,83908
Harihar,Karnataka,14.51288,75.80716,83219
Chilla Soroda Bangar,Delhi,28.59572,77.30189,83217
Sirsilla,Telangana,18.38865,78.81048,83186
Karauli,Rajasthan,26.49831,77.02755,82960
Mansa,Punjab,29.98844,75.40167,82956
Jangipur,West Bengal,24.47001,88.07659,82548
Gobindgarh,Punjab,30.67089,76.30192,82266
Saunda,Jharkhand,23.66453,85.32694,81915
Maraimalainagar,Tamil Nadu,12.79782,80.02502,81872
Ashoknagar,Madhya Pradesh,24.57578,77.73123,81828
Phulwari Sharif,Bihar,25.57765,85.07246,81740
Mhow,Madhya Pradesh,22.5589,75.76543,81702
Malout,Punjab,30.21121,74.4818,81406
Kadi,Gujarat,23.29908,72.33362,81404
Vijalpor,Gujarat,20.92212,72.90945,81245
Palakollu,Andhra Pradesh,16.5167,81.73,81199
Himatnagar,Gujarat,23.59893,72.96602,81137
Dholka,Gujarat,22.72732,72.44128,80945
Kotkapura,Punjab,30.5819,74.83298,80741
Bargarh,Odisha,21.33348,83.61905,80625
Kharghar,Maharashtra,19.04979,73.07024,80612
Kairana,Uttar Pradesh,29.39541,77.2054,80432
Brajarajnagar,Odisha,21.81667,83.91667,80403
Kamareddi,Telangana,18.32001,78.34177,80315
Palwancha,Telangana,17.58152,80.67651,80199
Manmad,Maharashtra,20.25334,74.43755,80058
Srikalahasti,Andhra Pradesh,13.75514,79.70143,80056
Kottagudem,Telangana,17.55106,80.61779,79819
Nawabganj,Uttar Pradesh,26.93129,81.19841,79246
Gokak,Karnataka,16.16901,74.82393,79121
Tikamgarh,Madhya Pradesh,24.74327,78.83061,79106
Arakkonam,Tamil Nadu,13.08449,79.67053,79080
Araria,Bihar,26.14934,87.51323,79021
Koch Bihar,West Bengal,26.32539,89.44508,78737
Kharakvasla,Maharashtra,18.43997,73.77545,78684
Bhadohi,Uttar Pradesh,25.39526,82.5703,78568
Katoya,West Bengal,23.64558,88.13258,78408
Medininagar,Jharkhand,24.03971,84.0658,78396
Washim,Maharashtra,20.11128,77.133,78387
Bagbera,Jharkhand,22.75948,86.19049,78356
Savarkundla,Gujarat,21.33726,71.3035,78354
Basoda,Madhya Pradesh,23.85153,77.93652,78289
Tanuku,Andhra Pradesh,16.75438,81.68143,77962
Gurdaspur,Punjab,32.03933,75.40318,77928
Edattala,Kerala,10.05639,76.38451,77811
Bodhan,Telangana,18.66208,77.88581,77573
Balrampur,Uttar Pradesh,27.42949,82.18545,77396
Baramula,Jammu and Kashmir,34.209,74.34285,77276
Karwar,Karnataka,14.81361,74.12972,77139
Dhulian,West Bengal,24.68127,87.9535,77070
Rabkavi-Banhatti,Karnataka,16.47,75.12,77004
Mawana,Uttar Pradesh,29.10288,77.92199,76973
Shirpur,Maharashtra,21.34821,74.88035,76905
Budge Budge,West Bengal,22.48275,88.18176,76837
Kundla,Gujarat,21.34222,71.30633,76809
Visnagar,Gujarat,23.69855,72.5521,76753
Kannauj,Uttar Pradesh,27.05524,79.9188,76714
Khajoori Khas,Delhi,28.70958,77.2587,76640
Neelankarai,Tamil Nadu,12.9495,80.2592,76600
Nagina,Uttar Pradesh,29.44433,78.43646,76593
Badagara,Kerala,11.59776,75.58142,76493
Fazilka,Punjab,30.40207,74.02836,76492
Electronic City Phase I,Karnataka,12.85492,77.6633,76348
Ratnagiri,Maharashtra,16.99154,73.31022,76229
Keshod,Gujarat,21.30328,70.24861,76193
Konnagar,West Bengal,22.70508,88.34446,76082
Chintamani,Karnataka,13.40051,78.05172,76068
Pammal,Tamil Nadu,12.975,80.13472,75870
Sindhnur,Karnataka,15.76983,76.75581,75837
Madhubani,Bihar,26.35367,86.07169,75736
Bodinayakkanur,Tamil Nadu,10.01171,77.34976,75680
Khadki,Maharashtra,18.5635,73.85205,75654
Dhrangadhra,Gujarat,22.99167,71.46793,75578
Tezpur,Assam,26.63333,92.8,75540
Srivilliputhur,Tamil Nadu,9.51272,77.63369,75396
Benipur,Bihar,26.05509,86.14557,75317
Paloncha,Telangana,17.60184,80.70509,75224
Jaora,Madhya Pradesh,23.63783,75.12711,74907
Tura,Meghalaya,25.51421,90.20239,74858
Gudur,Andhra Pradesh,14.15093,79.8521,74851
Narnaul,Haryana,28.04444,76.10833,74581
Balotra,Rajasthan,25.83242,72.24,74496
Kharar,Punjab,30.74632,76.64689,74460
Yadgir,Karnataka,16.77007,77.13755,74294
Harda,Madhya Pradesh,22.34414,77.09536,74268
Pilkhua,Uttar Pradesh,28.71271,77.656,74212
Ambajogai,Maharashtra,18.73312,76.38616,74114
Kapas Herd,Delhi,28.52614,77.08396,74073
Bela,Uttar Pradesh,25.92058,81.99629,73992
Rabkavi,Karnataka,16.47567,75.1106,73835
Bawana,Delhi,28.7982,77.03431,73680
Shahabad,Uttar Pradesh,27.6431,79.9402,73606
Virudhachalam,Tamil Nadu,11.51497,79.32824,73585
Chandpur,Uttar Pradesh,29.13489,78.27187,73555
Kasipalaiyam,Tamil Nadu,11.31984,77.70971,73425
Sikandarabad,Uttar Pradesh,28.45226,77.70004,73379
Virudunagar,Tamil Nadu,9.58509,77.95787,73273
Pattukkottai,Tamil Nadu,10.42358,79.31949,73135
Pusad,Maharashtra,19.91274,77.57838,73046
Tindivanam,Tamil Nadu,12.234,79.65551,72796
Chopda,Maharashtra,21.24578,75.29946,72783
Taliparamba,Kerala,12.04161,75.35927,72465
Sangareddi,Telangana,17.62477,78.08669,72344
Palghar,Maharashtra,19.69693,72.76543,72335
Dharapuram,Tamil Nadu,10.73828,77.53223,72291
Payyanur,Kerala,12.0935,75.20249,72111
Sheopur,Madhya Pradesh,25.66472,76.69616,71951
Channapatna,Karnataka,12.65143,77.20672,71942
Koyilandy,Kerala,11.4381,75.69306,71873
Faridpur,Uttar Pradesh,28.20997,79.54149,71783
Barauni,Bihar,25.4709,85.976,71660
Krishnagiri,Tamil Nadu,12.51921,78.21382,71323
Sopur,Jammu and Kashmir,34.28671,74.47228,71292
Rayagada,Odisha,19.17132,83.41428,71208
Zahirabad,Telangana,17.68138,77.60743,71166
Khopoli,Maharashtra,18.78562,73.34589,71141
Ratangarh,Rajasthan,28.08137,74.61854,71124
Markapur,Andhra Pradesh,15.73534,79.26848,71092
Kalamassery,Kerala,10.0614,76.32631,71038
Bolpur,West Bengal,23.66278,87.69695,70998
Panjim,Goa,15.49574,73.82624,70991
Ranaghat,West Bengal,23.17623,88.56667,70984
Fatehabad,Haryana,29.51525,75.45554,70777
Bapatla,Andhra Pradesh,15.90422,80.46743,70777
Beypore,Kerala,11.17151,75.80611,70751
Koppal,Karnataka,15.34522,76.15478,70698
Badvel,Andhra Pradesh,14.7451,79.06288,70626
Dadri,Uttar Pradesh,28.55257,77.55403,70609
Thenkasi,Tamil Nadu,8.96003,77.31525,70545
Suratgarh,Rajasthan,29.3215,73.89979,70536
Auraiya,Uttar Pradesh,26.46517,79.50918,70508
Palani,Tamil Nadu,10.45034,77.5209,70467
Nallur,Tamil Nadu,11.1003,77.39136,70115
Chamrajnagar,Karnataka,11.92312,76.93949,69875
Mithepur,Delhi,28.4974,77.31856,69837
Mangrol,Gujarat,21.12268,70.11484,69779
Basavakalyan,Karnataka,17.87445,76.94972,69717
Pul Pehlad,Delhi,28.49938,77.29104,69657
Chaibasa,Jharkhand,22.55038,85.80249,69565
Tripunittura,Kerala,9.94283,76.33331,69390
Shajapur,Madhya Pradesh,23.42637,76.27775,69263
Mettupalayam,Tamil Nadu,11.29971,76.93485,69213
Sunam,Punjab,30.12883,75.79943,69069
Bhawanipatna,Odisha,19.90717,83.16697,69045
Ziauddin Pur,Delhi,28.70873,77.27654,68993
Jamkhandi,Karnataka,16.50461,75.29146,68938
Basmat,Maharashtra,19.32872,77.15746,68846
Taj Pul,Delhi,28.49482,77.30587,68796
Kayamkulam,Kerala,9.18173,76.50093,68634
Dharmapuri,Tamil Nadu,12.1277,78.15794,68619
Bisalpur,Uttar Pradesh,28.29253,79.80472,68355
Attili,Andhra Pradesh,16.7,81.6,68196
Cumbum,Tamil Nadu,9.73647,77.2847,68090
Munnar,Kerala,10.08818,77.06239,68000
Panipat Taraf Makhdum Zadgan,Haryana,29.41607,76.98831,67998
Nabha,Punjab,30.37577,76.15292,67972
Bihat,Bihar,25.42534,86.02083,67952
Samastipur,Bihar,25.86222,85.77953,67925
Karanja,Maharashtra,20.48273,77.48857,67907
Sitamarhi,Bihar,26.59357,85.4906,67818
Rajsamand,Rajasthan,25.07145,73.8798,67798
Malkapur,Maharashtra,20.88555,76.19932,67740
Modasa,Gujarat,23.46253,73.29857,67648
Jaisalmer,Rajasthan,26.91763,70.90387,67604
Buldana,Maharashtra,20.52933,76.18457,67431
Dhenkanal,Odisha,20.65744,85.59693,67414
Urun-Islampur,Maharashtra,17.05,74.26667,67391
Gopalganj,Bihar,26.46734,84.44041,67339
Bongaigaon,Assam,26.47703,90.55815,67322
Sangamner,Maharashtra,19.56784,74.21154,67309
Haveri,Karnataka,14.79354,75.40448,67102
Mannargudi,Tamil Nadu,10.66626,79.45064,66999
Jhalawar,Rajasthan,24.59633,76.16499,66919
Tarn Taran,Punjab,31.45191,74.92777,66847
Siddipet,Telangana,18.10483,78.84858,66737
Bellampalli,Telangana,19.05577,79.493,66660
Barbil,Odisha,22.10194,85.37752,66540
Koratla,Telangana,18.82154,78.71186,66504
Rishikesh,Uttarakhand,30.10778,78.29255,66390
Goyerkata,West Bengal,26.69984,89.02565,66358
Mandamarri,Telangana,18.96506,79.47475,66176
Puliyankudi,Tamil Nadu,9.17489,77.39799,66034
Palasa,Andhra Pradesh,18.77257,84.41012,65833
Gohana,Haryana,29.13777,76.70247,65708
Pulivendla,Andhra Pradesh,14.42139,78.22502,65706
Chengalpattu,Tamil Nadu,12.69184,79.97661,65689
Wadgaon Kolhati,Maharashtra,19.84307,75.236,65620
Ladnun,Rajasthan,27.65312,74.39993,65575
Supaul,Bihar,26.11527,86.59509,65437
Gangarampur,West Bengal,25.40138,88.52978,65316
Ramanathapuram,Tamil Nadu,9.37158,78.83077,65314
Jagraon,Punjab,30.78783,75.47391,65305
Sinnar,Maharashtra,19.84505,73.99866,65299
Kopargaon,Maharashtra,19.88239,74.47605,65273
Alipur Duar,West Bengal,26.4835,89.52286,65232
Tandur,Telangana,17.24849,77.57698,65115
Khatauli,Uttar Pradesh,29.27844,77.73302,64731
Viraraghavapuram,Tamil Nadu,13.07306,80.10778,64698
Siuri,West Bengal,23.90806,87.52773,64659
Bina,Madhya Pradesh,24.17161,78.18755,64529
Palitana,Gujarat,21.52519,71.82309,64497
Chaumu,Rajasthan,27.16955,75.72226,64417
Halol,Gujarat,22.50321,73.47242,64265
Kodar,Telangana,16.9985,79.9656,64234
Bangarda Chhota,Madhya Pradesh,22.74354,75.81448,64213
Tadepalle,Andhra Pradesh,16.48333,80.6,64149
Tirupattur,Tamil Nadu,12.49239,78.56804,64125
Chinnachowk,Andhra Pradesh,14.47516,78.8354,64053
Bishnupur,West Bengal,23.0738,87.31991,64041
Amur,Telangana,18.79284,78.27666,64023
Baheri,Uttar Pradesh,28.77416,79.4974,63953
Nawalgarh,Rajasthan,27.85161,75.27384,63948
Anaiyur,Tamil Nadu,9.96152,78.1118,63917
Kunnamkulam,Kerala,10.64667,76.06695,63903
Raghogarh,Madhya Pradesh,24.44318,77.19768,63873
Tohana,Haryana,29.71332,75.90441,63871
Jatani,Odisha,20.15975,85.70742,63697
Arni,Tamil Nadu,12.66771,79.28529,63671
Chik Ballapur,Karnataka,13.43512,77.72787,63652
Dhubri,Assam,26.01856,89.98564,63388
Borsad,Gujarat,22.40788,72.89817,63377
Gadwal,Telangana,16.23504,77.79556,63177
Piduguralla,Andhra Pradesh,16.47926,79.88632,63103
Sheikhpura,Bihar,25.13994,85.84096,62927
Sirsi,Karnataka,14.62072,74.83554,62882
Nipani,Maharashtra,16.399,74.38285,62865
Kannur,Kerala,11.86752,75.35763,62836
Bari,Rajasthan,26.64661,77.61634,62721
Nokha,Rajasthan,27.56155,73.47141,62699
Vinukonda,Andhra Pradesh,16.0531,79.73964,62550
Renukut,Uttar Pradesh,24.21641,83.0358,62413
Nagari,Andhra Pradesh,13.32139,79.58557,62253
Chidambaram,Tamil Nadu,11.39933,79.69144,62153
Dabwali,Haryana,29.94906,74.73832,62113
Sibsagar,Assam,26.98427,94.63784,62104
Narwana,Haryana,29.59903,76.11927,62090
Okha,Gujarat,22.46756,69.07002,62052
Nani Daman,Dadra and Nagar Haveli and Daman and Diu,20.41431,72.83236,62000
Kuchaman,Rajasthan,27.14745,74.85655,61969
Nimbahera,Rajasthan,24.62166,74.67999,61949
Siddhapur,Gujarat,23.91783,72.37212,61867
Diphu,Assam,25.84341,93.43116,61797
Attur,Tamil Nadu,11.59414,78.60143,61793
Rayadrug,Andhra Pradesh,14.69971,76.85241,61749
Rath,Uttar Pradesh,25.59474,79.5666,61728
Cheruvannur,Kerala,11.19033,75.82833,61614
Vriddhachalam,Tamil Nadu,11.5183,79.32411,61498
Barh,Bihar,25.48339,85.70928,61470
Shahada,Maharashtra,21.54538,74.47106,61376
Dabra,Madhya Pradesh,25.88572,78.33221,61277
Udumalaippettai,Tamil Nadu,10.58806,77.24779,61133
Tiptur,Karnataka,13.2563,76.47768,60957
Sahaswan,Uttar Pradesh,28.07227,78.75082,60953
Wanparti,Telangana,16.36738,78.06889,60949
Sirhind,Punjab,30.64321,76.38421,60847
Bardoli,Gujarat,21.12297,73.11151,60821
Mokameh,Bihar,25.39662,85.9219,60678
Arambagh,West Bengal,22.88333,87.78333,60639
Poonamalle,Tamil Nadu,13.04888,80.11488,60607
Keonjhargarh,Odisha,21.6318,85.59686,60590
Bhadravati,Maharashtra,20.1001,79.11442,60565
Panruti,Tamil Nadu,11.77662,79.55269,60323
Ilkal,Karnataka,15.95923,76.11351,60242
Kiratpur,Uttar Pradesh,29.50671,78.20613,60223
Vrindavan,Uttar Pradesh,27.58105,77.69662,60195
Kodungallur,Kerala,10.23263,76.19513,60190
Nedumangad,Kerala,8.60267,77.00139,60161
Bangaon,Bihar,25.86728,86.51152,60000
Narsimhapur,Madhya Pradesh,22.94936,79.18357,59966
Ponnur,Andhra Pradesh,16.07114,80.54944,59913
Kathua,Jammu and Kashmir,32.36941,75.52539,59866
North Lakhimpur,Assam,27.23517,94.10357,59841
Masaurhi Buzurg,Bihar,25.35417,85.03195,59803
Nerkunram,Tamil Nadu,13.06194,80.20944,59790
Shegaon,Maharashtra,20.7932,76.69921,59672
Mandideep,Madhya Pradesh,23.08166,77.53328,59654
Pachora,Maharashtra,20.66727,75.35305,59609
Gobichettipalayam,Tamil Nadu,11.45496,77.4422,59523
Gangoh,Uttar Pradesh,29.78004,77.26346,59519
Itanagar,Arunachal Pradesh,27.08694,93.60987,59490
Jaitpur,Haryana,28.50647,77.32976,59330
Narasapur,Andhra Pradesh,16.43425,81.69845,59306
Dhone,Andhra Pradesh,15.3952,77.8715,59272
Rajgarh,Rajasthan,28.64201,75.38612,59193
Ullal,Karnataka,12.80569,74.86058,59116
Panna,Madhya Pradesh,24.72094,80.18772,59091
Gola Gokarannath,Uttar Pradesh,28.07837,80.47054,58986
Gohad,Madhya Pradesh,26.43278,78.44205,58939
Wani,Maharashtra,20.05507,78.95313,58840
Thiruvarur,Tamil Nadu,10.77269,79.6368,58777
Upleta,Gujarat,21.74015,70.28256,58775
Nuzvid,Andhra Pradesh,16.78854,80.84593,58590
Lonavla,Maharashtra,18.75275,73.40575,58562
Una,Gujarat,20.82318,71.03795,58528
Sillod,Maharashtra,20.30303,75.65284,58230
Sira,Karnataka,13.74155,76.9043,57928
Chikhli,Maharashtra,20.35046,76.25774,57889
Jhargram,West Bengal,22.45384,86.99497,57796
Kagaznagar,Telangana,19.33159,79.46605,57583
Bhatapara,Chhattisgarh,21.735,81.94711,57537
Kasibugga,Andhra Pradesh,18.75927,84.41613,57507
Hasanpur,Uttar Pradesh,28.72249,78.28436,57481
Lohardaga,Jharkhand,23.43305,84.67992,57411
Jahangirabad,Uttar Pradesh,28.40549,78.10588,57363
Sherkot,Uttar Pradesh,29.32704,78.57429,57361
Katras,Jharkhand,23.79752,86.29834,57349
Macherla,Andhra Pradesh,16.47635,79.43533,57290
Naksalbari,West Bengal,26.6827,88.22001,57283
Sankarankovil,Tamil Nadu,9.17048,77.54107,57277
Mulbagal,Karnataka,13.16352,78.39346,57276
Kandukur,Andhra Pradesh,15.21542,79.9039,57246
Tiruvalla,Kerala,9.3816,76.57489,57223
Roshanpura,Delhi,28.60057,76.98918,57217
Ponnuru,Andhra Pradesh,16.06547,80.55203,57170
Kollegal,Karnataka,12.15449,77.11051,57149
Mukandpur,Delhi,28.73944,77.18315,57135
Unjha,Gujarat,23.80366,72.39101,57108
Chhibramau,Uttar Pradesh,27.14872,79.50078,57071
Tilhar,Uttar Pradesh,27.96282,79.73827,57043
Lunglei,Mizoram,22.89247,92.74218,57011
Hoskote,Karnataka,13.0707,77.79814,56980
Byasanagar,Odisha,20.95569,86.12643,56946
Bada Barabil,Odisha,22.11186,85.38684,56870
Samalkot,Andhra Pradesh,17.05675,82.17639,56864
Karimganj,Assam,24.86919,92.35543,56854
Bobbili,Andhra Pradesh,18.57366,83.35925,56819
Mettur,Tamil Nadu,11.78796,77.8008,56743
Sattenapalle,Andhra Pradesh,16.39381,80.15221,56721
Tirurangadi,Kerala,11.04316,75.92337,56632
Tennala,Kerala,10.99342,75.93504,56546
Chakradharpur,Jharkhand,22.67611,85.62892,56531
Sendhwa,Madhya Pradesh,21.68562,75.09622,56485
Talegaon Dabhade,Maharashtra,18.73502,73.67561,56435
Hiriyur,Karnataka,13.94455,76.61723,56416
Anjangaon,Maharashtra,21.16516,77.3091,56380
Charkhi Dadri,Haryana,28.59166,76.27161,56337
Ujhani,Uttar Pradesh,28.00311,79.00821,56309
Bankra,West Bengal,22.60291,88.27751,56273
Dabhoi,Gujarat,22.18333,73.43333,56253
Teghra,Bihar,25.49043,85.94001,56234
Obra,Uttar Pradesh,24.41863,82.98797,56110
Tiruvallur,Tamil Nadu,13.14376,79.90889,56074
Mandapeta,Andhra Pradesh,16.86254,81.92921,56063
Tirur,Kerala,10.91368,75.92118,56058
Ropar,Punjab,30.96896,76.52695,56038
Namakkal,Tamil Nadu,11.22126,78.16524,55997
Arcot,Tamil Nadu,12.90569,79.31897,55955
Laharpur,Uttar Pradesh,27.70827,80.90256,55911
Viramgam,Gujarat,23.12564,72.05014,55821
Islampur,West Bengal,26.26541,88.18982,55691
Karad,Maharashtra,17.28937,74.18183,55663
Yanam,Andhra Pradesh,16.73308,82.21364,55626
Abu Road,Rajasthan,24.48012,72.78186,55599
Raxaul,Bihar,26.97982,84.85065,55536
Moonniyur,Kerala,11.05972,75.90311,55535
Barwani,Madhya Pradesh,22.03232,74.89982,55504
Kottayam,Kerala,9.58692,76.52132,55374
Tiruttangal,Tamil Nadu,9.48333,77.83333,55362
Petlad,Gujarat,22.47681,72.79995,55330
Jalaun,Uttar Pradesh,26.1451,79.3366,55299
Periya Semur,Tamil Nadu,11.36088,77.68952,55282
Madhupur,Jharkhand,24.27419,86.63929,55238
Dhuri,Punjab,30.36846,75.86791,55225
Challakere,Karnataka,14.318,76.65165,55194
Etawa,Madhya Pradesh,24.18351,78.20289,55185
Chiplun,Maharashtra,17.53339,73.50935,55139
Mandla,Madhya Pradesh,22.59879,80.37115,55133
Bhimunipatnam,Andhra Pradesh,17.89017,83.45203,55082
Mawlai-Mawiong,Meghalaya,25.62322,91.88175,55012
Kavanur,Tamil Nadu,12.99623,80.07514,54986
Pithapuram,Andhra Pradesh,17.1168,82.25284,54859
Kandi,West Bengal,23.95946,88.04018,54848
Idappadi,Tamil Nadu,11.58624,77.83891,54823
Sahibabad Daulotpur,Delhi,28.74705,77.11465,54773
Punganuru,Andhra Pradesh,13.36672,78.57186,54746
Ghatal,West Bengal,22.66244,87.73399,54658
Jafarabad,Delhi,28.67873,77.27116,54601
Sagar,Karnataka,14.16498,75.02901,54550
Sihor,Gujarat,21.71134,71.96179,54547
Mundka,Delhi,28.68012,77.02975,54541
Deglur,Maharashtra,18.54829,77.57695,54493
Madhepura,Bihar,25.92127,86.79271,54472
Baramati,Maharashtra,18.15174,74.57767,54415
Mahasamund,Chhattisgarh,21.10743,82.0948,54413
Sidhi,Madhya Pradesh,24.4038,81.87954,54331
Kasaragod,Kerala,12.49838,74.98959,54172
Garhchiroli,Maharashtra,20.18061,80.00522,54152
Puttur,Andhra Pradesh,13.44189,79.55314,54092
Jalor,Rajasthan,25.34558,72.61559,54081
Samana,Punjab,30.15395,76.19851,54072
Razampeta,Andhra Pradesh,14.19544,79.15896,54050
Wari,Maharashtra,21.15313,79.0076,54048
Shella,Meghalaya,25.17861,91.63952,54039
Palmaner,Andhra Pradesh,13.2,78.74725,54035
Deolali,Maharashtra,19.94404,73.83441,54027
Kanakapura,Karnataka,12.54654,77.42005,54014
Wokha,Nagaland,26.09717,94.25817,54010
Umred,Maharashtra,20.85396,79.32466,53971
Kalna,West Bengal,23.21944,88.36295,53964
Pallichal,Kerala,8.44976,77.02573,53861
Tandoni,Tamil Nadu,10.92611,78.0941,53854
Parvatipuram,Andhra Pradesh,18.78392,83.42569,53844
Kotharia,Gujarat,22.23436,70.81903,53794
Ottapalam,Kerala,10.7735,76.37758,53792
Didwana,Rajasthan,27.40096,74.57537,53749
Begampur,Delhi,28.72655,77.06689,53682
Gaddi Annaram,Telangana,17.36687,78.5242,53622
Dumraon,Bihar,25.55265,84.15149,53618
Nerupperichchal,Tamil Nadu,11.16105,77.37398,53579
Jaggaiahpet,Andhra Pradesh,16.89155,80.09551,53530
Rampur Hat,West Bengal,24.17737,87.78275,53468
Khanapuram Haveli,Telangana,17.26239,80.16809,53442
Goalpara,Assam,26.17668,90.62634,53430
Tuni,Andhra Pradesh,17.35905,82.54607,53425
Laxmangarh,Rajasthan,27.82294,75.02754,53392
Shahpur,Karnataka,16.69605,76.8422,53366
Bhongir,Telangana,17.51544,78.88563,53339
Puttur,Karnataka,12.75975,75.20169,53331
Ullagaram,Tamil Nadu,12.979,80.19703,53322
Sri Dungargarh,Rajasthan,28.09617,74.00868,53294
Ayodhya,Uttar Pradesh,26.79909,82.2047,53293
Mubarakpur,Uttar Pradesh,26.08866,83.29088,53263
Amalapuram,Andhra Pradesh,16.57868,82.00609,53231
Arsikere,Karnataka,13.31446,76.25704,53216
Phaltan,Maharashtra,17.99113,74.43177,53202
Ashta,Madhya Pradesh,23.01754,76.72208,53184
Sandila,Uttar Pradesh,27.06989,80.51497,53182
Vikarabad,Telangana,17.3381,77.90441,53143
Baruipur,West Bengal,22.36544,88.4325,53128
Choudwar,Odisha,20.53917,85.91512,52999
Shahabad,Karnataka,17.1307,76.94361,52952
Sultanganj,Bihar,25.23831,86.73559,52892
Mandi Dabwali,Haryana,29.96633,74.70025,52873
Konch,Uttar Pradesh,25.99451,79.15127,52773
Baprola,Delhi,28.64133,77.01415,52744
Venkatagiri,Andhra Pradesh,13.96005,79.58032,52688
Dabhel,Dadra and Nagar Haveli and Daman and Diu,20.40953,72.88339,52578
Biswan,Uttar Pradesh,27.49581,80.99618,52516
Siruguppa,Karnataka,15.63,76.89217,52492
Kosi,Uttar Pradesh,27.79449,77.4368,52492
Sironj,Madhya Pradesh,24.10313,77.69055,52460
Jangaon,Telangana,17.72602,79.15236,52394
Daudnagar,Bihar,25.03473,84.40095,52364
Dandeli,Karnataka,15.26667,74.61667,52295
Ramapuram,Tamil Nadu,13.03179,80.18243,52295
Mudhol,Karnataka,16.33354,75.28305,52199
Thodupuzha,Kerala,9.89394,76.72216,52045
Devakottai,Tamil Nadu,9.94704,78.8233,51865
Arwal,Bihar,25.24281,84.66571,51849
Kaliyaganj,West Bengal,25.63442,88.32665,51748
Nasirabad,Rajasthan,26.30473,74.73364,51747
Khagaul,Bihar,25.57898,85.04564,51577
Changanacheri,Kerala,9.44203,76.53604,51430
Shorapur,Karnataka,16.521,76.75738,51398
Mandvi,Gujarat,22.83282,69.35237,51376
Rajgangpur,Odisha,22.2,84.583,51362
Ozar,Maharashtra,20.09473,73.92816,51297
Peranampattu,Tamil Nadu,12.9343,78.7189,51271
Gumla,Jharkhand,23.04268,84.54429,51264
Ramnagar,Uttarakhand,29.3925,79.1283,51244
Vazhakkala,Kerala,10.01239,76.32633,51242
Shujalpur,Madhya Pradesh,23.40673,76.7098,51225
Tirumangalam,Tamil Nadu,9.82307,77.98381,51194
Sidlaghatta,Karnataka,13.38896,77.86444,51159
Khurai,Madhya Pradesh,24.04372,78.33014,51108
Hilsa,Bihar,25.31642,85.28234,51052
Rampura Phul,Punjab,30.27563,75.24253,51023
Fatwa,Bihar,25.50958,85.30504,50961
Tundla,Uttar Pradesh,27.2146,78.23683,50939
Mannarakkat,Kerala,10.99223,76.46418,50921
Metpalle,Telangana,18.84724,78.62563,50902
Naya Gaon,Punjab,30.77515,76.79308,50869
Repalle,Andhra Pradesh,16.0184,80.82958,50866
Hunsur,Karnataka,12.30359,76.29275,50865
Nanjangud,Karnataka,12.11764,76.68397,50598
Forbesganj,Bihar,26.30253,87.26556,50475
Nithari,Delhi,28.70489,77.05285,50464
Sunabeda,Odisha,18.7284,82.82932,50394
Gajraula,Uttar Pradesh,28.8457,78.2396,50380
Virapandi,Tamil Nadu,11.06247,77.35076,50301
Dahanu,Maharashtra,19.96778,72.71263,50287
Rasipuram,Tamil Nadu,11.46009,78.18635,50244
Salur,Andhra Pradesh,18.51716,83.20548,50206
Bhabhua,Bihar,25.04049,83.60749,50179
Hodal,Haryana,27.89196,77.36744,50143
Bhadrachalam,Telangana,17.66846,80.88887,50087
Aonla,Uttar Pradesh,28.27402,79.16521,50011
Tirupparangunram,Tamil Nadu,9.88151,78.07306,50004
Chatra,Jharkhand,24.20645,84.87085,49985
Khagaria,Bihar,25.5022,86.46708,49982
Dhampur,Uttar Pradesh,29.30883,78.51083,49973
Phalodi,Rajasthan,27.13102,72.36826,49914
Gangakher,Maharashtra,18.96962,76.74946,49891
Sardhana,Uttar Pradesh,29.14551,77.61433,49857
Nohar,Rajasthan,29.18292,74.77064,49835
Yeola,Maharashtra,20.0424,74.48944,49826
Bhaisa,Telangana,19.11285,77.96336,49764
Perintalmanna,Kerala,10.97724,76.22541,49723
Jugsalai,Jharkhand,22.77668,86.18351,49660
Perambalur,Tamil Nadu,11.23333,78.88333,49648
Baduria,West Bengal,22.74431,88.78655,49547
Gudalur,Tamil Nadu,11.52073,76.48141,49535
Kizhake Chalakudi,Kerala,10.30067,76.33763,49525
Narkatiaganj,Bihar,27.10383,84.46185,49507
Peddapuram,Andhra Pradesh,17.07701,82.13836,49477
Majalgaon,Maharashtra,19.15513,76.20992,49453
Daund,Maharashtra,18.46515,74.58375,49450
Kapadvanj,Gujarat,23.02302,73.07113,49308
Kotputli,Rajasthan,27.70207,76.19911,49202
Dyane,Maharashtra,20.56743,74.52845,49192
Bail-Hongal,Karnataka,15.8137,74.85895,49182
Biaora,Madhya Pradesh,23.9205,76.91074,49093
Naugachhia,Bihar,25.38807,87.09906,49069
Kanuru,Andhra Pradesh,16.49853,80.69141,49006
Dehu Road,Maharashtra,18.68211,73.73161,48961
Piparia,Madhya Pradesh,22.75703,78.35499,48826
Barpeta,Assam,26.32293,91.00632,48824
Gooty,Andhra Pradesh,15.11836,77.63776,48658
Tamluk,West Bengal,22.30083,87.92593,48646
Vengara,Kerala,11.05083,75.97806,48600
Jaisingpur,Maharashtra,16.77639,74.55361,48510
Nangal,Punjab,31.38966,76.37574,48497
Jasdan,Gujarat,22.03709,71.20794,48483
Godda,Jharkhand,24.827,87.2125,48480
Bikramganj,Bihar,25.21073,84.25508,48465
Morar,Madhya Pradesh,26.2264,78.22482,48464
Jhajjar,Haryana,28.6063,76.6565,48424
Ramnagar,Bihar,27.16371,84.32342,48411
Nihtaur,Uttar Pradesh,29.32416,78.38724,48389
Mahnar Bazar,Bihar,25.60962,85.48076,48293
Vite,Maharashtra,17.27343,74.53792,48289
Gumia,Jharkhand,23.7975,85.82523,48141
Anakaputhur,Tamil Nadu,12.9828,80.1264,48050
Tanalur,Kerala,10.95154,75.90961,47976
Bhinmal,Rajasthan,24.99944,72.27141,47932
Sadasivpet,Telangana,17.61925,77.95263,47920
Bakhtiarpur,Bihar,25.45598,85.5329,47897
Jalandhar Cantonment,Punjab,31.29421,75.61974,47845
Athani,Karnataka,16.72613,75.06421,47842
Warud,Maharashtra,21.47101,78.26965,47817
Wankaner,Gujarat,22.61198,70.94379,47814
Churachandpur,Manipur,24.33353,93.66999,47774
Dungarpur,Rajasthan,23.84306,73.71466,47706
Chhaya,Gujarat,21.62878,69.63386,47699
Dumka,Jharkhand,24.26778,87.24855,47663
Gadarwara,Madhya Pradesh,22.9235,78.7849,47604
Pithoragarh,Uttarakhand,29.58349,80.20947,47571
Ballia,Bihar,25.42139,86.31445,47550
Bihta,Bihar,25.55885,84.87141,47549
Atrauli,Uttar Pradesh,28.02964,78.28571,47512
Walajapet,Tamil Nadu,12.9251,79.36626,47498
Koraput,Odisha,18.81199,82.71048,47468
Umarkhed,Maharashtra,19.60144,77.68878,47458
Kunnamangalam,Kerala,11.30459,75.87772,47396
Valasaravakkam,Tamil Nadu,13.04394,80.17251,47378
Jodhpur,Gujarat,21.90174,70.0327,47329
Alangad,Kerala,10.10192,76.29104,47329
Alengad,Kerala,10.11901,76.30226,47329
Punalur,Kerala,9.01956,76.92261,47263
Vikramasingapuram,Tamil Nadu,8.71477,77.39032,47241
Vattiyurkavu,Kerala,8.52469,76.98886,47187
Padrauna,Uttar Pradesh,26.90403,83.98087,47181
Ambah,Madhya Pradesh,26.70423,78.22678,47177
Komalapuram,Kerala,9.54189,76.34236,47126
Mattanur,Kerala,11.93018,75.57152,47078
Harpanahalli,Karnataka,14.78766,75.98863,47039
Kendraparha,Odisha,20.50166,86.42227,47006
Tighri,Delhi,28.51225,77.24083,46974
Pallikal,Kerala,11.13723,75.92575,46962
Selu,Maharashtra,19.45512,76.44073,46915
Medak,Telangana,18.04531,78.26078,46880
Patancheru,Telangana,17.53334,78.2645,46821
Chhatarpur,Delhi,28.49849,77.18254,46776
Dondaicha,Maharashtra,21.3236,74.56804,46767
Jamner,Maharashtra,20.80949,75.77768,46762
Burla,Odisha,21.50976,83.87259,46698
Porur,Tamil Nadu,13.03565,80.15821,46690
Nellikkuppam,Tamil Nadu,11.77554,79.67016,46678
Padra,Gujarat,22.2398,73.08451,46660
Kawardha,Chhattisgarh,22.00853,81.23148,46657
Gulaothi,Uttar Pradesh,28.58938,77.79318,46647
Joda,Odisha,22.017,85.422,46631
Seohara,Uttar Pradesh,29.20904,78.58837,46546
Warora,Maharashtra,20.22885,79.00277,46532
Manvi,Karnataka,15.99126,77.05034,46465
Kurseong,West Bengal,26.88251,88.27729,46427
Manglaur,Uttarakhand,29.79094,77.87836,46395
Nilambur,Kerala,11.27271,76.22571,46366
Ganj Dundwara,Uttar Pradesh,27.73308,78.94119,46314
Nanpara,Uttar Pradesh,27.86459,81.50036,46280
Khordha,Odisha,20.18268,85.61629,46205
Atarra,Uttar Pradesh,25.28618,80.57155,46168
Barbigha,Bihar,25.2167,85.7333,46075
Merta,Rajasthan,26.64859,74.03414,46070
Jammalamadugu,Andhra Pradesh,14.84677,78.38314,46069
Garhwa,Jharkhand,24.16002,83.80755,46059
Nawanshahr,Punjab,31.1245,76.11613,46024
Ranavav,Gujarat,21.68734,69.74485,46018
Banka,Bihar,24.88091,86.92257,45977
Thoubal,Manipur,24.63881,93.99639,45947
Mahmudabad,Uttar Pradesh,27.29191,81.11775,45921
Milavittan,Tamil Nadu,8.81928,78.09087,45863
Pakur,Jharkhand,24.63925,87.84239,45840
Cherthala,Kerala,9.68444,76.33558,45827
Nayudupet,Andhra Pradesh,13.90742,79.89465,45769
Farrukhnagar,Telangana,17.07787,78.20339,45675
Rampura,Punjab,30.256,75.24116,45639
Chirakkal,Kerala,11.91257,75.36102,45601
Chirkunda,Jharkhand,23.74771,86.78804,45508
Coonoor,Tamil Nadu,11.34979,76.79375,45494
Pandhurna,Madhya Pradesh,21.59556,78.52628,45479
Shertallai,Kerala,9.68581,76.33996,45474
Kodur,Kerala,11.01528,76.07009,45459
Giddarbaha,Punjab,30.19953,74.66627,45370
Meddappakkam,Tamil Nadu,12.91661,80.19385,45356
Nandikotkur,Andhra Pradesh,15.85668,78.26569,45343
Khalilabad,Uttar Pradesh,26.77268,83.07179,45321
Chittaranjan,West Bengal,23.85681,86.90324,45305
Pathardih,Jharkhand,23.6658,86.43166,45276
Champa,Chhattisgarh,22.03532,82.64234,45256
Mehkar,Maharashtra,20.1505,76.56841,45248
Dhanpuri,Madhya Pradesh,23.18542,81.55513,45156
Sundergarh,Odisha,22.11667,84.03333,45036
Dig,Rajasthan,27.47188,77.32564,44999
Tumsar,Maharashtra,21.38333,79.73333,44869
Rameswaram,Tamil Nadu,9.2885,79.31271,44856
Bangarapet,Karnataka,12.99116,78.17804,44849
Visharam,Tamil Nadu,12.91808,79.27756,44786
Thiruthani,Tamil Nadu,13.17594,79.61637,44781
Digras,Maharashtra,20.1035,77.71846,44767
Maradu,Kerala,9.93653,76.32382,44704
Bandikui,Rajasthan,27.05087,76.57325,44664
Dowleswaram,Andhra Pradesh,16.94761,81.77987,44637
Balapur,Maharashtra,20.66612,76.77386,44594
Tondalam,Tamil Nadu,11.50137,76.34983,44590
Jawaharnagar,Telangana,17.51001,78.56562,44562
Homnabad,Karnataka,17.77074,77.12519,44483
Memari,West Bengal,23.17647,88.09749,44448
Nandura,Maharashtra,20.83417,76.45924,44419
Kottangara,Kerala,8.92412,76.64673,44402
Angul,Odisha,20.84089,85.10192,44386
Kottakkal,Kerala,11.00089,76.00618,44382
Libaspur,Delhi,28.75089,77.14647,44375
Dalli Rajhara,Chhattisgarh,20.58573,81.07501,44363
Kalpi,Uttar Pradesh,26.11667,79.73333,44339
Jintur,Maharashtra,19.61186,76.6874,44291
Daman,Dadra and Nagar Haveli and Daman and Diu,20.41431,72.83236,44282
Ramnagar,Uttar Pradesh,25.26907,83.02971,44277
Anekal,Karnataka,12.7111,77.69557,44260
Akkarampalle,Andhra Pradesh,13.65,79.42,44219
Nidadavole,Andhra Pradesh,16.90572,81.67222,44173
Raisen,Madhya Pradesh,23.33033,77.7811,44162
Guduvancheri,Tamil Nadu,12.84519,80.06055,44098
Varangaon,Maharashtra,21.01767,75.91042,44067
Sihora,Madhya Pradesh,23.4871,80.10404,44048
Chidawa,Rajasthan,28.23937,75.64035,43953
Ahmadpur,Maharashtra,18.70622,76.93731,43936
Olavanna,Kerala,11.21836,75.83248,43895
Gobardanga,West Bengal,22.8774,88.75479,43808
Melmadai,Tamil Nadu,9.92638,78.15028,43797
Saint Thomas Mount,Tamil Nadu,13.00334,80.19614,43795
Yellandu,Telangana,17.59064,80.32146,43787
Haflong,Assam,25.16478,93.01744,43756
Polavaram,Andhra Pradesh,17.24754,81.64372,43710
Bodupal,Telangana,17.41877,78.58427,43692
Ramachandrapuram,Andhra Pradesh,16.83636,82.02871,43657
Panachikkad,Kerala,9.52974,76.54062,43595
Shoranur,Kerala,10.76181,76.27078,43533
Pallikaranai,Tamil Nadu,12.9377,80.2153,43493
Kandhla,Uttar Pradesh,29.32104,77.27101,43387
Barwala,Haryana,29.36747,75.90809,43384
Nilithi,Delhi,28.65201,77.05644,43371
Jambusar,Gujarat,22.05236,72.80074,43344
Varkala,Kerala,8.7333,76.7167,43276
Katol,Maharashtra,21.27388,78.5858,43267
Kopali,Jharkhand,22.83718,86.19161,43256
Sainthia,West Bengal,23.94826,87.68045,43221
Choornikkara,Kerala,10.08788,76.3411,43207
Perungudi,Tamil Nadu,12.96095,80.24094,43111
Kamal Pur Majra Burari,Delhi,28.74667,77.19348,43086
Jiwanpur,Uttar Pradesh,28.71448,77.28489,43054
Barhiya,Bihar,25.28814,86.02055,43045
Sojat,Rajasthan,25.92493,73.66633,43023
Kalimpong,West Bengal,27.03461,88.63084,43000
Periyakulam,Tamil Nadu,10.12268,77.54372,42976
Simdega,Jharkhand,22.61523,84.50208,42944
Bishrampur,Jharkhand,24.25299,83.92502,42925
Kottuvalli,Kerala,10.11119,76.24634,42922
Bairagnia,Bihar,26.74063,85.27323,42895
Diglipur,Andaman and Nicobar,13.26667,93.0,42877
Panipat Taraf Ansar,Haryana,29.41223,76.9547,42877
Ranjangaon S,Maharashtra,19.84404,75.21482,42877
Kakkodi,Kerala,11.31973,75.80146,42866
Mahbubabad,Telangana,17.59728,80.00207,42851
Perumbaikad,Kerala,9.61827,76.53127,42839
Arvi,Maharashtra,20.99585,78.22914,42822
Parasia,Madhya Pradesh,22.1913,78.75904,42786
Sivaganga,Tamil Nadu,9.84701,78.48358,42785
Limbdi,Gujarat,22.56507,71.81076,42769
Chavara,Kerala,8.96727,76.54188,42655
Dahegam,Gujarat,23.16903,72.82161,42632
Shahabad,Haryana,30.16776,76.87046,42607
Jaspur,Uttarakhand,29.27919,78.82798,42524
Than,Gujarat,22.57422,71.19942,42508
Baola,Gujarat,22.82844,72.36364,42458
Khekra,Uttar Pradesh,28.86586,77.2841,42408
Bhupalpally,Telangana,18.42866,79.86385,42387
Dinhata,West Bengal,26.13526,89.46129,42381
Aland,Karnataka,17.56425,76.56854,42371
Kumbalangy,Kerala,9.87977,76.28353,42367
Naini Tal,Uttarakhand,29.39743,79.44686,42309
Idar,Gujarat,23.84145,73.00068,42306
Chinnamanur,Tamil Nadu,9.83999,77.38109,42305
Bhawani Mandi,Madhya Pradesh,24.41582,75.83552,42283
Kyathampalle,Telangana,19.66781,78.5289,42275
Sikandra Rao,Uttar Pradesh,27.68859,78.37985,42229
Palladam,Tamil Nadu,10.99175,77.28633,42225
Razam,Andhra Pradesh,18.44909,83.65957,42197
Jajpur,Odisha,20.84852,86.33729,42157
Jora,Madhya Pradesh,26.34209,77.8092,42153
Canning,West Bengal,22.31399,88.66508,42132
Khairabad,Uttar Pradesh,27.52698,80.75461,42125
Pratapgarh,Rajasthan,24.03215,74.78162,42079
Dhaka,Bihar,26.67479,85.16698,42063
Kannad,Maharashtra,20.25684,75.13786,42056
Nathdwara,Rajasthan,24.93805,73.82392,42016
Abdu Rahiman Nagar,Kerala,11.06983,75.93879,41993
Golaghat,Assam,26.51167,93.95951,41989
Kekri,Rajasthan,25.97132,75.14992,41890
Barauli,Bihar,26.38109,84.58648,41877
Mahe,Kerala,11.70172,75.53474,41816
Diamond Harbour,West Bengal,22.19268,88.18951,41802
Surampatti,Tamil Nadu,11.32726,77.71122,41782
Baghpat,Uttar Pradesh,28.94485,77.21865,41766
Bar Bigha,Bihar,25.21855,85.7332,41758
Narayanpet,Telangana,16.74799,77.4954,41752
Khambhaliya,Gujarat,22.20685,69.65031,41734
Bilara,Rajasthan,26.18067,73.7055,41710
Trikonavattam,Kerala,8.88987,76.66588,41609
Rajgir,Bihar,25.02828,85.42079,41587
Kudappanakkunnu,Kerala,8.55142,76.96079,41583
Paithan,Maharashtra,19.47506,75.38558,41536
Kodinar,Gujarat,20.79393,70.70216,41492
Pileru,Andhra Pradesh,13.65584,78.93854,41489
Pirayiri,Kerala,10.76523,76.63178,41359
Ramganj Mandi,Rajasthan,24.64648,75.94325,41328
Vaijapur,Maharashtra,19.92672,74.7275,41296
Kannamangalam,Kerala,11.07543,75.98522,41260
Saundatti,Karnataka,15.76615,75.11778,41215
Jaggayyapeta,Andhra Pradesh,16.8938,80.09807,41180
Peddapalli,Telangana,18.61357,79.37442,41171
Dhupgari,West Bengal,26.58904,89.00732,41168
Triprangod,Kerala,10.84225,75.94856,41167
Chakan,Maharashtra,18.76059,73.86351,41113
Bharthana,Uttar Pradesh,26.75231,79.2218,41055
Patti,Punjab,31.28092,74.85849,40976
Jalarpet,Tamil Nadu,12.57025,78.57318,40959
Vadgaon,Maharashtra,20.37589,78.11258,40884
Talcher,Odisha,20.94927,85.23354,40841
Thottada,Kerala,11.83851,75.4208,40818
Kalliyoor,Kerala,8.43128,77.01285,40816
Arantangi,Tamil Nadu,10.17235,78.99118,40814
Athiyannur,Kerala,8.393,77.06371,40712
Icchannur,Kerala,11.36148,75.77819,40697
Sherghati,Bihar,24.5595,84.79162,40666
Bhadra,Rajasthan,29.10298,75.17138,40662
Jhajha,Bihar,24.77107,86.37888,40646
Ghatsila,Jharkhand,22.58531,86.47682,40624
Dharmanagar,Tripura,24.36667,92.16667,40595
Kayalpattinam,Tamil Nadu,8.57143,78.11992,40588
Nowgong,Madhya Pradesh,25.06136,79.44125,40580
Savanur,Karnataka,14.97335,75.33724,40567
Naila,Chhattisgarh,22.02074,82.5666,40561
Nannambra,Kerala,10.99211,75.90799,40543
Manapparai,Tamil Nadu,10.60772,78.42582,40510
Boyampalaiyam,Tamil Nadu,11.14875,77.35368,40503
Kallakkurichchi,Tamil Nadu,11.7404,78.959,40449
Kulathummal,Kerala,8.5073,77.08145,40448
Ettumanur,Kerala,9.66898,76.55924,40438
Ghatampur,Uttar Pradesh,26.15272,80.16803,40435
Channarayapatna,Karnataka,12.90642,76.38775,40417
Akividu,Andhra Pradesh,16.58225,81.38112,40413
Kovvur,Andhra Pradesh,17.0162,81.72934,40379
Vellakkovil,Tamil Nadu,10.94627,77.71242,40359
Sabalgarh,Madhya Pradesh,26.24918,77.40786,40333
Bhalki,Karnataka,18.04348,77.206,40333
Kattipparutti,Kerala,10.87385,76.05348,40318
Murtajapur,Maharashtra,20.73299,77.36694,40295
Peringathur,Kerala,11.7137,75.58599,40292
Solan,Himachal Pradesh,30.90908,77.10869,40283
Nadapuram,Kerala,11.68465,75.65493,40230
Gursahaiganj,Uttar Pradesh,27.11518,79.73174,40214
Maihar,Madhya Pradesh,24.26594,80.76063,40192
Bantval,Karnataka,12.8905,75.03489,40155
Pallipalayam,Tamil Nadu,11.36523,77.76235,40140
Mapusa,Goa,15.59154,73.80898,40122
Taki,West Bengal,22.58867,88.93253,40113
Akalkot,Maharashtra,17.52532,76.20611,40103
Maner,Bihar,25.64602,84.87291,40068
Malur,Karnataka,13.00322,77.93798,40050
Bakhri,Bihar,25.59889,86.26074,40043
Mayyanad,Kerala,8.83726,76.64505,40039
Mappilaiurani,Tamil Nadu,8.8359,78.13518,40035
Melur,Tamil Nadu,10.03241,78.3393,40017
Hasimara,West Bengal,26.7469,89.35385,40000
Sathupalli,Telangana,17.24968,80.86899,40000
Puranpur,Uttar Pradesh,28.51283,80.14829,39988
Akluj,Maharashtra,17.89241,75.02138,39972
Bansi,Uttar Pradesh,27.17749,82.93442,39926
Bilaspur,Uttar Pradesh,28.88655,79.2703,39873
Vadavalli,Tamil Nadu,11.02472,76.8973,39873
Thakurdwara,Uttar Pradesh,29.19203,78.86145,39860
Amudalavalasa,Andhra Pradesh,18.41025,83.90295,39799
Vyara,Gujarat,21.11079,73.39365,39789
Bhavani,Tamil Nadu,11.44553,77.68215,39744
Samalkha,Haryana,29.23552,77.01273,39710
Lakkanahalli,Tamil Nadu,12.11202,78.15384,39697
Porsa,Madhya Pradesh,26.67444,78.37081,39669
Kadungalur,Kerala,10.0948,76.32106,39666
Kalappatti,Tamil Nadu,11.07937,77.03709,39586
Anandpur,Odisha,21.21411,86.12492,39585
Chaklasi,Gujarat,22.6532,72.94497,39581
Radhanpur,Gujarat,23.83238,71.6047,39558
Murshidabad,West Bengal,24.1839,88.27171,39557
Manakunnam,Kerala,9.8857,76.37328,39538
Bhachau,Gujarat,23.29858,70.34279,39532
Jalalabad,Punjab,30.60622,74.25727,39525
Kurinjippadi,Tamil Nadu,11.55028,79.59066,39514
Sedam,Karnataka,17.17859,77.28998,39341
Vadasinor,Gujarat,22.95677,73.33505,39330
Kampli,Karnataka,15.40626,76.60013,39307
Karo,Jharkhand,23.78516,85.9783,39305
Tirkadavur,Kerala,8.92398,76.59101,39285
Jogbani,Bihar,26.39905,87.26525,39281
Mukondapalli,Tamil Nadu,12.75142,77.80169,39245
Sirohi,Rajasthan,24.88838,72.84794,39229
Aroor,Kerala,9.8694,76.30498,39214
Othukkungal,Kerala,11.0283,76.02903,39139
Ghosi,Uttar Pradesh,26.10587,83.5393,39138
Sumerpur,Rajasthan,25.1543,73.08157,39132
Pehowa,Haryana,29.97897,76.58249,39101
Karakkad,Kerala,10.58804,76.03884,39098
Nurpur,Uttar Pradesh,29.14956,78.4084,39077
Revelganj,Bihar,25.78976,84.63596,39039
Betamcherla,Andhra Pradesh,15.45144,78.14797,38994
Belpahar,Odisha,21.8218,83.8458,38993
Chika,Haryana,30.04891,76.343,38952
Paravur Tekkumbhagam,Kerala,8.7947,76.66798,38946
Tuvagudi,Tamil Nadu,10.74725,78.82133,38887
Dwarka,Gujarat,22.23944,68.96778,38873
Kotamangalam,Kerala,10.06435,76.62843,38837
Katpadi,Tamil Nadu,12.96951,79.14552,38833
Rangat,Andaman and Nicobar,12.50595,92.9155,38824
Sagauli,Bihar,26.7639,84.74341,38815
Rahuri,Maharashtra,19.39069,74.64979,38813
Sanawad,Madhya Pradesh,22.17391,76.06993,38740
Kondapalle,Andhra Pradesh,16.61989,80.54244,38714
Vetapalem,Andhra Pradesh,15.78502,80.30663,38671
Sangaria,Rajasthan,29.79886,74.46683,38638
Jalesar,Uttar Pradesh,27.47315,78.3031,38614
Nattakam,Kerala,9.54533,76.51414,38599
Palia Kalan,Uttar Pradesh,28.43205,80.58137,38547
Bayana,Rajasthan,26.90791,77.28985,38502
Rajula,Gujarat,21.03854,71.44345,38489
Bodh Gaya,Bihar,24.69808,84.9869,38439
Keru,Rajasthan,26.19247,73.0443,38429
Kollancode,Tamil Nadu,8.28903,77.10799,38385
Kilakarai,Tamil Nadu,9.23183,78.78545,38355
Kumhari,Chhattisgarh,21.26667,81.51667,38334
Chikodi,Karnataka,16.42898,74.58591,38307
Khairtal,Rajasthan,27.80426,76.63861,38298
Pathanamthitta,Kerala,9.26667,76.78333,38285
Chorod,Kerala,11.62773,75.59147,38245
Nandigama,Andhra Pradesh,16.7717,80.28596,38219
Indi,Karnataka,17.17735,75.9526,38217
Kondli,Delhi,28.61167,77.32667,38207
Nildoh,Maharashtra,21.11075,78.98915,38157
Kabnur,Maharashtra,16.70166,74.43952,38146
Malavalli,Karnataka,12.38556,77.06045,38129
Suluru,Andhra Pradesh,13.7,80.01667,38065
Kaman,Rajasthan,27.65791,77.26908,38040
Chetwayi,Kerala,10.52885,76.04793,38011
Nongthymmai,Meghalaya,25.5637,91.9064,38004
Shahbazpur,Bihar,26.30511,87.28865,38000
Wadi,Karnataka,17.05183,76.99048,37988
Tirupati NMA,Andhra Pradesh,13.63229,79.48568,37968
Gauribidanur,Karnataka,13.61072,77.51738,37947
Tasgaon,Maharashtra,17.037,74.60171,37945
Agar,Madhya Pradesh,23.71177,76.01571,37917
Rajakilpakkam,Tamil Nadu,12.91944,80.16972,37906
Gharonda Neemka Bangar,Delhi,28.61644,77.288,37876
Dibai,Uttar Pradesh,28.20849,78.26173,37873
Robertsganj,Uttar Pradesh,24.6886,83.06784,37855
Pen,Maharashtra,18.73734,73.09603,37852
Tarikere,Karnataka,13.70954,75.81382,37848
Maudaha,Uttar Pradesh,25.68312,80.11419,37844
Sathyamangalam,Tamil Nadu,11.50526,77.23826,37816
Gharaunda,Haryana,29.53692,76.97142,37816
Cheyyar,Tamil Nadu,12.66052,79.54308,37802
Sonepur,Bihar,25.69608,85.16669,37776
Niwai,Rajasthan,26.36073,75.91836,37765
Gogri Jamalpur,Bihar,25.41117,86.65925,37753
Bilasipara,Assam,26.23285,90.2341,37739
Nangli Sakrawat,Delhi,28.62169,76.9923,37706
Satana,Maharashtra,20.59483,74.20301,37701
Rawatbhata,Rajasthan,24.92981,75.59209,37699
Ellenabad,Haryana,29.45282,74.66122,37680
Wanadongri,Maharashtra,21.0938,78.97273,37667
Parola,Maharashtra,20.88098,75.11937,37666
Pathri,Maharashtra,19.2588,76.43412,37648
Bopal,Gujarat,23.03341,72.46723,37635
Chettipalaiyam,Tamil Nadu,11.16669,77.33502,37620
Talattala,Kerala,8.87382,76.67158,37517
Jhalrapatan,Rajasthan,24.54205,76.17242,37506
Zira,Punjab,30.96853,74.99106,37498
Leh,Ladakh,34.16504,77.58402,37475
Kanker,Chhattisgarh,20.27193,81.49177,37442
Sarangpur,Madhya Pradesh,23.56651,76.47306,37435
Sandur,Karnataka,15.08613,76.54692,37431
Bangarmau,Uttar Pradesh,26.8912,80.21149,37425
Kanigiri U,Andhra Pradesh,15.40637,79.50702,37420
Jaito,Punjab,30.45126,74.89189,37377
Dongargarh,Chhattisgarh,21.18893,80.75459,37372
Phulbani,Odisha,20.48101,84.23063,37371
Malayinkeezhu,Kerala,8.4902,77.0374,37350
Attingal,Kerala,8.69609,76.81507,37346
Perunkalattu,Tamil Nadu,12.91823,80.08245,37342
Morsi,Maharashtra,21.3403,78.01258,37333
Pilibangan,Rajasthan,29.44964,74.10093,37288
Nelamangala,Karnataka,13.09978,77.39364,37232
Sindgi,Karnataka,16.91883,76.23368,37226
Vettur,Kerala,8.71742,76.72582,37219
Bhadgaon,Maharashtra,20.66905,75.22937,37214
Ratia,Haryana,29.69029,75.57688,37152
Sirur,Maharashtra,18.8276,74.37475,37111
Ashta,Maharashtra,16.94943,74.40936,37105
Lalganj,Bihar,25.86894,85.17394,37098
Tinnanur,Tamil Nadu,13.11448,80.02713,37095
Bandipura,Jammu and Kashmir,34.41728,74.64308,37081
Babarpur,Delhi,28.68747,77.28558,37058
Pujali,West Bengal,22.46787,88.14524,37047
Garhmuktesar,Uttar Pradesh,28.78732,78.10214,37043
Bahadurganj,Bihar,26.26172,87.82443,36993
Nakodar,Punjab,31.12586,75.47508,36973
Lunavada,Gujarat,23.12841,73.61043,36954
Vazhayur,Kerala,11.21729,75.89987,36909
Hojai,Assam,26.00281,92.85605,36869
Akbarpur,Uttar Pradesh,26.42953,82.53431,36865
Pipar,Rajasthan,26.38441,73.54394,36810
Lanka,Assam,25.92907,92.94856,36805
Tuensang,Nagaland,26.26704,94.82415,36774
Vuyyuru,Andhra Pradesh,16.36307,80.84406,36755
Lakshmeshwar,Karnataka,15.12689,75.46935,36754
Kumta,Karnataka,14.42853,74.4189,36719
Yaval,Maharashtra,21.16772,75.69762,36706
Tilda Newra,Chhattisgarh,21.55324,81.80187,36682
Kattivakkam,Tamil Nadu,13.21667,80.31667,36617
Peringottupulam,Kerala,11.02682,76.0987,36602
Sohna,Haryana,28.24737,77.06544,36552
Patamundai,Odisha,20.57806,86.56063,36528
Kodaikanal,Tamil Nadu,10.23925,77.48932,36501
Ichchapuram,Andhra Pradesh,19.11393,84.68721,36493
Daryapur,Maharashtra,20.92489,77.32644,36463
Chunar,Uttar Pradesh,25.12776,82.8821,36459
Aminpur,Telangana,17.5242,78.32273,36452
Mungeli,Chhattisgarh,22.06566,81.68543,36450
Barnagar,Madhya Pradesh,23.0489,75.37804,36438
Purna,Maharashtra,19.1817,77.02566,36433
Khunti,Jharkhand,23.07602,85.27818,36390
Nargund,Karnataka,15.72299,75.38666,36291
Parappur,Kerala,11.01213,75.99471,36270
Neem ka Thana,Rajasthan,27.73976,75.78652,36231
Vilappil,Kerala,8.52218,77.04001,36212
Nilanga,Maharashtra,18.11675,76.75279,36172
Naharlagun,Arunachal Pradesh,27.10467,93.69518,36158
Boisar,Maharashtra,19.80362,72.75598,36151
Ausa,Maharashtra,18.24728,76.4993,36118
Sadabad,Uttar Pradesh,27.43818,78.03758,36093
Bindki,Uttar Pradesh,26.03613,80.57617,36058
Mahalingpur,Karnataka,16.3888,75.10873,36055
Ravu,Madhya Pradesh,22.63727,75.81474,36055
Malpura,Rajasthan,26.2838,75.36458,36028
Wai,Maharashtra,17.95276,73.89058,36025
Bramhapuri,Maharashtra,20.61107,79.86103,36025
Shikaripura,Karnataka,14.2698,75.35643,36015
Shirdi,Maharashtra,19.76616,74.47738,36004
Neduva,Kerala,11.05669,75.86685,35996
Venganoor,Kerala,8.39638,77.00331,35963
Ramanattukara,Kerala,11.17802,75.86892,35937
Mokokchung,Nagaland,26.3248,94.51834,35913
Pinjaur,Haryana,30.79873,76.91822,35912
Madayi,Puducherry,12.03427,75.23779,35888
Partur,Maharashtra,19.59925,76.21541,35883
Dindarpur,Delhi,28.59813,76.99161,35856
Talakkad,Kerala,10.88459,75.93091,35820
Krishnarajasagara,Karnataka,12.43976,76.38276,35805
Jhabua,Madhya Pradesh,22.76772,74.59087,35753
Madipakkam,Tamil Nadu,12.96226,80.19864,35752
Karala,Delhi,28.73548,77.03522,35730
Gariadhar,Gujarat,21.53889,71.57737,35692
Kakrala,Uttar Pradesh,27.89269,79.1945,35690
Bidasar,Rajasthan,27.83598,74.31776,35683
Lahar,Madhya Pradesh,26.19401,78.94137,35674
Ambasamudram,Tamil Nadu,8.71068,77.4519,35645
Islampur,Bihar,25.14075,85.20587,35641
Kaipamangalam,Kerala,10.33496,76.13924,35626
Medchal,Telangana,17.62972,78.48139,35611
Ganaur,Haryana,29.1302,77.01832,35603
Sholinganallur,Tamil Nadu,12.88996,80.23127,35602
Kovur,Andhra Pradesh,14.5005,79.98518,35600
Tuljapur,Maharashtra,18.00804,76.07011,35596
Barpeta Road,Assam,26.50284,90.96937,35571
Uravakonda,Andhra Pradesh,14.94348,77.25494,35565
Babina,Uttar Pradesh,25.23947,78.47028,35538
Rafiganj,Bihar,24.81757,84.63445,35536
Umarga,Maharashtra,17.83841,76.62331,35477
Igatpuri,Maharashtra,19.69522,73.5626,35461
Perumanna,Kerala,11.2529,75.89059,35460
Budhana,Uttar Pradesh,29.28805,77.47534,35442
Lingsugur,Karnataka,16.15876,76.52174,35411
Rajpipla,Gujarat,21.86667,73.5,35392
Dharangaon,Maharashtra,21.01187,75.27407,35375
Mahemdavad,Gujarat,22.82359,72.75551,35368
Karamsad,Gujarat,22.54243,72.90392,35285
Surandai,Tamil Nadu,8.97574,77.41923,35272
Manali,Tamil Nadu,13.16667,80.26667,35248
Waris Aliganj,Bihar,25.0172,85.64047,35243
Pulgaon,Maharashtra,20.72204,78.32056,35238
Usilampatti,Tamil Nadu,9.96936,77.78621,35219
Puzhathi,Kerala,11.90112,75.38924,35212
Perunad,Kerala,8.94899,76.64274,35173
Karamadai,Tamil Nadu,11.24058,76.96009,35166
Giddalur,Andhra Pradesh,15.37439,78.92609,35150
Atmakur,Andhra Pradesh,15.88109,78.58704,35137
Pappinissheri,Kerala,11.95655,75.34034,35134
Vijapur,Gujarat,23.5623,72.74848,35118
Rawatsar,Rajasthan,29.26724,74.40288,35102
Dubrajpur,West Bengal,23.7902,87.37648,35087
Karumattampatti,Tamil Nadu,11.10933,77.182,35062
Jalalabad,Uttar Pradesh,27.72625,79.65523,35051
Marancheri,Kerala,10.74051,75.97096,35011
Podaturpet,Tamil Nadu,13.28169,79.48538,35000
Peruvallur,Kerala,11.10483,75.93269,34941
Rairangpur,Odisha,22.26675,86.17385,34929
Sirkazhi,Tamil Nadu,11.23725,79.73585,34927
Kichha,Uttarakhand,28.91154,79.52009,34904
Hebbagodi,Karnataka,12.82632,77.68085,34827
Chemancheri,Kerala,11.40482,75.72363,34819
Erattupetta,Kerala,9.68747,76.77891,34814
Ramdurg,Karnataka,15.94579,75.29785,34800
Jamadoba,Jharkhand,23.71667,86.4,34774
Safidon,Haryana,29.40596,76.67042,34728
Bolarum,Telangana,17.55606,78.34824,34667
Bareli,Madhya Pradesh,23.00445,78.2301,34663
Eramala,Kerala,11.68591,75.59104,34658
Shikarpur,Uttar Pradesh,28.28072,78.01411,34649
Sankeshwar,Karnataka,16.25649,74.48195,34637
Karjat,Maharashtra,18.9107,73.32354,34554
Bakhtiyarpur,Bihar,25.46179,85.53179,34533
Bagasra,Gujarat,21.48719,70.95516,34521
Villiappally,Kerala,11.62495,75.62875,34502
Aymanam,Kerala,9.60684,76.50055,34470
Angamali,Kerala,10.19055,76.38789,34399
Villianur,Puducherry,11.91393,79.75568,34383
Manipal,Karnataka,13.35,74.78333,34370
Lalsot,Rajasthan,26.55951,76.32915,34363
Mehidpur,Madhya Pradesh,23.48879,75.658,34362
Soyagaon,Maharashtra,20.5525,74.50687,34341
Sangola,Maharashtra,17.43948,75.19379,34321
Vedaraniyam,Tamil Nadu,10.37208,79.85095,34266
Kuruvattur,Kerala,11.33609,75.83511,34241
Muddebihal,Karnataka,16.33782,76.13173,34217
Navapur,Maharashtra,21.16157,73.79399,34207
Khachrod,Madhya Pradesh,23.42322,75.28185,34191
Yanamalakuduru,Andhra Pradesh,16.48531,80.66746,34177
Malajkhand,Madhya Pradesh,22.05158,80.71566,34176
Vapi INA,Gujarat,20.36006,72.93106,34162
Kunigal,Karnataka,13.02319,77.02518,34155
Kadur,Karnataka,13.55285,76.01164,34151
Chelambra,Kerala,11.15086,75.87192,34149
Hamirpur,Uttar Pradesh,25.9553,80.14842,34144
Risod,Maharashtra,19.97671,76.78799,34136
Kokrajhar,Assam,26.40107,90.27286,34136
Kalka,Himachal Pradesh,30.83982,76.94065,34134
Kagal,Maharashtra,16.57702,74.31544,34106
Parassala,Tamil Nadu,8.33869,77.15422,34096
Titlagarh,Odisha,20.28961,83.15233,34067
Begamganj,Madhya Pradesh,23.59917,78.34064,34031
Nagalapuram,Andhra Pradesh,13.38836,79.79623,34026
Jamkhed,Maharashtra,18.73519,75.31343,34017
Elampalloor,Kerala,8.95583,76.67388,33959
Jayamkondacholapuram,Tamil Nadu,11.21266,79.36369,33945
Tudiyalur,Tamil Nadu,11.08159,76.94464,33924
Alankod,Kerala,10.74603,76.03481,33918
Shahpura,Rajasthan,27.3912,75.95956,33895
Elayavur,Kerala,11.88918,75.4124,33853
Guledagudda,Karnataka,16.05025,75.78997,33851
Iramallur,Kerala,10.0619,76.57168,33829
Piro,Bihar,25.33218,84.40454,33785
Guskhara,West Bengal,23.49276,87.73484,33780
Umreth,Gujarat,22.69881,73.11561,33762
Narsipatnam,Andhra Pradesh,17.66709,82.61245,33757
Bahjoi,Uttar Pradesh,28.39502,78.62659,33752
Dharmabad,Maharashtra,18.89116,77.8494,33741
Chockli,Kerala,11.72745,75.55509,33732
Vemalwada,Telangana,18.46523,78.86894,33706
Colgong,Bihar,25.26328,87.23264,33700
Basudebpur,Odisha,21.11974,86.72896,33690
Rajakhera,Rajasthan,26.89802,78.171,33666
Hailakandi,Assam,24.68394,92.56097,33637
Jagatsinghapur,Odisha,20.2557,86.17112,33631
Gevrai,Maharashtra,19.26372,75.75007,33562
Madikeri,Karnataka,12.42602,75.7382,33540
Kopaganj,Uttar Pradesh,26.01923,83.5663,33539
Thana Bhawan,Uttar Pradesh,29.58605,77.41811,33498
Pundri,Haryana,29.76096,76.56034,33484
Vagholi,Maharashtra,18.5823,73.98301,33479
Birmitrapur,Odisha,22.4,84.76667,33442
Chaksu,Rajasthan,26.6051,75.94814,33432
Darsi,Andhra Pradesh,15.76978,79.67939,33418
Zaidpur,Uttar Pradesh,26.83093,81.32929,33397
Remuna,Odisha,21.52798,86.87156,33378
Puthenvelikara,Kerala,10.18511,76.24537,33372
Amli,Dadra and Nagar Haveli and Daman and Diu,20.28333,73.01667,33369
Anupgarh,Rajasthan,29.19111,73.20861,33309
Salaya,Gujarat,22.31038,69.60376,33246
Idangansalai,Tamil Nadu,11.62721,77.98898,33245
Kosamba,Gujarat,21.46202,72.95842,33221
Basavana Bagevadi,Karnataka,16.57278,75.97252,33198
Muhammadabad,Uttar Pradesh,25.61907,83.75576,33186
Lakhyabad,West Bengal,23.66667,86.66667,33162
Aya Nagar,Delhi,28.47202,77.1327,33123
Umaria,Madhya Pradesh,23.52473,80.83716,33114
Chanderi,Madhya Pradesh,24.71312,78.13809,33081
Ajanur,Kerala,12.33614,75.09297,33079
Manendragarh,Chhattisgarh,23.21337,82.20232,33071
Ramgarh,Rajasthan,28.17096,74.97973,33024
Bhadasar,Rajasthan,28.31457,74.28952,33006
Srvanampatti,Tamil Nadu,11.07643,77.00449,32920
Patratu,Jharkhand,23.66505,85.30353,32899
Bhokar,Maharashtra,19.21933,77.66962,32899
Sanchor,Rajasthan,24.75361,71.7728,32875
Kurumbapet,Puducherry,11.93983,79.77127,32871
Kaimganj,Uttar Pradesh,27.55441,79.33525,32858
Bamaur,Madhya Pradesh,26.33895,78.10104,32838
Janjgir,Chhattisgarh,22.00922,82.5778,32833
Egra,West Bengal,21.89947,87.53794,32832
Bihariganj,Bihar,25.73415,86.98837,32805
Mushabani,Jharkhand,22.51135,86.45713,32761
Udaipur,Tripura,23.53333,91.48333,32758
Dighwara,Bihar,25.74434,85.01003,32741
Ngur,Mizoram,23.53798,93.3732,32734
Garhakota,Madhya Pradesh,23.7791,79.14321,32726
Vengola Kizhakkumbagam,Kerala,10.06374,76.47606,32697
Mamun,Punjab,32.28241,75.69831,32689
Nanjikkottai,Tamil Nadu,10.72925,79.14245,32689
Bijuri,Madhya Pradesh,23.25236,82.11673,32682
Ghugus,Maharashtra,19.9381,79.11192,32654
Taranagar,Rajasthan,28.6686,75.03207,32640
Nepanagar,Madhya Pradesh,21.4538,76.39335,32611
Badepalli,Telangana,16.7549,78.14427,32598
Nautanwa,Uttar Pradesh,27.42752,83.41789,32587
Pirzadaguda,Telangana,17.39455,78.59047,32586
Hisua,Bihar,24.8336,85.41729,32585
Shamshabad,Telangana,17.25186,78.41835,32583
Vallabh Vidyanagar,Gujarat,22.53333,72.9,32581
Erraguntla,Andhra Pradesh,14.63853,78.53974,32574
Edappal,Kerala,10.78339,76.00789,32550
Manuguru,Telangana,17.93023,80.82671,32539
Soro,Odisha,21.27851,86.68833,32531
Ulliyeri,Kerala,11.45247,75.76662,32509
Saoner,Maharashtra,21.3851,78.92155,32498
Muttayyapuram,Tamil Nadu,8.7498,78.13112,32494
Manwath,Maharashtra,19.30133,76.49735,32488
Dhandhuka,Gujarat,22.38185,71.98664,32475
Jujuvadi,Tamil Nadu,12.76794,77.79184,32474
Hatta,Madhya Pradesh,24.13406,79.60119,32465
Jagdispur,Bihar,25.46811,84.41939,32447
Almora,Uttarakhand,29.59713,79.65911,32442
Thuraiyur,Tamil Nadu,11.14805,78.59911,32439
Saknepalli,Telangana,18.92862,79.45712,32385
Anta,Rajasthan,25.15,76.3,32377
Gajendragarh,Karnataka,15.73628,75.96976,32359
Narsinghgarh,Madhya Pradesh,23.70758,77.09319,32329
Kalyandurg,Andhra Pradesh,14.54519,77.10552,32328
Chittur,Kerala,10.69967,76.7471,32298
Madhapar,Gujarat,23.23756,69.69946,32293
Chhabra,Rajasthan,24.66472,76.84379,32285
Manamadurai,Tamil Nadu,9.67318,78.47096,32257
Tiruchchendur,Tamil Nadu,8.49725,78.11906,32171
Bisauli,Uttar Pradesh,28.30772,78.93678,32154
Kangayam,Tamil Nadu,11.00599,77.5609,32147
Mannanchori,Kerala,9.5722,76.35245,32139
Kakching,Manipur,24.4982,93.98126,32138
Turaiyur,Tamil Nadu,11.14968,78.5987,32134
Bijaynagar,Rajasthan,25.92976,74.64916,32124
Ferokh,Kerala,11.17989,75.84141,32122
Dhamnod,Madhya Pradesh,22.20928,75.47057,32093
Jora Khurd,Madhya Pradesh,26.48927,77.97578,32087
Pavugada,Karnataka,14.09953,77.28018,32063
Thenhippalam,Kerala,11.13232,75.88224,32045
Halvad,Gujarat,23.01516,71.18029,32024
Meerpet,Telangana,17.32098,78.53046,32013
Zamania,Uttar Pradesh,25.41961,83.55786,32008
Bhatkal,Karnataka,13.98534,74.55531,32000
Makhdumpur,Bihar,25.06567,84.97247,31994
Shafi Pur Ranhola,Delhi,28.65729,77.04001,31944
Jaridih,Jharkhand,23.76571,85.93864,31882
Rasra,Uttar Pradesh,25.8576,83.85487,31876
Sadpalli,Telangana,17.20995,80.83642,31857
Sattur,Tamil Nadu,9.35592,77.92457,31856
Maur,Punjab,30.08333,75.25,31849
Chhota Gobindpur,Jharkhand,22.74588,86.25886,31843
Sasvad,Maharashtra,18.34351,74.03102,31821
Vilavoorkkal,Kerala,8.48093,77.02204,31761
Kotma,Madhya Pradesh,23.20383,81.97904,31756
Kottaikuppam,Tamil Nadu,11.96126,79.83923,31726
Khaira,Maharashtra,19.78673,72.76161,31699
Talikota,Karnataka,16.47311,76.31085,31693
Puzhal,Tamil Nadu,13.16475,80.20385,31665
Kalpatta,Kerala,11.60871,76.08343,31580
Ambad,Maharashtra,19.61301,75.78906,31553
Sijua,Jharkhand,23.77617,86.33028,31537
Rahatgarh,Madhya Pradesh,23.78968,78.39473,31537
Vandavasi,Tamil Nadu,12.50429,79.60556,31530
Tirumuruganpundi,Tamil Nadu,11.16493,77.30838,31528
Thanneermukkom,Kerala,9.66337,76.38073,31525
Parur,Kerala,10.1477,76.23,31503
Gomoh,Jharkhand,23.87355,86.1516,31495
Elur,Kerala,10.06667,76.28333,31468
Chemmumiahpet,Andhra Pradesh,14.46289,78.81191,31416
Jalalpur,Uttar Pradesh,26.31162,82.73859,31388
Kharagpur,Bihar,25.12446,86.55578,31385
Sri Madhopur,Rajasthan,27.46599,75.59736,31366
Lumding Railway Colony,Assam,25.74903,93.16998,31347
Ahmedgarh,Punjab,30.67731,75.82633,31302
Chitapur,Karnataka,17.12357,77.0824,31299
Jhanjharpur,Bihar,26.26467,86.27993,31283
Naspur,Telangana,18.84577,79.46165,31244
Singanallur,Tamil Nadu,10.99898,77.03238,31239
Unchagao,Maharashtra,16.69746,74.27325,31238
Bagru,Rajasthan,26.81067,75.54702,31229
Cheriyamundam,Kerala,10.94764,75.95643,31212
Allapuram,Tamil Nadu,12.89509,79.12786,31211
Ramapuram,Andhra Pradesh,13.10091,79.1841,31169
Rosera,Bihar,25.75494,86.03155,31155
Podili,Andhra Pradesh,15.60639,79.61489,31145
Shrigonda,Maharashtra,18.61527,74.69895,31134
Kalliyassheri,Kerala,11.97549,75.36453,31122
Kannanendal,Tamil Nadu,9.96487,78.14159,31095
Pandharkawada,Maharashtra,20.02108,78.54628,31094
Mankachar,Meghalaya,25.53347,89.86373,31091
Katirur,Kerala,11.78491,75.53015,31087
Erandol,Maharashtra,20.92206,75.32641,31071
Adirampattinam,Tamil Nadu,10.34059,79.37905,31066
Kurali,Punjab,30.83424,76.57677,31060
Jagdishpur,Uttar Pradesh,26.74967,80.5451,31029
Ponneri,Tamil Nadu,13.33868,80.19487,31025
Shamsabad,Uttar Pradesh,27.01718,78.12358,31009
Malakanagiri,Odisha,18.36428,81.888,31007
Mangrul Pir,Maharashtra,20.31379,77.34178,30983
Narsampet,Telangana,17.92786,79.89227,30963
Berasia,Madhya Pradesh,23.63134,77.43351,30951
Badami,Karnataka,15.91495,75.67683,30943
Pasan,Chhattisgarh,22.84412,82.19823,30928
Pamban,Tamil Nadu,9.27904,79.21086,30926
Banda,Madhya Pradesh,24.04488,78.96094,30923
Kondagaon,Chhattisgarh,19.59083,81.664,30921
Kalakkadu,Tamil Nadu,8.5138,77.54944,30921
Puthuppariyaram,Kerala,10.81314,76.62869,30895
Vilangudi,Tamil Nadu,9.94578,78.09352,30884
Rudarpur,Uttar Pradesh,26.44467,83.61302,30873
Sholinghur,Tamil Nadu,13.1181,79.42025,30856
Manavadar,Gujarat,21.49813,70.13775,30850
Puraini,Bihar,25.14257,86.97967,30829
Deulgaon Raja,Maharashtra,20.01757,76.03755,30827
Dharmadam,Kerala,11.77538,75.46459,30804
Madurantakam,Tamil Nadu,12.51167,79.88485,30796
Kizhuvalam-Koonthalloor,Kerala,8.66251,76.80966,30770
Dharamsala,Himachal Pradesh,32.22006,76.32013,30764
Pedana,Andhra Pradesh,16.25582,81.14378,30721
Kaij,Maharashtra,18.71364,76.06718,30704
Kallamchavadi,Tamil Nadu,12.95306,80.13083,30702
Un,Gujarat,23.88745,71.76975,30671
Vadanappally,Kerala,10.46905,76.08129,30657
Irimbiliyam,Kerala,10.86242,76.09218,30635
Mudbidri,Karnataka,13.06653,74.99525,30632
Pallappatti,Tamil Nadu,10.72057,77.87951,30624
Cheranellur,Kerala,10.05428,76.2896,30594
Maharaganj,Uttar Pradesh,27.14456,83.56214,30548
Nagavaram,Telangana,17.48862,78.60208,30502
Tarakeswar,West Bengal,22.88605,88.01363,30475
Tifra,Chhattisgarh,22.06312,82.13129,30465
Siraspur,Delhi,28.75815,77.13087,30445
Kundapura,Karnataka,13.63126,74.6902,30444
Uran,Maharashtra,18.87813,72.93924,30439
Kasba,Bihar,25.85643,87.53836,30421
Karjan,Gujarat,22.04671,73.11814,30405
Muvattupuzha,Kerala,9.97985,76.57381,30397
Manawar,Madhya Pradesh,22.23566,75.08917,30393
Pihani,Uttar Pradesh,27.61987,80.20343,30369
Madukkarai,Tamil Nadu,10.90568,76.96344,30357
Amlai,Madhya Pradesh,23.19838,81.58064,30354
Mansa,Gujarat,23.42564,72.65739,30347
Dharuhera,Haryana,28.20553,76.79691,30344
Sarkhej,Gujarat,22.98297,72.50196,30341
Banmankhi Bazar,Bihar,25.88761,87.19356,30336
Rehli,Madhya Pradesh,23.63722,79.06275,30329
Taramangalam,Tamil Nadu,11.69403,77.97035,30222
Amla,Madhya Pradesh,21.92485,78.12786,30215
Tirukkoyilur,Tamil Nadu,11.9662,79.20259,30212
Musiri,Tamil Nadu,10.95299,78.44427,30209
Hirakud,Odisha,21.52502,83.87275,30207
Khair,Uttar Pradesh,27.94195,77.84243,30173
Rajauli,Bihar,24.64486,85.50028,30170
Kakkalapalle,Andhra Pradesh,14.64152,77.56684,30128
Cherukavu,Kerala,11.17307,75.90858,30126
Seoni Malwa,Madhya Pradesh,22.45046,77.4665,30100
Oddanchathiram,Tamil Nadu,10.48013,77.74977,30064
Fatehpur Sikri,Uttar Pradesh,27.0937,77.66003,30026
Azhiyur,Kerala,11.69348,75.56013,30023
Byadgi,Karnataka,14.67325,75.4868,30014
Birpara,West Bengal,26.70421,89.14547,30000
Cherpulassery,Kerala,10.87655,76.30932,30000
Multai,Madhya Pradesh,21.77463,78.25756,29976
Holenarasipura,Karnataka,12.78635,76.24331,29974
Talaja,Gujarat,21.3527,72.03524,29948
Marhaura,Bihar,25.97349,84.86796,29932
Kareli,Madhya Pradesh,22.91533,79.06378,29929
Bhongaon,Uttar Pradesh,27.25515,79.18118,29911
Baddi,Himachal Pradesh,30.95783,76.79136,29911
Panakkudi,Tamil Nadu,8.322,77.57711,29895
Gadhada,Gujarat,21.96957,71.57828,29872
Pulakkod,Kerala,11.30975,75.94995,29872
Mukerian,Punjab,31.95394,75.61716,29841
Ariyankuppam,Puducherry,11.89532,79.80709,29808
Karumalur,Kerala,10.1329,76.27992,29805
Kottarakara,Kerala,9.00359,76.77383,29788
Mavoor,Kerala,11.26667,75.91667,29781
Pilani,Rajasthan,28.36725,75.60352,29741
Devarkonda,Telangana,16.69186,78.92073,29731
Rajgarh,Madhya Pradesh,24.00826,76.7325,29726
Minad,Kerala,8.85031,76.69516,29716
Nedumbassery,Kerala,10.15646,76.40167,29706
Rajura,Maharashtra,19.77947,79.36459,29668
Bilari,Uttar Pradesh,28.62146,78.80361,29666
Muvattupula,Kerala,9.98493,76.57728,29664
Adur,Kerala,9.15595,76.73192,29652
Walwadi,Maharashtra,20.92085,74.76111,29636
Puthuppally,Kerala,9.55752,76.57483,29635
Raisinghnagar,Rajasthan,29.53583,73.44917,29626
Miranpur Katra,Uttar Pradesh,28.02963,79.66778,29626
Kidarakulam,Kerala,8.56688,76.99129,29624
Kuttuparamba,Kerala,11.82775,75.5659,29619
Arangaon,Maharashtra,19.02681,74.71487,29591
Pakridayal,Bihar,26.56271,85.0452,29582
Dhanera,Gujarat,24.50967,72.02343,29578
Chengamanad,Kerala,10.15409,76.34159,29576
Lakheri,Rajasthan,25.67237,76.17692,29572
Kalavoor,Kerala,9.57046,76.32756,29564
Behror,Rajasthan,27.88832,76.28108,29531
Reddipalaiyam,Tamil Nadu,13.10778,80.12056,29511
Zunheboto,Nagaland,25.96667,94.51667,29499
Rajaori,Jammu and Kashmir,33.37526,74.3092,29486
Sankagiri,Tamil Nadu,11.47599,77.86637,29467
Mharal Bk,Maharashtra,19.24588,73.1771,29462
Mainaguri,West Bengal,26.56263,88.8204,29459
Nedumpana,Kerala,8.90796,76.69298,29454
Puttankulam,Kerala,8.8138,76.71791,29447
Sagwara,Rajasthan,23.67951,74.02013,29439
Nagar Karnul,Telangana,16.4821,78.32471,29439
Ibrahimpatnam,Andhra Pradesh,16.58303,80.51432,29432
Vadakku Valliyur,Tamil Nadu,8.38286,77.61221,29417
Jamtara,Jharkhand,23.963,86.80285,29415
Khedbrahma,Gujarat,24.0299,73.04632,29402
Tirukkalikkunram,Tamil Nadu,12.60799,80.0555,29391
Talakkolattur,Kerala,11.35366,75.75798,29388
Palkonda,Andhra Pradesh,18.60374,83.75568,29378
Cheruthazham,Kerala,12.08097,75.26272,29348
Dhari,Gujarat,21.32855,71.02645,29346
Amballur,Kerala,10.43431,76.26341,29341
Koovappady,Kerala,10.15525,76.48544,29339
Chendamangalam,Kerala,10.16322,76.23456,29326
Jewar,Uttar Pradesh,28.122,77.55734,29316
Nawapara,Chhattisgarh,20.97173,81.85884,29315
Tarsadi,Gujarat,21.46996,72.9521,29305
Ner,Maharashtra,20.48971,77.86632,29302
Vijayapuram,Kerala,9.59123,76.56124,29248
Husainabad,Jharkhand,24.52849,84.0,29241
Udaipurwati,Rajasthan,27.73011,75.47161,29236
Jandiala Guru,Punjab,31.56198,75.0277,29232
Bachhraon,Uttar Pradesh,28.92694,78.23456,29232
Irinjalakuda,Kerala,10.34238,76.21124,29208
Renwal,Rajasthan,27.15767,75.35808,29201
Kumbalam,Kerala,9.9063,76.31127,29193
Basni,Rajasthan,27.17232,73.64519,29187
Morigaon,Assam,26.24908,92.34764,29164
Madhugiri,Karnataka,13.66035,77.21239,29159
Urakam,Kerala,11.05124,75.98833,29157
Islamnagar,Uttar Pradesh,28.32896,78.72524,29144
Ariyalur,Tamil Nadu,11.13849,79.07556,29144
Ponmana,Kerala,9.00798,76.52023,29139
Mahendragarh,Haryana,28.26935,76.15253,29128
Mudalgi,Karnataka,16.33685,74.96768,29128
Nakrekal,Telangana,17.16259,79.42754,29126
Unamaucheri,Tamil Nadu,12.8608,80.10659,29122
Gorai,Maharashtra,19.25,72.78333,29107
Uttamapalaiyam,Tamil Nadu,9.80701,77.32718,29050
Khandela,Rajasthan,27.60499,75.502,29044
Sirsaganj,Uttar Pradesh,27.05715,78.68661,29034
Chodavaram,Andhra Pradesh,17.82884,82.93526,29000
Umarkot,Chhattisgarh,19.66529,82.20629,28993
Hupari,Maharashtra,16.61667,74.40442,28953
Suar,Uttar Pradesh,29.02841,79.05654,28941
Devadurga,Karnataka,16.42314,76.93577,28929
Manoharpur,Rajasthan,27.29769,75.9495,28928
Nahan,Himachal Pradesh,30.56029,77.29426,28899
Ladwa,Haryana,29.9935,77.04563,28887
Gil,Punjab,30.84692,75.86362,28884
Gunupur,Odisha,19.0804,83.80879,28870
Avinashi,Tamil Nadu,11.19297,77.26865,28868
Kotagiri,Tamil Nadu,11.42072,76.86035,28848
Sikka,Gujarat,22.43218,69.84158,28814
Panipat Taraf Rajputan,Haryana,29.36089,76.94258,28803
Kondotty,Kerala,11.1423,75.9657,28794
Rusera,Bihar,25.75355,86.02597,28781
Desaiganj,Maharashtra,20.62354,79.96454,28781
Maddur,Karnataka,12.58283,77.04294,28754
Nongstoin,Meghalaya,25.51704,91.26484,28742
Raikot,Punjab,30.65,75.6,28734
Dinapur Cantonment,Bihar,25.63616,85.02026,28723
Jhalod,Gujarat,23.10097,74.15536,28720
Karera,Madhya Pradesh,25.45815,78.13583,28705
Murliganj,Bihar,25.8969,86.99577,28691
Soron,Uttar Pradesh,27.89055,78.74621,28683
Mukher,Maharashtra,18.70636,77.36795,28647
Vandiyur,Tamil Nadu,9.90917,78.16088,28646
Alandi,Maharashtra,18.67756,73.89868,28645
Pattambi,Kerala,10.80005,76.18408,28632
Tekkali,Andhra Pradesh,18.6057,84.23546,28631
Duliajan,Assam,27.36035,95.31806,28626
Duliajan Oil Town,Assam,27.3578,95.31407,28626
Karaippudur,Tamil Nadu,11.05674,77.30613,28602
Ambikapuram,Kerala,10.79385,76.65303,28592
Suryampalaiyam,Tamil Nadu,11.40445,77.71227,28585
Motipur,Bihar,26.25267,85.16076,28572
Alangulam,Tamil Nadu,8.86404,77.49937,28558
Addanki,Andhra Pradesh,15.81061,79.97338,28547
Bemetara,Chhattisgarh,21.71556,81.53423,28536
Milak,Uttar Pradesh,28.61031,79.16997,28505
Losal,Rajasthan,27.4,74.91667,28504
Alirajpur,Madhya Pradesh,22.30393,74.35568,28498
Pardi,Gujarat,20.5087,72.94569,28495
Kinwat,Maharashtra,19.62557,78.1987,28454
Pasan,Madhya Pradesh,23.16485,81.92859,28447
Lalgola,West Bengal,24.42244,88.25238,28442
Utraula,Uttar Pradesh,27.31933,82.41872,28437
Baikunthpur,Chhattisgarh,23.26206,82.56051,28431
Jowai,Meghalaya,25.43596,92.19132,28430
Ochira,Kerala,9.13478,76.51169,28412
Rapar,Gujarat,23.57267,70.64718,28407
Jammu Cantonment,Jammu and Kashmir,32.70438,74.86114,28396
Banswada,Telangana,18.37725,77.88007,28384
Hosadurga,Karnataka,13.79631,76.28408,28370
Ramanayyapeta,Andhra Pradesh,16.94516,82.2385,28369
Minjur,Tamil Nadu,13.27951,80.25815,28337
Sonamukhi,West Bengal,23.30521,87.41336,28334
Kukshi,Madhya Pradesh,22.20677,74.75788,28331
Kansad,Gujarat,21.07466,72.87888,28327
Kalavad,Gujarat,22.20789,70.38343,28314
Jashpur Nagar,Chhattisgarh,22.88783,84.13864,28301
Mavelikara,Kerala,9.25929,76.55642,28300
Dhanaura,Uttar Pradesh,28.95912,78.25629,28285
Jalgaon Jamod,Maharashtra,21.05194,76.53464,28276
Pallipuram,Kerala,9.75502,76.35724,28276
Sujanpur,Punjab,32.31625,75.60741,28270
Annigeri,Karnataka,15.42513,75.4335,28267
Piravam,Kerala,9.86667,76.5,28254
Ganderbal,Jammu and Kashmir,34.22619,74.77478,28233
Uliyazhathura,Kerala,8.58165,76.92242,28230
Mandi,Himachal Pradesh,31.71194,76.93273,28217
Atholi,Kerala,11.38853,75.7597,28213
Shiggaon,Karnataka,14.99053,75.22499,28207
Pandua,West Bengal,23.07492,88.28637,28205
Punch,Jammu and Kashmir,33.77033,74.09254,28197
Kottaikadu,Tamil Nadu,12.25556,79.98226,28172
Hangal,Karnataka,14.76465,75.1246,28159
Jhadeshwar,Gujarat,21.71361,73.03231,28148
Polur,Tamil Nadu,12.51217,79.12405,28123
Sheohar,Bihar,26.51393,85.29341,28116
Perumbavoor,Kerala,10.10695,76.47366,28110
Gundlupet,Karnataka,11.81004,76.69027,28105
Sachin,Gujarat,21.08718,72.88153,28102
Koynanagar,Maharashtra,17.4,73.76667,28091
Gotegaon,Madhya Pradesh,23.02888,79.48233,28074
Kalwakurti,Telangana,16.66396,78.49143,28060
Sheoganj,Rajasthan,25.13915,73.06784,28053
Devanahalli,Karnataka,13.24655,77.71183,28051
Aron,Madhya Pradesh,24.38109,77.41739,28010
Hadagalli,Karnataka,15.02048,75.93185,27967
Patran,Punjab,29.9577,76.0486,27963
Tharad,Gujarat,24.39597,71.62577,27954
Panagar,Madhya Pradesh,23.28539,79.99509,27932
Dasna,Uttar Pradesh,28.67736,77.52252,27926
Kulittalai,Tamil Nadu,10.93487,78.41251,27910
Sulur,Tamil Nadu,11.02427,77.12565,27909
Rangia,Assam,26.44931,91.61356,27889
Bamor Kalan,Madhya Pradesh,24.89298,78.15105,27860
Umargam,Gujarat,20.19718,72.75035,27859
Nalbari,Assam,26.43937,91.44041,27839
Pallikunnu,Kerala,11.88993,75.35652,27820
Trittala,Kerala,10.80303,76.12885,27796
Vadnagar,Gujarat,23.78593,72.63893,27790
Jaswantnagar,Uttar Pradesh,26.88271,78.90256,27777
Afzalgarh,Uttar Pradesh,29.3937,78.67393,27753
Gangapur,Maharashtra,19.69718,75.01045,27745
Mahna,Punjab,30.22798,74.99365,27733
Raipur,Uttarakhand,30.31097,78.08979,27702
Mathur,Tamil Nadu,13.17097,80.24759,27674
Tehri,Uttarakhand,30.39086,78.4803,27611
Magadi,Karnataka,12.95706,77.22374,27605
Puvatuparamba,Kerala,11.271,75.88945,27598
Baspalli,Telangana,17.53909,78.36355,27563
Mahad,Maharashtra,18.08333,73.41667,27536
Ezhupunna,Kerala,9.8211,76.29982,27528
Sankrail,West Bengal,22.54997,88.22515,27523
Waraseoni,Madhya Pradesh,21.76184,80.04301,27494
Beldanga,West Bengal,23.93428,88.26018,27489
Jiladiguda,Telangana,17.332,78.52553,27461
Sausar,Madhya Pradesh,21.65576,78.79669,27459
Moothakunnam,Kerala,10.18995,76.20079,27458
Pathirappally,Kerala,9.53539,76.32205,27445
Hadgaon,Maharashtra,19.49552,77.65863,27433
Chandrapura,Jharkhand,23.74877,86.11955,27425
Rajaldesar,Rajasthan,28.02849,74.47442,27419
Pachor,Madhya Pradesh,23.70982,76.73387,27396
Sadri,Rajasthan,25.18555,73.45288,27390
Miranpur,Uttar Pradesh,29.29026,77.94939,27390
Azhoor,Kerala,8.64415,76.79897,27390
Kullattur,Tamil Nadu,12.94194,80.19472,27374
Balussheri,Kerala,11.44738,75.82944,27363
Kalanwali,Haryana,29.83573,74.9717,27355
Kadodara,Gujarat,21.1616,72.9623,27336
Chakapara,West Bengal,22.63222,88.34861,27320
Nanminda,Kerala,11.42325,75.82308,27316
Nokha,Bihar,25.10479,84.1162,27302
Kattumannarkoil,Tamil Nadu,11.27631,79.55784,27294
Kalamb,Maharashtra,19.04437,73.95554,27287
Andippatti,Tamil Nadu,9.99797,77.62097,27287
Arumuganeri,Tamil Nadu,8.5688,78.09091,27266
Elamanchili,Andhra Pradesh,17.54907,82.85749,27265
Adichanallur,Kerala,8.88049,76.71558,27240
Laitumkhrah,Meghalaya,25.57067,91.89771,27219
Gulabpura,Rajasthan,25.90448,74.66025,27215
Pathardi,Maharashtra,19.17279,75.17425,27211
Kundarkhi,Uttar Pradesh,28.68304,78.78559,27197
Ukhrul,Manipur,25.11957,94.36417,27187
Gadhinglaj,Maharashtra,16.22291,74.3501,27185
Bilgram,Uttar Pradesh,27.17509,80.03201,27173
Ali,Delhi,28.5161,77.30993,27169
Jafarabad,Gujarat,20.86611,71.36606,27167
Bidhuna,Uttar Pradesh,26.80172,79.50829,27158
Bhelai,Chhattisgarh,22.3093,82.60953,27158
Ayakudi,Tamil Nadu,10.44992,77.55198,27156
Vettanad,Kerala,8.60587,76.94235,27140
Asandh,Haryana,29.52119,76.60552,27125
Perumpavur,Kerala,10.11544,76.47611,27105
Chanpatia,Bihar,26.94442,84.5377,27095
Afzalpur,Karnataka,17.19986,76.36018,27088
Gobindpur,Jharkhand,22.63393,86.07162,27066
Tikkotti,Kerala,11.48333,75.61667,27051
Gingee,Tamil Nadu,12.25282,79.41727,27045
Raver,Maharashtra,21.24757,76.03509,27039
Bagepalli,Karnataka,13.78338,77.79667,27011
Kotdwara,Uttarakhand,29.74612,78.52219,27009
Payakaraopeta,Andhra Pradesh,17.36784,82.56826,27001
Bhawanipur,Bihar,26.45352,87.02744,27000
Elamkunnapuzha,Kerala,10.02674,76.22229,26997
Ettumanoor,Kerala,9.67,76.57,26993
Latehar,Jharkhand,23.74423,84.49984,26981
Chengam,Tamil Nadu,12.30889,78.79137,26980
Kumarapuram,Kerala,9.27078,76.43257,26943
Margherita,Assam,27.28482,95.66796,26914
Kulasekarapuram,Kerala,9.0912,76.53034,26907
Samba,Jammu and Kashmir,32.56245,75.11993,26893
Pirthipur,Madhya Pradesh,25.20837,78.75158,26883
Vepagunta,Andhra Pradesh,17.77844,83.21577,26881
Vadipatti,Tamil Nadu,10.08481,77.96113,26830
Shenkottai,Tamil Nadu,8.97741,77.24633,26823
Edaccheri,Kerala,11.68178,75.6248,26819
Banmankhi,Bihar,25.88857,87.19421,26806
Srinivaspur,Karnataka,13.33914,78.21175,26793
Palavakkam,Tamil Nadu,12.9535,80.2572,26766
Chandur,Maharashtra,19.73444,79.17167,26755
Indapur,Maharashtra,18.3,73.25,26752
Varappuzha,Kerala,10.07589,76.27152,26750
Kemri,Uttar Pradesh,28.80673,79.2048,26726
Alattur,Kerala,10.65,76.53333,26720
Bela,Bihar,25.55707,84.43078,26707
Krishnapuram,Kerala,9.15212,76.52338,26705
Kartarpur,Punjab,31.44268,75.49847,26701
Mamidalapadu,Andhra Pradesh,15.85409,78.01481,26694
Karhal,Uttar Pradesh,27.00089,78.93935,26693
Lar,Uttar Pradesh,26.20394,83.96906,26688
Kudligi,Karnataka,14.905,76.38527,26680
Aliganj,Uttar Pradesh,27.49358,79.17127,26652
Baloda Bazar,Chhattisgarh,21.65678,82.16062,26632
Manihari,Bihar,25.33891,87.61998,26629
Kottur,Tamil Nadu,10.53646,76.98034,26627
Faizpur,Maharashtra,21.16766,75.86006,26602
Manasa,Madhya Pradesh,24.47764,75.14095,26551
Sankarapatti,Tamil Nadu,10.0477,78.74719,26536
Songadh,Gujarat,21.16966,73.56357,26515
Pauri,Uttarakhand,30.15286,78.7771,26514
Shahganj,Uttar Pradesh,26.04965,82.68423,26510
Dhrol,Gujarat,22.567,70.41769,26496
Pallippatti,Tamil Nadu,11.9399,78.40161,26492
Barwah,Madhya Pradesh,22.25394,76.03853,26459
Mauganj,Madhya Pradesh,24.66721,81.87339,26420
Bablai,Haryana,30.35729,76.879,26412
Terdal,Karnataka,16.49379,75.04667,26411
Nadbai,Rajasthan,27.22288,77.19569,26411
Kallidaikurichi,Tamil Nadu,8.68591,77.46592,26398
Taloda,Maharashtra,21.56128,74.21238,26363
Murugampalaiyam,Tamil Nadu,11.08063,77.32381,26349
Mon,Nagaland,26.73583,95.05841,26328
Kheri,Uttar Pradesh,27.90354,80.79754,26327
Bilsi,Uttar Pradesh,28.12941,78.9109,26320
Basi,Punjab,30.58813,76.84498,26295
Ayancheri,Kerala,11.62609,75.67427,26293
Kotturu,Karnataka,14.82442,76.22005,26289
Anjad,Madhya Pradesh,22.04171,75.05519,26289
Chinnalapatti,Tamil Nadu,10.28481,77.92332,26285
Narasannapeta,Andhra Pradesh,18.41428,84.04463,26280
Ongallur-II,Kerala,10.78974,76.21898,26273
Aklera,Rajasthan,24.41288,76.56719,26240
Mirganj,Bihar,26.37345,84.33489,26240
Kudlu,Kerala,12.52979,74.97881,26235
Tekkalakote,Karnataka,15.53444,76.87703,26224
Mungaoli,Madhya Pradesh,24.40837,78.09588,26192
Budhlada,Punjab,29.92799,75.56205,26172
Anuppanadi,Tamil Nadu,9.90396,78.14326,26158
Reengus,Rajasthan,27.3636,75.56838,26139
Sutrapara,Gujarat,20.84352,70.48318,26132
Kodoli,Maharashtra,17.67023,74.03469,26106
Phulera,Rajasthan,26.87401,75.24171,26091
Renigunta,Andhra Pradesh,13.65143,79.51256,26031
Basi,Rajasthan,26.8315,76.04856,26029
Khoni,Maharashtra,19.31734,73.05973,26016
Areraj,Bihar,26.5503,84.6801,26014
Muttanampalaiyam,Tamil Nadu,11.08453,77.3969,26014
Junnar,Maharashtra,19.20815,73.8752,25997
Mehsi,Bihar,26.35574,85.09251,25995
Edavai,Kerala,8.7645,76.68845,25994
Mangaldai,Assam,26.44212,92.03047,25989
Naduvannur,Kerala,11.48772,75.77511,25979
Krishnarajpet,Karnataka,12.66621,76.4877,25946
Tirawari,Haryana,29.80147,76.92825,25944
Mannachanallur,Tamil Nadu,10.90988,78.69927,25931
Periyanayakkanpalaiyam,Tamil Nadu,11.15255,76.95159,25930
Kuttikkattur,Kerala,11.26258,75.8796,25929
Jaynagar Majilpur,West Bengal,22.1752,88.42008,25922
Kailaras,Madhya Pradesh,26.30498,77.616,25920
Chipurupalle,Andhra Pradesh,18.31142,83.56846,25898
Iringal,Kerala,11.55929,75.61663,25894
Jamjodhpur,Gujarat,21.90219,70.0357,25892
Chumukedima,Nagaland,25.82483,93.77592,25885
Thodiyoor,Kerala,9.07797,76.57772,25884
Nalhati,West Bengal,24.29704,87.82899,25878
Jamul,Chhattisgarh,21.25,81.4,25878
Kaladi,Kerala,10.81942,76.0064,25872
Muhamma,Kerala,9.60886,76.36083,25861
Ponmundam,Kerala,10.95356,75.9468,25855
Mulamthuruthy,Kerala,9.90032,76.38701,25852
Gokarna,Karnataka,14.55,74.31667,25851
Ganguwa,Haryana,29.11343,75.69578,25847
Koregaon,Maharashtra,18.64573,74.05909,25846
Kandla,Gujarat,23.03333,70.21667,25845
Erannoli,Kerala,11.76913,75.51766,25818
Karkala,Karnataka,13.21428,74.99234,25800
Darwha,Maharashtra,20.31017,77.77257,25791
Chhota Udepur,Gujarat,22.30401,74.0158,25787
Avanigadda,Andhra Pradesh,16.02148,80.91808,25761
Mussoorie,Uttarakhand,30.45498,78.07068,25753
Kuttippuram,Kerala,10.84246,76.03077,25750
Jaleshwar,Odisha,21.80176,87.2225,25747
Jais,Uttar Pradesh,26.2649,81.54855,25726
Kallam,Maharashtra,18.57506,76.02186,25713
Pawayan,Uttar Pradesh,28.06626,80.10305,25708
Irugur,Tamil Nadu,11.01782,77.06285,25691
Jevargi,Karnataka,17.01394,76.77317,25686
Mechcheri,Tamil Nadu,11.83412,77.94387,25676
Silao,Bihar,25.08358,85.42804,25674
Khajuraho Group of Monuments,Madhya Pradesh,24.84809,79.93351,25662
Silapathar,Assam,27.59441,94.72402,25662
Dakor,Gujarat,22.75268,73.14967,25658
Wadgaon,Maharashtra,16.83553,74.31338,25651
Deori Khas,Madhya Pradesh,23.39017,79.0163,25632
Jandiala,Punjab,31.1593,75.61755,25631
Balakrishnapuram,Tamil Nadu,10.35909,78.00261,25627
Panayattur Vadakkumbhagam,Kerala,8.95457,76.6185,25607
Pasighat,Arunachal Pradesh,28.06631,95.32678,25581
Kheda,Gujarat,22.75218,72.68533,25575
Nagar,Rajasthan,27.42397,77.09922,25572
Viswanatham,Tamil Nadu,9.42952,77.80032,25555
Kamalapuram,Karnataka,15.30442,76.47649,25552
Poranki,Andhra Pradesh,16.47771,80.70755,25545
Parangipettai,Tamil Nadu,11.49117,79.76053,25541
Andipalayam,Tamil Nadu,11.09246,77.31225,25539
Adampur,Haryana,29.28026,75.46818,25531
Kakkanad,Kerala,10.01636,76.34168,25531
Talikkulam,Kerala,10.44036,76.09483,25507
Colonelganj,Uttar Pradesh,27.13432,81.69868,25503
Mehndawal,Uttar Pradesh,26.97579,83.10995,25495
Koelwar,Bihar,25.58055,84.79751,25494
Harur,Tamil Nadu,12.05267,78.48023,25469
Bannur,Karnataka,12.33295,76.86201,25455
Mul,Maharashtra,20.06987,79.67826,25449
Kuttampuzha,Kerala,10.15033,76.73544,25436
Karuva,Kerala,8.95003,76.59861,25432
Doraha,Punjab,30.79953,76.02355,25424
Koothanallur,Tamil Nadu,10.7199,79.5157,25423
Khategaon,Madhya Pradesh,22.59573,76.9133,25413
Nileshwar,Kerala,12.25953,75.1352,25405
Edaicode,Tamil Nadu,8.38251,77.19834,25378
Kadakkavoor,Kerala,8.67921,76.76714,25362
Haludbani,Jharkhand,22.75123,86.2099,25360
Chandor,Maharashtra,20.3306,74.24467,25341
Sundarnagar,Himachal Pradesh,31.53523,76.905,25338
Karungappalli,Kerala,9.10422,76.53701,25336
Amarpur,Bihar,25.03967,86.90247,25336
Gadkhol,Gujarat,21.64381,73.01211,25332
Banganapalle,Andhra Pradesh,15.31771,78.22669,25325
Anupshahr,Uttar Pradesh,28.35748,78.26914,25306
Chitaguppa,Karnataka,17.69737,77.21525,25298
Babra,Gujarat,21.84577,71.30544,25270
Kithor,Uttar Pradesh,28.86684,77.93861,25262
Kallur Vadakummuri,Kerala,10.25317,76.32815,25259
Machhlishahr,Uttar Pradesh,25.68564,82.41106,25247
Bagha Purana,Punjab,30.68809,75.09838,25206
Bhander,Madhya Pradesh,25.73581,78.74555,25204
Azhikkod,Kerala,11.91985,75.33549,25195
Uttiramerur,Tamil Nadu,12.61433,79.75748,25194
Dasuya,Punjab,31.81679,75.6531,25192
Gursarai,Uttar Pradesh,25.61677,79.18053,25191
Paonta Sahib,Himachal Pradesh,30.43666,77.62462,25183
Tirora,Maharashtra,21.40409,79.92617,25181
Rajgurunagar,Maharashtra,18.86667,73.9,25146
Pottaneri Nallakavundanpatti,Tamil Nadu,11.80388,77.85673,25133
Kamaruddinnagar,Delhi,28.67695,77.05372,25126
Gauripur,Assam,26.08334,89.96118,25124
Rania,Haryana,29.52454,74.83689,25123
Mugalivakkam,Tamil Nadu,13.02054,80.16528,25117
Thazhecode,Kerala,11.32258,75.97579,25116
Saiha,Mizoram,22.49183,92.98143,25110
Chinna Salem,Tamil Nadu,11.63422,78.87412,25106
Vayalar,Kerala,9.71158,76.33888,25094
Ahraura,Uttar Pradesh,25.01579,83.03294,25075
Rampachodavaram,Andhra Pradesh,17.44088,81.77558,25074
Mangrol,Rajasthan,25.33061,76.50973,25073
Shrirangapattana,Karnataka,12.42264,76.68439,25061
Kharkhauda,Haryana,28.8787,76.91069,25051
Kantai,Bihar,26.21421,85.29749,25051
Kanigiri,Andhra Pradesh,15.40555,79.50694,25045
Chengannur,Kerala,9.31575,76.61513,25043
Sohagpur,Madhya Pradesh,22.70055,78.19522,25040
Chandauli,Uttar Pradesh,25.25803,83.26825,25035
Velur,Tamil Nadu,11.10825,78.00113,25012
Paramathi Velur,Tamil Nadu,11.1916,77.9563,25012
Naubatpur,Bihar,25.49856,84.96084,25011
Sandi,Uttar Pradesh,27.28867,79.9519,25008
Padam,Ladakh,33.46659,76.88488,25000
Marayur,Kerala,10.27641,77.16205,25000
Kolasib,Mizoram,24.22388,92.67869,25000
Shiraguppi,Maharashtra,16.61875,74.70907,25000
Abu,Rajasthan,24.59365,72.71756,24981
Sadulshahar,Rajasthan,29.9087,74.17567,24980
Borawar,Rajasthan,27.02366,74.67579,24975
Marutharod,Kerala,10.7751,76.69948,24963
Gajwel,Telangana,17.84816,78.68291,24961
Devarshola,Tamil Nadu,11.54366,76.44037,24954
Kunda,Uttar Pradesh,25.71702,81.51396,24948
Sakleshpur,Karnataka,12.94119,75.78467,24931
Perundurai,Tamil Nadu,11.27564,77.58794,24930
Mundargi,Karnataka,15.20677,75.8839,24919
Machhiwara,Punjab,30.91557,76.20016,24916
Nainpur,Madhya Pradesh,22.42996,80.10561,24914
Tarana,Madhya Pradesh,23.33383,76.04253,24908
Keirao Bitra,Manipur,24.71105,93.97461,24900
Kanth,Uttar Pradesh,29.05939,78.62951,24883
Charkhari,Uttar Pradesh,25.40304,79.74877,24881
Kushtagi,Karnataka,15.75623,76.19112,24878
Churi,Jharkhand,23.65491,85.01281,24876
Vellalur,Tamil Nadu,10.97747,77.02601,24872
Sriperumbudur,Tamil Nadu,12.96763,79.94197,24864
Muthutala,Kerala,10.83544,76.15958,24861
Mahwa,Rajasthan,27.04594,76.93152,24846
Kandahar,Maharashtra,18.87312,77.19231,24843
Falna,Rajasthan,25.26743,73.23933,24839
Avilala,Andhra Pradesh,13.61106,79.4208,24839
Ghoti Budrukh,Maharashtra,19.71641,73.62821,24838
Safipur,Uttar Pradesh,26.73783,80.3435,24801
Brahmana Periya Agraharam,Tamil Nadu,11.36904,77.70633,24798
Thirunavaya,Kerala,10.87459,75.98546,24790
Anklesvar INA,Gujarat,21.61675,73.02759,24789
Kalamnuri,Maharashtra,19.67386,77.31149,24784
Kabrai,Uttar Pradesh,25.40281,79.9997,24771
Ilaiyankudi,Tamil Nadu,9.62512,78.62434,24767
Talwara,Punjab,31.9376,75.88657,24752
Firozpur Jhirka,Haryana,27.78853,76.94496,24750
Tijara,Rajasthan,27.93411,76.85541,24747
Punahana,Haryana,27.86371,77.20432,24734
Tattankuttai,Tamil Nadu,11.43518,77.72369,24708
Phillaur,Punjab,31.01887,75.79111,24688
Pakala,Andhra Pradesh,13.44903,79.11493,24680
Hinjilicut,Odisha,19.48166,84.74489,24671
Damua,Madhya Pradesh,22.19291,78.46703,24663
Ezhudesam,Tamil Nadu,8.26512,77.14212,24657
Andol,Telangana,17.81458,78.07713,24645
Shamgarh,Madhya Pradesh,24.18817,75.63903,24637
Ratanpur,Chhattisgarh,22.2866,82.16823,24636
Kodarma,Jharkhand,24.46753,85.59397,24633
Keshorai Patan,Rajasthan,25.29275,75.93948,24627
Navalgund,Karnataka,15.55877,75.35305,24613
Bholav,Gujarat,21.71974,73.01098,24605
Williamnagar,Meghalaya,25.4955,90.6168,24597
Bijbehara,Jammu and Kashmir,33.79378,75.107,24590
Gorantla,Andhra Pradesh,13.98411,77.77224,24586
Dataganj,Uttar Pradesh,28.0253,79.40819,24562
Tiruppuvanam,Tamil Nadu,9.82564,78.25795,24554
Beohari,Madhya Pradesh,24.02423,81.37831,24545
Pantheeramkavu,Kerala,11.23052,75.85178,24537
Chharra,Uttar Pradesh,27.9247,78.40102,24535
Hudkeshwar Buzurg,Maharashtra,21.08235,79.12736,24499
Pindwara,Rajasthan,24.79749,73.05505,24487
Singapur,Telangana,17.46982,78.12574,24457
Sahaspur,Uttar Pradesh,29.12125,78.62273,24452
Ugrakheri,Haryana,29.378,77.00934,24440
Kant,Uttar Pradesh,27.81049,79.79185,24430
Bhokardan,Maharashtra,20.2583,75.76997,24416
Maheshwar,Madhya Pradesh,22.17592,75.58715,24411
Thiruthuraipoondi,Tamil Nadu,10.52819,79.63268,24404
Meenambakkam,Tamil Nadu,12.98456,80.1747,24334
Chiknayakanhalli,Karnataka,13.41609,76.62063,24292
Maharajgani,Bihar,26.11017,84.50365,24282
Ayanavelikulangara Vadakku,Kerala,9.04298,76.52297,24268
Kaithoon,Rajasthan,25.12407,75.97218,24260
Denkanikota,Tamil Nadu,12.5301,77.78887,24252
Chekkiad,Kerala,11.71733,75.6419,24246
Mayang Imphal,Manipur,24.60998,93.88873,24239
Haliyal,Karnataka,15.32864,74.75638,24238
Vilankurichi,Tamil Nadu,11.07147,77.01729,24235
Rajakheri,Madhya Pradesh,23.85931,78.7852,24232
Sitarganj,Uttarakhand,28.9293,79.70436,24225
Nandgaon,Maharashtra,20.3068,74.65501,24209
Siuliban,Jharkhand,23.7486,86.78477,24202
Dharampur,Gujarat,20.53693,73.17368,24178
Sikandarpur,Uttar Pradesh,26.04327,84.05298,24177
Srisailain,Andhra Pradesh,16.07217,78.86816,24142
Barki Saria,Jharkhand,24.17594,85.88938,24134
Loha,Maharashtra,18.94484,77.11553,24125
Mhaswad,Maharashtra,17.63359,74.78773,24120
Alot,Madhya Pradesh,23.76336,75.55662,24115
Suryaraopeta,Andhra Pradesh,16.99961,82.22317,24112
Aluva,Kerala,10.10764,76.35158,24108
Hastinapur,Uttar Pradesh,29.16042,78.00762,24093
Someshvara,Karnataka,12.80351,74.86472,24066
Pacode,Tamil Nadu,8.3352,77.21361,24050
Pappakurichchi,Tamil Nadu,10.81366,78.74813,24023
Morinda,Punjab,30.79014,76.49883,24022
Diu,Dadra and Nagar Haveli and Daman and Diu,20.71405,70.98224,23991
Nabinagar,Bihar,24.60681,84.12624,23984
Dinanagar,Punjab,32.13664,75.47291,23976
Mayabandar,Andaman and Nicobar,12.90954,92.90348,23912
Kaikalapettai,Tamil Nadu,13.02194,80.12056,23910
Bazpur,Uttarakhand,29.15299,79.10814,23900
Karumandi Chellipalaiyam,Tamil Nadu,11.30191,77.58603,23868
Dalsingh Sarai,Bihar,25.66795,85.83636,23862
Makronia,Madhya Pradesh,23.84765,78.79903,23861
Savantvadi,Maharashtra,15.90413,73.82191,23851
Longowal,Punjab,30.19846,75.6819,23851
Virakeralam,Tamil Nadu,11.00772,76.91262,23841
Reoti,Uttar Pradesh,25.85091,84.3778,23819
Padiyanallur,Tamil Nadu,13.20037,80.17606,23819
Nasriganj,Bihar,25.0514,84.32839,23819
Fatehganj West,Uttar Pradesh,28.4662,79.30657,23810
Sadalgi,Karnataka,16.5587,74.53211,23790
Nasrullahganj,Madhya Pradesh,22.6837,77.27069,23788
Sarjamda,Jharkhand,22.74759,86.22573,23788
Narakal,Kerala,10.03833,76.2221,23760
Lalgudi,Tamil Nadu,10.87419,78.81935,23740
Ulundurpet,Tamil Nadu,11.69099,79.2873,23734
Lalganj,Uttar Pradesh,25.93182,81.70478,23728
Malakpur Kohi Rangpur,Delhi,28.54029,77.12075,23726
Nivari,Madhya Pradesh,25.34911,78.79974,23724
Vypin,Kerala,9.96667,76.25,23717
Muluppilagadu,Kerala,11.79788,75.45111,23709
Alwaye,Kerala,10.10649,76.35484,23703
Tisaiyanvilai,Tamil Nadu,8.33702,77.86776,23702
Srikandamangalam,Kerala,9.65941,76.36335,23681
Kutiatodu,Kerala,9.8,76.33333,23669
Pipri,Maharashtra,20.78613,78.5936,23661
Natham,Tamil Nadu,10.22776,78.22969,23660
Unnamalaikadai,Tamil Nadu,8.29957,77.24062,23656
Penugonda,Andhra Pradesh,16.65363,81.7455,23654
Balod,Chhattisgarh,20.73081,81.20578,23648
Mariani,Assam,26.65725,94.31529,23640
Qadian,Punjab,31.82198,75.37663,23632
Painkulam,Tamil Nadu,8.26023,77.17396,23630
Prantij,Gujarat,23.43605,72.84479,23596
Kulgam,Jammu and Kashmir,33.64456,75.01923,23584
Chinnur,Telangana,18.85779,79.7956,23579
Katheru,Andhra Pradesh,17.03795,81.77597,23572
Mairwa,Bihar,26.23218,84.16349,23565
Todaraisingh,Rajasthan,26.02401,75.48182,23559
Pokaran,Rajasthan,26.92007,71.91631,23554
Kumher,Rajasthan,27.31657,77.37079,23540
Sreekaryam,Kerala,8.54884,76.91716,23528
Panchla,West Bengal,22.53665,88.13785,23526
Mudkhed,Maharashtra,19.15657,77.50304,23517
Shivpur Charcha,Chhattisgarh,23.32888,82.52809,23514
Jhinjhak,Uttar Pradesh,26.56093,79.73423,23499
Pethapur,Gujarat,23.26307,72.67386,23497
Malpe,Karnataka,13.34962,74.70394,23496
Birur,Karnataka,13.59723,75.97167,23493
Mandal,Rajasthan,25.44126,74.56979,23478
Shishgarh,Uttar Pradesh,28.72928,79.31469,23471
Kuchera,Rajasthan,26.98747,73.97108,23468
Pattiyurgramam,Kerala,9.17744,76.50115,23460
Sevilimedu,Tamil Nadu,12.80826,79.68636,23454
Pawni,Maharashtra,20.79229,79.63644,23450
Manesar,Haryana,28.35311,76.94036,23448
Chhatapur,Bihar,26.21965,87.00479,23425
Tuneri,Kerala,11.69699,75.63491,23421
Urmar,Punjab,31.68137,75.63549,23419
Lonar,Maharashtra,19.98533,76.52046,23416
Pugalur,Tamil Nadu,11.07401,78.02095,23408
Ramtek,Maharashtra,21.39562,79.32725,23404
Monoharpur,West Bengal,22.10833,88.07889,23362
Injambakkam,Tamil Nadu,12.9162,80.2488,23346
Mandawa,Rajasthan,28.05541,75.14834,23335
Maharajpur,Madhya Pradesh,25.01939,79.73189,23328
Soygaon,Maharashtra,20.59606,75.61765,23320
Kalanaur,Haryana,28.82823,76.3955,23319
Chitrakoot Dham,Uttar Pradesh,25.21473,80.91645,23316
Ron,Karnataka,15.69935,75.73408,23311
Vengattur,Tamil Nadu,13.09988,79.93207,23292
Nayanakulam,Tamil Nadu,9.96115,78.13715,23284
Bewar,Uttar Pradesh,27.21869,79.29761,23280
Marampilly,Kerala,10.11383,76.44184,23272
Od,Gujarat,22.62104,73.11725,23250
Tapa,Punjab,30.29794,75.36936,23248
Vaikam,Kerala,9.74858,76.39637,23234
Kerkandi,Tamil Nadu,11.36783,76.74576,23229
Colachel,Tamil Nadu,8.17938,77.25818,23227
Bissau,Rajasthan,28.24737,75.07666,23227
Sahibganj,Bihar,26.30831,84.92695,23224
Karmala,Maharashtra,18.4077,75.19386,23199
Tharangambadi,Tamil Nadu,11.02764,79.85425,23191
Hinakallu,Karnataka,12.33042,76.60213,23162
Thiruvankulam,Kerala,9.94679,76.36662,23160
Tiruverumbur,Tamil Nadu,10.79366,78.76898,23156
Kudachi,Karnataka,16.62784,74.85408,23154
Seondha,Madhya Pradesh,26.15422,78.7812,23140
Kurduvadi,Maharashtra,18.09339,75.41567,23131
Mattigiri,Tamil Nadu,12.69795,77.80832,23129
Polasara,Odisha,19.69386,84.81401,23119
Iroopara,Kerala,8.60747,76.91494,23113
Nakur,Uttar Pradesh,29.91964,77.30438,23084
Narasingapuram,Tamil Nadu,11.60379,78.57782,23084
Palwal Rural,Haryana,28.14555,77.35132,23072
Pallikonda,Tamil Nadu,12.90518,78.9427,23067
Asifabad,Telangana,19.35851,79.28415,23059
Indargarh,Madhya Pradesh,25.9109,78.56193,23045
Sivagiri,Tamil Nadu,9.34461,77.42911,23040
Vadakkanandal,Tamil Nadu,11.7817,78.8354,23034
Ancharakandy,Kerala,11.8841,75.48501,23030
Trikarpur South,Kerala,12.11649,75.18517,22991
Hukeri,Karnataka,16.23082,74.60244,22988
Todabhim,Rajasthan,26.91667,76.81667,22977
Pehladpur Bangar,Delhi,28.75058,77.081,22968
Dooru Verinag,Jammu and Kashmir,33.5594,75.23222,22968
Tiruchanur,Andhra Pradesh,13.60727,79.44864,22963
Kanhan,Maharashtra,21.22899,79.2398,22945
Gopavaram,Andhra Pradesh,14.78412,78.5729,22936
Vattalkundu,Tamil Nadu,10.16069,77.75883,22928
Dhamanagar,Odisha,20.9167,86.45,22920
Saidpur,Uttar Pradesh,25.53749,83.22378,22904
Tittagudi,Tamil Nadu,11.40717,79.12216,22894
Phulpur,Uttar Pradesh,25.54895,82.0895,22886
Kunnatnad,Kerala,10.04292,76.42406,22881
Jharoda Mazra Burari,Delhi,28.73014,77.20911,22878
Karanjia,Odisha,21.76259,85.97319,22865
Balarampur,West Bengal,23.09714,86.22292,22847
Aramboli,Tamil Nadu,8.24962,77.52161,22846
Ubaidullahganj,Madhya Pradesh,22.99834,77.58621,22845
Chitarpur,Jharkhand,23.57283,85.65355,22837
Naraingarh,Haryana,30.47798,77.12804,22832
Sambhar,Rajasthan,26.90806,75.19137,22828
Vellur,Kerala,8.62617,76.83053,22816
Fatehnagar,Rajasthan,24.81494,74.09504,22812
Raghunathpur,West Bengal,23.53878,86.6735,22802
Pariyapuram,Kerala,11.01667,75.86667,22766
Kasrawad,Madhya Pradesh,22.12745,75.61101,22750
Lathi,Gujarat,21.7231,71.38843,22745
Dugda,Jharkhand,23.74516,86.17175,22740
Khirkiya,Madhya Pradesh,22.16732,76.86137,22737
Mudgal,Karnataka,16.01191,76.44203,22731
Curchorem,Goa,15.26349,74.10875,22730
Chorwad,Gujarat,21.02947,70.23302,22720
Madhira,Telangana,16.92329,80.36308,22716
Kadiganpalli,Tamil Nadu,12.52318,78.2086,22714
Akaltara,Chhattisgarh,22.02463,82.42641,22712
Etmadpur,Uttar Pradesh,27.23541,78.19829,22697
Katghora,Chhattisgarh,22.50247,82.54279,22690
Ponda,Goa,15.40341,74.01519,22664
Lohara,Maharashtra,20.38983,78.09027,22664
Cumbum,Andhra Pradesh,15.58171,79.11059,22653
Matabhanga,West Bengal,26.34197,89.21555,22642
Jaitaran,Rajasthan,26.20446,73.93676,22621
Taoru,Haryana,28.21173,76.94984,22599
Lehragaga,Punjab,29.94265,75.80144,22588
Jamai,Madhya Pradesh,22.19644,78.59191,22587
Sholavandan,Tamil Nadu,10.0216,77.96087,22578
Nagod,Madhya Pradesh,24.56924,80.58809,22568
Khairagarh,Chhattisgarh,21.41859,80.97942,22564
Kurikuppi,Karnataka,15.21758,76.64873,22560
Ariyallur,Kerala,11.08328,75.84904,22558
Pukhrayan,Uttar Pradesh,26.22375,79.83739,22555
Raman,Punjab,29.95045,74.97852,22553
Sirsi,Uttar Pradesh,28.63916,78.64303,22549
Bankapur,Karnataka,14.92295,75.26221,22529
Godoli,Maharashtra,17.67178,74.01289,22517
Baswa,Rajasthan,27.14955,76.58345,22515
Rajmahal,Jharkhand,25.05303,87.83048,22514
Nambol,Manipur,24.69557,93.81974,22512
Tulsipur,Uttar Pradesh,27.5337,82.41653,22486
Bikram,Bihar,25.44708,84.86261,22486
Belur,Karnataka,13.16558,75.86519,22484
Sanehwal,Punjab,30.84134,75.98547,22484
Sisauli,Haryana,30.14297,77.25959,22479
Kanniyakumari,Tamil Nadu,8.09008,77.53841,22453
Senapparetti,Tamil Nadu,10.96251,78.11324,22447
Naraura,Uttar Pradesh,28.20147,78.38723,22432
Kailashahar,Tripura,24.33199,92.00391,22405
Triparappu,Tamil Nadu,8.39479,77.26588,22401
Deogarh,Odisha,21.53827,84.73337,22390
Ratu,Jharkhand,23.42045,85.21459,22379
Puthencruz,Kerala,9.97734,76.41047,22378
Kurandvad,Maharashtra,16.68317,74.58892,22372
Timurni,Madhya Pradesh,22.37115,77.2274,22359
Pachgaon,Maharashtra,16.66024,74.22735,22353
Rahata,Maharashtra,19.71664,74.48109,22335
Pali,Madhya Pradesh,23.36453,81.04374,22324
Bhawanigarh,Punjab,30.26685,76.03854,22320
Suket,Rajasthan,24.64609,76.0417,22319
Panniyannur,Kerala,11.74859,75.57558,22308
Adanattutekkumuri Kizhakku,Kerala,9.07909,76.51367,22250
Ankola,Karnataka,14.66049,74.3047,22249
Mariahu,Uttar Pradesh,25.60404,82.60379,22248
Kilapavoor,Tamil Nadu,8.90862,77.43112,22231
Ramavarappadu,Andhra Pradesh,16.52086,80.68078,22222
Purwa,Uttar Pradesh,26.45756,80.77403,22220
Attimarappatti,Tamil Nadu,8.73988,78.10534,22218
Dasnapur,Telangana,19.65399,78.51213,22216
Badamibagh,Jammu and Kashmir,34.07381,74.85276,22214
Lingiadih,Chhattisgarh,22.07748,82.17605,22209
Sahawar,Uttar Pradesh,27.79603,78.83373,22201
Bhuban,Odisha,20.88197,85.83334,22200
Nilakottai,Tamil Nadu,10.165,77.85024,22197
Sidhauli,Uttar Pradesh,27.28202,80.8345,22193
Palavansathu,Tamil Nadu,12.89306,79.13445,22176
Adra,West Bengal,23.49668,86.68363,22159
Sarapaka,Telangana,17.69129,80.86998,22149
Bhanvad,Gujarat,21.93053,69.78081,22142
Someshwar,Karnataka,13.49112,75.06646,22137
Narainpur,Chhattisgarh,19.71794,81.24437,22106
Namagiripettai,Tamil Nadu,11.45513,78.26818,22098
Nawa,Rajasthan,27.0195,75.00226,22088
Peravurani,Tamil Nadu,10.29035,79.20156,22084
Kathhara,Jharkhand,23.76382,85.88468,22080
Kathlal,Gujarat,22.8982,72.99282,22071
Siwana,Rajasthan,25.65154,72.42243,22067
Deoli,Rajasthan,25.75728,75.37991,22065
Kizhuparamba,Kerala,11.25261,76.02437,22062
Palai,Kerala,9.71306,76.68331,22056
Chhanera,Madhya Pradesh,21.96097,76.69494,22052
Marakkanam,Tamil Nadu,12.19214,79.94193,22034
Chhatrapur,Odisha,19.35574,84.98359,22027
Bhinga,Uttar Pradesh,27.70283,81.9343,22016
Lauri,Madhya Pradesh,25.13962,80.00112,22002
Nalambur,Tamil Nadu,13.08667,80.17028,21973
Kuppam,Andhra Pradesh,12.74931,78.34189,21963
Fatehabad,Uttar Pradesh,27.02645,78.3027,21957
Kil Bhuvanagiri,Tamil Nadu,11.44216,79.64763,21956
Sakti,Chhattisgarh,22.02662,82.96091,21955
Karuvanthuruthy,Kerala,11.17207,75.8226,21952
Kollivayal,Tamil Nadu,11.49984,76.48152,21943
Sancoale,Goa,15.37794,73.90352,21923
Polichalur,Tamil Nadu,12.98913,80.14177,21906
Bhabhar,Gujarat,24.07165,71.59745,21894
Nowrozabad,Madhya Pradesh,23.35219,80.9806,21883
Laungowal,Punjab,30.19393,75.68089,21880
Chachaura,Madhya Pradesh,24.17583,76.99957,21860
Ghulewadi,Maharashtra,19.6031,74.19356,21860
Chandrakona,West Bengal,22.73333,87.51667,21855
Sangod,Rajasthan,24.92707,76.28649,21846
Kheralu,Gujarat,23.88534,72.61869,21843
Farakka,West Bengal,24.81667,87.9,21834
Mulavukad,Kerala,10.0136,76.26306,21833
Mangalvedha,Maharashtra,17.51046,75.44713,21824
Maniyur,Kerala,11.55221,75.65026,21820
Kantabanji,Odisha,20.46709,82.92042,21819
Chalthan,Gujarat,21.15421,72.96141,21795
Jainagar,Bihar,26.59048,86.13791,21782
Kopawor,Jammu and Kashmir,34.52856,74.26396,21771
Sakri,Maharashtra,20.99104,74.31475,21764
Dattapur,Maharashtra,20.78075,78.1407,21763
Umarsera,Maharashtra,20.37139,78.12343,21752
Napasar,Rajasthan,27.96059,73.55913,21750
Shendurjana,Maharashtra,21.52488,78.2835,21748
Patur,Maharashtra,20.46093,76.93725,21747
Digboi,Assam,27.39321,95.61839,21736
Jirapur,Madhya Pradesh,24.0214,76.3764,21724
Kalleribhagam,Kerala,9.05396,76.55802,21723
Muthupet,Tamil Nadu,10.39505,79.49353,21722
Dum Duma,Assam,27.56884,95.55664,21706
Pampur,Jammu and Kashmir,34.01515,74.91895,21680
Munderi,Kerala,11.93028,75.44546,21676
Surajgarh,Rajasthan,28.31005,75.73271,21666
Kadayal,Tamil Nadu,8.40834,77.26575,21665
Kundli,Haryana,28.86913,77.12061,21633
Balachor,Punjab,31.06062,76.30166,21631
Pushkar,Rajasthan,26.49022,74.55211,21626
Doda,Jammu and Kashmir,33.14916,75.54746,21605
Karanpur,Rajasthan,29.84042,73.45519,21604
Samthar,Uttar Pradesh,25.84348,78.90683,21582
Banat,Uttar Pradesh,29.46355,77.35478,21580
Dhekiajuli,Assam,26.70367,92.47808,21579
Mandalgarh,Rajasthan,25.19407,75.07215,21569
Barara,Haryana,30.21465,77.04025,21545
Tammampatti,Tamil Nadu,11.44126,78.4887,21503
Chamba,Himachal Pradesh,32.55531,76.12647,21502
Muradabad Pahari,Delhi,28.56456,77.15126,21502
Mahadula,Maharashtra,21.25257,79.08106,21481
Bansdih,Uttar Pradesh,25.88377,84.21827,21457
Srisailam Project RFC Township,Andhra Pradesh,16.07331,78.87412,21452
Bacheli,Chhattisgarh,18.68435,81.26861,21435
Asika,Odisha,19.61114,84.65998,21428
Guruvayur,Kerala,10.5943,76.0411,21416
Lalru,Punjab,30.4917,76.79869,21394
Virugambakkam,Tamil Nadu,13.04632,80.19131,21376
Chotila,Gujarat,22.42347,71.19641,21364
Vasudevanallur,Tamil Nadu,9.24171,77.41177,21361
Kuju,Jharkhand,23.72536,85.51023,21356
Padmanabhapuram,Tamil Nadu,8.24462,77.32581,21342
Mandawar,Uttar Pradesh,29.48655,78.12732,21339
Paippad,Kerala,9.42462,76.58481,21338
Mahgawan,Madhya Pradesh,26.49471,78.61593,21335
Kondasamudram,Tamil Nadu,12.94552,78.87878,21335
Bedi,Gujarat,22.50143,70.04363,21327
Tekari,Bihar,24.94253,84.84265,21324
Dindori,Madhya Pradesh,22.94141,81.07975,21323
Channagiri,Karnataka,14.02399,75.92577,21313
Kuzhithurai,Tamil Nadu,8.31792,77.19192,21307
Kodamthuruth,Kerala,9.80062,76.30153,21295
Ghatanji,Maharashtra,20.14183,78.31333,21293
Naduvattam,Kerala,10.87995,76.002,21273
Chhata,Uttar Pradesh,27.72374,77.5081,21260
Sanaur,Punjab,30.30182,76.45786,21201
Reethapuram,Tamil Nadu,8.1843,77.24805,21177
Kottappally,Kerala,11.61266,75.66136,21169
Serchhip,Mizoram,23.29312,92.84679,21158
Pudupattanam,Tamil Nadu,12.50855,80.14976,21151
Telhara,Maharashtra,21.02694,76.83889,21146
Narkher,Maharashtra,21.47231,78.53415,21127
Ajnala,Punjab,31.84473,74.76295,21107
Anthiyur,Tamil Nadu,11.57506,77.59043,21086
Bisalgarh,Tripura,23.67595,91.28325,21085
Dhulagari,West Bengal,22.58213,88.171,21080
Talala,Gujarat,21.05473,70.52903,21060
Bundu,Jharkhand,23.16095,85.59007,21054
Teliamura,Tripura,23.84174,91.6303,21032
Devgadh Bariya,Gujarat,22.70517,73.90882,21030
Patharia,Madhya Pradesh,23.89921,79.19393,21026
Patnagarh,Odisha,20.70833,83.13263,21024
Kiraoli,Uttar Pradesh,27.13768,77.78516,21024
Bhanpura,Madhya Pradesh,24.513,75.7469,21013
Perinjanam,Kerala,10.31328,76.14847,21012
Anklav,Gujarat,22.37738,73.00072,21003
Abrama,Gujarat,20.85865,72.90648,21000
Bagula,West Bengal,23.33664,88.64109,20999
Gunnaur,Uttar Pradesh,28.23995,78.43994,20980
Palakkodu,Tamil Nadu,12.30696,78.07022,20959
Sindi,Maharashtra,20.74238,78.5871,20956
Chelora,Kerala,11.89494,75.43959,20952
Rajpur,Madhya Pradesh,21.94022,75.13608,20947
Naravarikuppam,Tamil Nadu,13.19133,80.18473,20946
Marthandam,Tamil Nadu,8.30812,77.22144,20938
Vinnamala,Andhra Pradesh,13.90738,79.90855,20924
Sarauli,Uttar Pradesh,28.49404,79.09177,20923
Adampur,Punjab,31.43224,75.71484,20922
Badnawar,Madhya Pradesh,23.02181,75.23268,20917
Banga,Punjab,31.18874,75.99495,20906
Heli Mandi,Haryana,28.34494,76.75694,20906
Chincholi,Karnataka,17.46508,77.41874,20897
Hungund,Karnataka,16.06213,76.0586,20877
Thaikkattussery,Kerala,9.77147,76.34385,20874
Bangawan,Madhya Pradesh,23.19259,82.1272,20873
Kapasan,Rajasthan,24.8894,74.31667,20869
Salamedu,Tamil Nadu,11.90876,79.49188,20854
Barpali,Odisha,21.19005,83.58721,20850
Gormi,Madhya Pradesh,26.60029,78.51188,20841
Begun,Rajasthan,24.98333,75.0,20836
Lawngtlai,Mizoram,22.53254,92.89902,20830
Nandri,Rajasthan,26.31157,73.10087,20827
Dhing,Assam,26.46793,92.47336,20826
Vadakarai Kil Pidagai,Tamil Nadu,9.04008,77.27413,20821
Clement Town,Uttarakhand,30.26361,78.00862,20806
Sonepur,Odisha,20.83333,83.91667,20770
Kaikalur,Andhra Pradesh,16.55154,81.214,20763
Akhnur,Jammu and Kashmir,32.8955,74.73486,20756
Alibag,Maharashtra,18.64813,72.87579,20752
Kapren,Rajasthan,25.40529,76.07431,20748
Muthukulam,Kerala,9.2168,76.4592,20740
Bhadauni,Bihar,24.87544,85.53369,20739
Alipur,Delhi,28.79862,77.13314,20736
Achampet,Telangana,16.3982,78.63758,20721
Ghorabandha,Jharkhand,22.7724,86.27109,20718
Koduvayur,Kerala,10.68674,76.65879,20703
Samalapuram,Tamil Nadu,11.07238,77.19796,20691
Chakia,Bihar,26.41598,85.04665,20686
Jining,Arunachal Pradesh,28.21633,94.85389,20684
Bhanjanagar,Odisha,19.92719,84.58201,20647
Vadali,Gujarat,23.94232,73.03784,20646
koppana Agrahara,Karnataka,12.85507,77.66707,20622
Madattukkulam,Tamil Nadu,10.55869,77.36597,20620
Gurmatkal,Karnataka,16.86773,77.39088,20614
Dhariwal,Punjab,31.95616,75.32386,20604
Patuvilayi,Kerala,11.86561,75.52327,20598
Talwandi Sabo,Punjab,29.98379,75.08203,20589
Dayal Pur,Delhi,28.71753,77.26508,20589
Jahazpur,Rajasthan,25.61994,75.27609,20586
Savda,Maharashtra,21.15054,75.88938,20584
Vadakakarai,Kerala,10.1664,76.20179,20571
Viratnagar,Rajasthan,27.43538,76.18297,20568
Belsand,Bihar,26.44365,85.40076,20566
Sampla,Haryana,28.77718,76.77165,20563
Vasind,Maharashtra,19.40844,73.26285,20561
Kishtwar,Jammu and Kashmir,33.31346,75.76726,20553
Attibele,Karnataka,12.77809,77.77259,20532
Achhnera,Uttar Pradesh,27.17826,77.75674,20532
Bhikkiwind Uttar,Punjab,31.34943,74.70271,20526
Chillupar,Uttar Pradesh,26.28221,83.5064,20518
Tilpat,Haryana,28.46513,77.33285,20514
Bijawar,Madhya Pradesh,24.62351,79.48994,20513
Nellimarla,Andhra Pradesh,18.15619,83.44727,20498
Maham,Haryana,28.96912,76.29495,20484
Maniar,Uttar Pradesh,25.98546,84.17233,20462
Yellapur,Karnataka,14.9637,74.70929,20452
Keevallur,Kerala,11.89703,75.53099,20440
Nangli,Punjab,31.68633,74.88747,20440
Nimaj,Rajasthan,26.14995,74.00094,20424
Baud,Odisha,20.83773,84.32618,20424
Tufanganj,West Bengal,26.31688,89.66549,20420
Korochi,Maharashtra,16.71917,74.4451,20420
Pataudi,Haryana,28.32547,76.77858,20418
Dharur,Maharashtra,18.82017,76.10937,20417
Pariyaram,Kerala,12.05876,75.32476,20405
French Rocks,Karnataka,12.50094,76.67416,20399
Ahiwara,Chhattisgarh,21.35799,81.41794,20384
Bada,Rajasthan,26.06479,75.02155,20372
Sarwar,Rajasthan,26.24252,75.12875,20372
Edavilangu,Kerala,10.24026,76.171,20363
Jhalu,Uttar Pradesh,29.33609,78.22608,20356
Killannur,Kerala,10.59918,76.21801,20339
Mundra,Gujarat,22.83918,69.7219,20338
Byndoor,Karnataka,13.86667,74.63333,20323
Chapar,Assam,26.27266,90.44556,20322
Kondalampatti,Tamil Nadu,11.63453,78.12369,20318
Bawani Khera,Haryana,28.94919,76.03108,20289
Alampalaiyam,Tamil Nadu,11.36353,77.76773,20286
Umbri,Maharashtra,20.71373,77.02639,20262
Wellington,Tamil Nadu,11.36552,76.78442,20254
Harij,Gujarat,23.69356,71.907,20253
Raipur Domana,Jammu and Kashmir,32.79844,74.78265,20238
Settur,Tamil Nadu,9.40564,77.47841,20228
Waluj Buzurg,Maharashtra,19.79632,75.22648,20220
Penukonda,Andhra Pradesh,14.08286,77.59473,20220
Kotivakkam,Tamil Nadu,12.97016,80.25769,20217
Srinagar,Uttarakhand,30.22243,78.78341,20216
Kataiya,Bihar,26.56807,84.0833,20193
Surajpur,Chhattisgarh,23.21347,82.86836,20189
Nirmali,Bihar,26.31397,86.58537,20189
Puliyankannu,Tamil Nadu,12.93922,79.30787,20171
Morwa,Gujarat,22.90469,73.83912,20168
Pattyam,Kerala,11.79296,75.5641,20161
Kaimori,Madhya Pradesh,23.38465,79.7442,20154
Mau,Madhya Pradesh,26.26584,78.67108,20147
Pudussery West,Kerala,10.78802,76.72788,20140
Mau Aimma,Uttar Pradesh,25.69515,81.92336,20123
Chinnavadampatti,Tamil Nadu,11.06149,76.98377,20122
Falakata,West Bengal,26.51963,89.20423,20119
Suleswaranpatti,Tamil Nadu,10.63885,77.00843,20104
Dhaurahra,Uttar Pradesh,27.99814,81.08975,20098
Khairagarh,Uttar Pradesh,26.94352,77.81816,20095
Maksi,Madhya Pradesh,23.25999,76.14567,20094
Annur,Tamil Nadu,11.23616,77.10514,20079
Pulwama,Jammu and Kashmir,33.87405,74.89955,20071
Sirumugai,Tamil Nadu,11.32137,77.00521,20066
Singanuram,Telangana,18.82218,79.50171,20061
Dergaon,Assam,26.7,93.96667,20059
Cheppad,Kerala,9.23458,76.47326,20052
Khowai,Tripura,24.07964,91.59972,20046
Govardhan,Uttar Pradesh,27.49658,77.46263,20044
Saraipali,Chhattisgarh,21.3153,83.00629,20043
Paravai,Tamil Nadu,9.96453,78.0667,20042
Khalari,Jharkhand,23.65063,85.00744,20010
Raya,Uttar Pradesh,27.55607,77.78972,20008
Sawar,Rajasthan,25.75574,75.22292,20000
Pamuru,Andhra Pradesh,15.09633,79.41174,20000
Powai,Maharashtra,19.1164,72.90471,20000
Belonia,Tripura,23.25178,91.45407,19996
Takhatpur,Chhattisgarh,22.12915,81.86959,19968
Sullya,Karnataka,12.561,75.38741,19958
Bhusawar,Rajasthan,27.03895,77.04849,19946
Chunchupally,Telangana,17.52333,80.60405,19944
Charthawal,Uttar Pradesh,29.54687,77.59438,19942
Siswa Bazar,Uttar Pradesh,27.14652,83.75803,19939
Birpur,Bihar,26.50823,87.01194,19932
Kandalloor,Kerala,9.1756,76.47129,19925
Dhanaula,Punjab,30.28216,75.57341,19920
L.A.Sagaram,Andhra Pradesh,13.90341,79.89055,19904
Sarigam INA,Gujarat,20.28845,72.85029,19903
Kanjiramkulam,Kerala,8.35983,77.05253,19902
Anuppur,Madhya Pradesh,23.10344,81.69083,19899
Moirang,Manipur,24.4975,93.77791,19893
Nattappettai,Tamil Nadu,12.81871,79.74925,19883
Bali,Rajasthan,25.19725,73.29117,19880
Bokajan,Assam,26.02131,93.77945,19877
Ranikhet,Uttarakhand,29.64082,79.43229,19873
Sirka,Jharkhand,23.64561,85.43333,19871
Boriavi,Gujarat,22.61124,72.93283,19865
Aurad,Karnataka,18.25397,77.41761,19849
Sankaraperi,Tamil Nadu,8.83868,78.10513,19844
Kulu,Himachal Pradesh,31.95835,77.10823,19831
Kalinjur,Tamil Nadu,12.9534,79.13373,19828
Chetput,Tamil Nadu,12.46399,79.3484,19827
Kolavallur,Kerala,11.7507,75.61988,19817
Sonari,Assam,27.02462,95.01629,19810
Deoranian,Uttar Pradesh,28.62989,79.47648,19788
Kolaras,Madhya Pradesh,25.21928,77.61167,19781
Chinna Andankovil,Tamil Nadu,10.9511,78.0681,19779
Raval,Gujarat,21.91908,69.48179,19777
Kannankurichchi,Tamil Nadu,11.69691,78.17941,19765
Kattanam,Kerala,9.17614,76.56325,19764
Ghatkesar,Telangana,17.45081,78.68366,19763
Borgaon,Maharashtra,20.72272,78.60392,19759
Sendamangalam,Tamil Nadu,11.28111,78.23416,19750
Chhapar,Rajasthan,27.819,74.43936,19744
Udangudi,Tamil Nadu,8.42918,78.02968,19738
Tirumeshi,Tamil Nadu,13.05339,80.05998,19733
Kerur,Karnataka,16.01384,75.54631,19731
Verukulambu,Tamil Nadu,8.29531,77.29387,19730
Shahpur,Madhya Pradesh,21.23742,76.22558,19719
Jhinjhana,Uttar Pradesh,29.52118,77.2247,19711
Kumbhraj,Madhya Pradesh,24.37338,77.04841,19707
Bareja,Gujarat,22.84863,72.59137,19690
Vadakku Viravanallur,Tamil Nadu,8.69786,77.51916,19689
Mokeri,Kerala,11.77759,75.57309,19684
Samrala,Punjab,30.83601,76.19324,19678
Junagarh,Chhattisgarh,19.85993,82.93385,19656
Nalco,Odisha,20.86544,85.18283,19644
Badi,Madhya Pradesh,23.03667,78.08417,19603
Charipara,Tripura,23.80914,91.24805,19598
Resubelpara,Meghalaya,25.90404,90.60747,19595
Kalmeshwar,Maharashtra,21.23219,78.91988,19578
Jharoda Kalan,Delhi,28.65264,76.95208,19578
Lawar Khas,Uttar Pradesh,29.11091,77.77767,19556
Sriramnagar,Telangana,17.26652,78.25544,19550
Pattan,Jammu and Kashmir,34.16125,74.55634,19538
Mulakumud,Tamil Nadu,8.26809,77.28599,19538
Bagbahra,Chhattisgarh,21.04606,82.3864,19529
Visavadar,Gujarat,21.33954,70.74966,19515
Pinahat,Uttar Pradesh,26.88487,78.37647,19511
Pennadam,Tamil Nadu,11.40389,79.24156,19494
Nainwa,Rajasthan,25.77145,75.84978,19485
Rameswaram,Andhra Pradesh,14.74006,78.54259,19483
Jansath,Uttar Pradesh,29.32502,77.85044,19467
Santrampur,Gujarat,23.19019,73.89526,19465
Richha,Uttar Pradesh,28.69467,79.52284,19459
Bhayavadar,Gujarat,21.85523,70.24791,19458
Aistala,West Bengal,23.18,88.58,19425
Methukummal,Tamil Nadu,8.30746,77.15205,19417
Gannavaram,Andhra Pradesh,16.54092,80.80213,19410
Amarpatan,Madhya Pradesh,24.31371,80.97703,19409
Sojitra,Gujarat,22.53884,72.71984,19403
Singur,West Bengal,22.80917,88.22944,19402
Singarayakonda,Andhra Pradesh,15.23046,80.02794,19400
Punnayur,Kerala,10.65207,75.99512,19387
Konnur,Karnataka,16.20138,74.74886,19386
Weir,Rajasthan,27.0186,77.17636,19385
Narwar,Madhya Pradesh,25.6439,77.9129,19385
Wazirganj,Uttar Pradesh,28.21145,79.05665,19372
Kakdwip,West Bengal,21.87914,88.1913,19368
Tamenglong,Manipur,25.0164,93.48545,19363
Jalochi,Maharashtra,18.15662,74.60708,19346
Maholi,Uttar Pradesh,27.66368,80.47371,19343
Kaimur,Madhya Pradesh,24.05441,80.6136,19343
Bilhaur,Uttar Pradesh,26.84345,80.06388,19333
Mangalam,Andhra Pradesh,13.65754,79.46258,19318
Raja Pur Khurd,Delhi,28.63517,77.03303,19312
Khanapur,Karnataka,15.63969,74.50847,19309
Tiruppalai,Tamil Nadu,9.97792,78.13294,19305
Nimaparha,Odisha,20.05756,86.00436,19289
Burhar,Madhya Pradesh,23.21494,81.53204,19289
Deoli,Maharashtra,20.6492,78.48023,19288
Devadanapatti,Tamil Nadu,10.14673,77.6439,19285
Hamirpur,Himachal Pradesh,31.68411,76.52506,19280
Laksar,Uttarakhand,29.7587,78.04148,19270
Vakkam,Kerala,8.68447,76.76755,19267
Ezhome,Kerala,12.02999,75.28193,19261
Ammainaickanur,Tamil Nadu,10.16707,77.91318,19257
Kesinga,Odisha,20.18778,83.21949,19239
Chhaprauli,Uttar Pradesh,29.20989,77.17454,19224
Sardulgarh,Punjab,29.69224,75.23608,19219
Maduraivayal,Tamil Nadu,13.06306,80.17194,19208
Hirekerur,Karnataka,14.45506,75.3952,19191
Shehera,Gujarat,22.95084,73.63118,19175
Surianwan,Uttar Pradesh,25.46387,82.41922,19157
Rijokri,Delhi,28.51387,77.1151,19148
Kadikkad,Kerala,10.67052,75.97975,19147
Biswanath Chariali,Assam,26.72577,93.14659,19145
Siwani,Haryana,28.90909,75.61469,19143
Honnavar,Karnataka,14.28088,74.44497,19109
Torur,Telangana,17.5835,79.65857,19100
Jalladiampet,Tamil Nadu,12.92028,80.20806,19100
Mir Pur Turk,Delhi,28.70493,77.26424,19098
Bhitarwar,Madhya Pradesh,25.79216,78.11085,19096
Kallukuttam,Tamil Nadu,8.18868,77.28781,19093
Chautapal,Telangana,17.25799,78.89776,19092
Arang,Chhattisgarh,21.19639,81.96912,19091
Dharmkot,Punjab,30.94559,75.23239,19057
Kirandul,Chhattisgarh,18.63649,81.25827,19053
Kothakota,Telangana,16.38002,77.94004,19042
Katangi,Madhya Pradesh,23.44124,79.79621,19040
Amlagora,West Bengal,22.84616,87.33559,19038
Karthikappally,Kerala,9.2568,76.44871,19021
Anshing,Maharashtra,20.0409,77.31501,19000
Parichhatgarh,Uttar Pradesh,28.97841,77.93422,18990
Tiruvattar,Tamil Nadu,8.33069,77.26732,18985
Kesariya,Bihar,26.34992,84.87086,18984
Bhor,Maharashtra,18.14861,73.84336,18982
Kadachira,Kerala,11.83695,75.44904,18979
Kulpahar,Uttar Pradesh,25.32007,79.63931,18976
Punjai Puliyampatti,Tamil Nadu,11.35163,77.16671,18967
Khariar Road,Odisha,20.89872,82.50893,18967
Kunnimangalam,Puducherry,12.07354,75.2412,18965
Kharsia,Chhattisgarh,21.98953,83.10476,18939
Nahorkatiya,Assam,27.286,95.328,18937
Mulgund,Karnataka,15.2807,75.52132,18928
Khilchipur,Madhya Pradesh,24.03943,76.578,18928
Kansapur,Haryana,30.14546,77.26633,18909
Somandepalle,Andhra Pradesh,14.00774,77.60846,18895
Sriramnagar,Andhra Pradesh,18.28329,83.53422,18893
Gummidipundi,Tamil Nadu,13.40765,80.10879,18891
Koath,Bihar,25.32643,84.25983,18890
Marturu,Kerala,10.17171,76.42641,18890
Manchar,Maharashtra,19.00436,73.94346,18876
Shahpur,Uttar Pradesh,29.3501,77.5516,18874
Marahra,Uttar Pradesh,27.7368,78.56891,18873
Mundgod,Karnataka,14.97144,75.03658,18866
Chicholi,Maharashtra,21.46926,79.70151,18864
Bhati,Delhi,28.42953,77.22569,18864
Malvan,Maharashtra,16.05981,73.4629,18858
Pahasu,Uttar Pradesh,28.1722,78.06376,18854
Lateri,Madhya Pradesh,24.06091,77.41044,18844
Tadikombu,Tamil Nadu,10.43904,77.95459,18838
Chhipa Barod,Rajasthan,24.62361,76.70783,18837
Maithon,Jharkhand,23.78,86.81,18830
Chhiri,Gujarat,20.37782,72.9411,18829
Ranipur,Uttar Pradesh,25.25034,79.06204,18820
Mallasamudram,Tamil Nadu,11.49333,78.03119,18820
Gadhra,Jharkhand,22.74668,86.24546,18801
Solsumba,Gujarat,20.15749,72.78913,18796
Chandur Bazar,Maharashtra,21.23853,77.74713,18780
Sompeta,Andhra Pradesh,18.94419,84.58449,18778
Chanod,Gujarat,20.34673,72.92825,18776
Banur,Punjab,30.55407,76.71948,18775
Paranda,Maharashtra,18.26321,75.46316,18758
Shadipur Julana,Haryana,29.12368,76.40516,18755
Rakkiyapalaiyam,Tamil Nadu,11.10607,76.94253,18749
Kammivapettai,Tamil Nadu,11.753,79.74567,18745
Amod,Gujarat,21.99317,72.87047,18742
Rangapara,Assam,26.83772,92.66876,18739
Nanauta,Uttar Pradesh,29.71215,77.41728,18738
Raybag,Karnataka,16.49178,74.77391,18736
Kundgol,Karnataka,15.25612,75.24735,18726
Murbad,Maharashtra,19.25395,73.38993,18725
Tiruvankod,Tamil Nadu,8.24521,77.301,18723
Lonand,Maharashtra,18.04041,74.18719,18723
Una,Himachal Pradesh,31.46493,76.26914,18722
Palda,Madhya Pradesh,22.68004,75.89391,18697
Haldaur,Uttar Pradesh,29.28988,78.28437,18686
Srirampur,West Bengal,22.94849,88.01954,18682
Valabhipur,Gujarat,21.88868,71.87935,18663
Kardhan,Haryana,30.31768,76.86596,18662
Kalayat,Haryana,29.67665,76.25561,18660
Kurumathur,Kerala,12.03973,75.41136,18641
Kim,Gujarat,21.40081,72.92682,18638
Mamsapuram,Tamil Nadu,9.49959,77.58786,18635
Mangattidam,Kerala,11.84326,75.54368,18627
Silvani,Madhya Pradesh,23.3026,78.44076,18623
Tyagadurgam,Tamil Nadu,11.74114,79.07698,18605
Kharupatia,Assam,26.51839,92.14722,18599
Palappallam,Tamil Nadu,8.20946,77.24761,18589
Palaiyampatti,Tamil Nadu,9.53921,78.09843,18576
Nadim Tiruvuru,Andhra Pradesh,17.11209,80.6088,18567
Jadugora,Jharkhand,22.65361,86.35595,18563
Durgapur,Maharashtra,20.0054,79.30273,18561
Bhoom,Maharashtra,18.45908,75.65877,18561
Bhadaur,Punjab,30.47651,75.33049,18561
Chandili,Odisha,19.24665,83.40577,18552
Phalauda,Uttar Pradesh,29.18824,77.82996,18545
Bank,Madhya Pradesh,22.70296,75.8039,18534
Harpalpur,Madhya Pradesh,25.28773,79.33279,18529
Rampura,Madhya Pradesh,24.467,75.43996,18495
Jogipet,Telangana,17.83564,78.06811,18494
Alang,Gujarat,21.39878,72.17544,18480
Barka Kana,Jharkhand,23.62118,85.46748,18475
Uttangarai,Tamil Nadu,12.26713,78.53783,18470
Deshnoke,Rajasthan,27.79836,73.34297,18470
Mukandgarh,Rajasthan,27.95208,75.22431,18469
Savli,Gujarat,22.56188,73.22317,18467
Tondi,Tamil Nadu,9.74173,79.01774,18465
Kannapuram,Kerala,11.98434,75.30414,18459
Pottanur,Tamil Nadu,11.10983,77.98883,18455
Padampur,Rajasthan,29.70885,73.62539,18454
Gubbi,Karnataka,13.31216,76.94102,18446
Unchahra,Madhya Pradesh,24.38251,80.78088,18442
Baroda,Madhya Pradesh,25.5,76.65,18437
Khali Kachigam,Dadra and Nagar Haveli and Daman and Diu,20.38333,72.86667,18434
Namrup,Assam,27.19395,95.31929,18432
Neral,Maharashtra,19.02475,73.31688,18429
Sirgitti,Chhattisgarh,22.04713,82.14871,18428
Mandapam,Tamil Nadu,9.27571,79.12362,18427
Along,Arunachal Pradesh,28.16951,94.8006,18425
Kota,Chhattisgarh,22.29507,82.02366,18405
Moram,Maharashtra,17.78812,76.47077,18371
Kadipur,Delhi,28.77404,77.16308,18369
Chhoti Sadri,Rajasthan,24.38145,74.7012,18360
Vazhakulam,Kerala,10.0938,76.4198,18358
Fort Gloster,West Bengal,22.50444,88.18333,18350
Seppa,Arunachal Pradesh,27.36173,93.03991,18350
Majhiaon Kalan,Jharkhand,24.32431,83.81613,18349
Thakurganj,Bihar,26.42742,88.13112,18348
Naldurg,Maharashtra,17.81667,76.28182,18341
Thasra,Gujarat,22.79831,73.21174,18337
Bada Malhera,Madhya Pradesh,24.56412,79.30712,18335
Kakori,Uttar Pradesh,26.868,80.7857,18332
Cheranmahadevi,Tamil Nadu,8.67547,77.56957,18327
Alangayam,Tamil Nadu,12.62235,78.75207,18327
Ramjibanpur,West Bengal,22.82815,87.60888,18318
Hutagalli,Karnataka,12.34172,76.58629,18308
Howli,Assam,26.42237,90.98004,18301
Daboh,Madhya Pradesh,26.00239,78.87658,18298
Talod,Gujarat,23.3514,72.94999,18298
Palugal,Tamil Nadu,8.35362,77.1859,18276
Inam Maniyachi,Tamil Nadu,9.17056,77.85115,18258
Ghogardiha,Bihar,26.27986,86.47001,18257
Vengikkal,Tamil Nadu,12.26416,79.06745,18244
Udaipura,Madhya Pradesh,23.07434,78.51108,18236
Behat,Uttar Pradesh,30.1718,77.6139,18223
Trikarpur North,Kerala,12.14579,75.17475,18210
Khetri,Rajasthan,28.00069,75.78644,18209
Kheri Nangal,Haryana,29.35436,76.97737,18195
Pasthal,Maharashtra,19.82018,72.72959,18194
Kariapatti,Tamil Nadu,9.67505,78.09992,18191
Tezu,Arunachal Pradesh,27.91256,96.12882,18184
Gairtganj,Madhya Pradesh,23.41022,78.22082,18184
Jalali,Uttar Pradesh,27.8668,78.25267,18177
Gaurela,Chhattisgarh,22.75449,81.90107,18165
Singampunari,Tamil Nadu,10.1862,78.415,18143
Moonak,Punjab,29.82529,75.89055,18141
Palayad,Kerala,11.55051,75.62887,18141
Vettaikkaranpudur,Tamil Nadu,10.56207,76.91305,18128
Pichor,Madhya Pradesh,25.17555,78.18863,18127
Bakarwala,Delhi,28.6678,77.02011,18122
Koipadi,Kerala,12.59302,74.96262,18121
Machai,Karnataka,15.79261,74.48414,18073
Namminikara,Kerala,10.43216,76.25418,18067
Eruvadi,Tamil Nadu,8.44393,77.60441,18067
Thara,Gujarat,23.97345,71.81922,18060
Jhalida,West Bengal,23.36545,85.97643,18057
Fatehgarh Churian,Punjab,31.86431,74.95665,18051
Aurangabad Cantonment,Maharashtra,19.87609,75.29161,18051
Kunnummal,Kerala,11.68325,75.71078,18031
Kattur,Kerala,10.37315,76.16678,18017
Vadamadurai,Tamil Nadu,10.44081,78.09784,18015
Tirumala,Andhra Pradesh,13.68333,79.35,18013
Bhogpur,Punjab,31.55442,75.64271,18008
Patiriyat,Kerala,11.84896,75.51473,18008
Satyamangala,Karnataka,13.01927,76.12434,18002
Bhattiprolu,Andhra Pradesh,16.1026,80.78074,18001
Barjala,Tripura,23.6182,91.35596,17998
Nalloor,Tamil Nadu,8.30638,77.22398,17989
Sir Muttra,Rajasthan,26.51501,77.37212,17988
Mahishadal,West Bengal,22.18616,87.98072,17988
Dumjor,West Bengal,22.61993,88.24566,17972
Jadcherla,Telangana,16.77381,78.13666,17958
Noamundi,Jharkhand,22.16094,85.50416,17954
Barwala,Gujarat,22.21983,72.06755,17951
Narauli,Uttar Pradesh,28.48547,78.71484,17945
Arukutti,Kerala,9.86667,76.35,17944
Nilokheri,Haryana,29.83671,76.93191,17938
Murudeshwara,Karnataka,14.0943,74.4845,17938
Nateputa,Maharashtra,17.89895,74.75222,17930
Honnali,Karnataka,14.23976,75.64507,17928
Titabor Town,Assam,26.59185,94.19445,17920
Samdari,Rajasthan,25.81299,72.57879,17915
Saiyad-ul-ajaib,Delhi,28.51923,77.20352,17914
Pudunagaram,Kerala,10.68018,76.68363,17892
Bayad,Gujarat,23.2234,73.21491,17886
Vadlapudi,Andhra Pradesh,14.31119,79.8043,17881
Kanjari,Gujarat,22.61243,72.92107,17881
Bhindar,Rajasthan,24.50235,74.18551,17878
Piranvadi,Karnataka,15.80202,74.48012,17874
V.S.K.Valasai (Dindigul-Dist.),Tamil Nadu,10.31549,78.15141,17865
Handia,Uttar Pradesh,25.36379,82.18655,17861
Avalepalli,Tamil Nadu,12.77137,77.85941,17859
Narasimhanaickenpalayam,Tamil Nadu,11.11732,76.93631,17858
Adiyanuthu,Tamil Nadu,10.33075,77.98118,17851
Sarai Mir,Uttar Pradesh,26.02705,82.91843,17849
Tral,Jammu and Kashmir,33.92708,75.11585,17844
Akalkuva,Maharashtra,21.5543,74.01922,17840
Bhikhi,Punjab,30.05918,75.535,17825
Silappadi,Tamil Nadu,10.39397,78.00781,17824
Kulattuppalaiyam,Tamil Nadu,10.76133,77.58425,17819
Ramachettipalaiyam,Tamil Nadu,10.95818,76.92013,17809
Bilgi,Karnataka,16.34714,75.61804,17792
Nagamangala,Karnataka,12.81939,76.75456,17776
Shahpur,Bihar,25.60293,84.40412,17767
Damnagar,Gujarat,21.69232,71.51747,17766
Manalur,Kerala,10.49285,76.10267,17757
Ambaji,Gujarat,24.33174,72.84564,17753
Kannod,Madhya Pradesh,22.66764,76.74286,17744
Jagiroad,Assam,26.12017,92.19772,17739
Patdi,Gujarat,23.19602,71.79171,17725
Mahudha,Gujarat,22.82082,72.94032,17722
Chettinayakkanpatti,Tamil Nadu,10.39399,77.9754,17701
Gotan,Rajasthan,26.65551,73.7371,17700
Mangalam,Tamil Nadu,11.10052,77.27124,17699
Peddanayakkanpalaiyam,Tamil Nadu,11.65104,78.50872,17678
Bhuwana,Rajasthan,24.62143,73.70818,17665
Kothanallur,Tamil Nadu,8.27911,77.30958,17662
Balugan,Odisha,19.73333,85.21667,17645
Kherli,Rajasthan,27.27359,76.98613,17634
Rahimatpur,Maharashtra,17.5921,74.19966,17633
Nangavaram,Tamil Nadu,10.86924,78.53924,17629
Padmapur,Odisha,21.0,83.06667,17625
Pipili,Odisha,20.11357,85.83147,17623
Vittal,Karnataka,12.76325,75.09896,17618
Koratti,Kerala,10.26597,76.34767,17618
Shirhatti,Karnataka,15.23352,75.57996,17610
Devgarh,Rajasthan,25.52533,73.90812,17604
Bargi,Madhya Pradesh,22.99138,79.8755,17588
Jarwal,Uttar Pradesh,27.1629,81.54179,17576
Nichlaul,Uttar Pradesh,27.31247,83.7253,17567
Kanke,Jharkhand,23.43478,85.32059,17560
Vazhapadi,Tamil Nadu,11.65541,78.40117,17559
Achhibal,Jammu and Kashmir,33.68409,75.21835,17556
Papanasam,Tamil Nadu,10.92687,79.27056,17548
Raipur,Rajasthan,26.04259,74.02373,17537
Tajpur,Uttar Pradesh,29.16242,78.48458,17529
Banki,Odisha,20.37912,85.52953,17521
Settiyarpatti,Tamil Nadu,9.3935,77.49348,17520
North Guwahati,Assam,26.19749,91.7202,17516
Madhuban,Bihar,26.43864,85.13573,17510
Jatara,Madhya Pradesh,25.00964,79.04869,17499
Banapur,Odisha,19.77889,85.17033,17499
Palera,Madhya Pradesh,25.02013,79.22818,17493
Indri,Haryana,29.87999,77.05972,17487
Bodri,Chhattisgarh,22.02346,82.11357,17481
Pennagaram,Tamil Nadu,12.13433,77.89525,17480
Kallur Tekkumuri,Kerala,10.24009,76.32359,17480
Dharmapuram,Tamil Nadu,8.12027,77.38904,17476
Depalpur,Madhya Pradesh,22.85095,75.54224,17474
Mundwa,Rajasthan,27.0631,73.82304,17465
Auhammadpur Majri,Delhi,28.72922,77.03827,17462
Tadigadapa,Andhra Pradesh,16.47129,80.69695,17462
Calangute,Goa,15.5439,73.7553,17446
Sarai Akil,Uttar Pradesh,25.3789,81.51035,17443
Nisang,Haryana,29.69229,76.75464,17438
Panoor,Kerala,11.75938,75.57835,17438
Amet,Rajasthan,25.30609,73.9258,17434
Bareta,Punjab,29.86352,75.69644,17432
Puthur,Kerala,10.4874,76.27929,17430
Kavisuryanagar,Odisha,19.58148,84.76006,17430
Hat Piplia,Madhya Pradesh,22.76948,76.29992,17419
Bhundsi,Haryana,28.35051,77.06144,17410
Naregal,Karnataka,15.57316,75.80805,17403
Bermo,Jharkhand,23.78781,85.93526,17401
Khongapani,Chhattisgarh,23.1912,82.16265,17400
Bagdogra,West Bengal,26.69929,88.31177,17372
Indergarh,Uttar Pradesh,26.93521,79.6712,17366
Lasalgaon,Maharashtra,20.1427,74.23946,17360
Periyakottai,Tamil Nadu,10.59095,77.27967,17356
Phirangipuram,Andhra Pradesh,16.29078,80.26233,17335
Edakkazhiyur,Kerala,10.62276,75.99651,17335
Narsala,Maharashtra,21.08973,79.13586,17330
Keezhkulam,Tamil Nadu,8.23073,77.18626,17327
Jalalpore,Gujarat,20.94896,72.89829,17325
Chhala,Gujarat,23.30779,72.77404,17323
Sivagirippatti,Tamil Nadu,10.45015,77.53035,17306
Athagarh,Odisha,20.51999,85.62965,17304
Lakhnadon,Madhya Pradesh,22.60049,79.60094,17302
Talwandi Bhai,Punjab,30.85584,74.92979,17285
Takhatgarh,Rajasthan,25.32235,73.00487,17285
Mulki,Karnataka,13.09101,74.79353,17274
Kattatturai,Tamil Nadu,8.28486,77.27551,17271
Bhanpuri,Chhattisgarh,21.0919,80.93218,17270
Kulasegaram,Tamil Nadu,8.36319,77.29777,17267
Deori,Chhattisgarh,22.09901,82.2664,17265
Nilagiri,Odisha,21.46235,86.76794,17264
Mannarai,Tamil Nadu,11.11723,77.37256,17261
Jagalur,Karnataka,14.51957,76.33915,17257
Ajara,Maharashtra,16.11601,74.21097,17257
Bhikshandarkovil,Tamil Nadu,10.88266,78.70456,17257
Palangarai,Tamil Nadu,11.19782,77.30583,17248
Virajpet,Karnataka,12.19644,75.80512,17246
Narnaund,Haryana,29.22047,76.14278,17242
Pudur,Tamil Nadu,11.436,77.67603,17240
Balugaon,Odisha,20.17838,85.11327,17238
Iriveri,Kerala,11.85586,75.47362,17231
Bilthra,Uttar Pradesh,26.12705,83.89148,17228
Alnavar,Karnataka,15.42727,74.74111,17228
Anaimalai,Tamil Nadu,10.58303,76.93441,17208
Guru Har Sahai,Punjab,30.70862,74.40407,17192
Tangla,Assam,26.65693,91.91381,17183
Mendarda,Gujarat,21.32112,70.44078,17166
Taleigao,Goa,15.46915,73.83285,17148
Jawad,Madhya Pradesh,24.59916,74.86261,17129
Uttarkashi,Uttarakhand,30.72986,78.44342,17123
Basukinath,Jharkhand,24.39446,87.08643,17123
Ayyalur,Tamil Nadu,10.48185,78.15639,17100
Kolaccheri,Kerala,11.97634,75.41675,17095
Naranammalpuram,Tamil Nadu,8.75985,77.73986,17094
Chalakilakakara,Kerala,11.85404,75.43869,17088
Shaktinagar,Karnataka,16.36491,77.35863,17088
Amroli,Gujarat,21.25084,72.83878,17082
Chalala,Gujarat,21.41073,71.16621,17081
Samalka,Delhi,28.53499,77.09079,17076
Meppadam,Kerala,9.32416,76.4934,17067
Madambakkam,Tamil Nadu,12.8525,80.04667,17058
Nongpoh,Meghalaya,25.9023,91.87694,17055
Mahiari,West Bengal,22.58826,88.23544,17051
Naraina,Rajasthan,26.79069,75.20608,17048
Kokotamangalam South,Kerala,9.67948,76.35889,17047
Teonthar,Madhya Pradesh,24.98207,81.64194,17039
Jigani,Karnataka,12.78612,77.63855,17036
Nayagarh,Odisha,20.12882,85.09626,17030
Kusum Pur,Delhi,28.55472,77.1573,17028
Eravattur,Kerala,11.58006,75.73841,17016
Maghar,Uttar Pradesh,26.75586,83.12773,17011
Varam,Kerala,11.89959,75.41323,17008
Ongallur-I,Kerala,10.80268,76.21855,16998
Bicholim,Goa,15.59319,73.94571,16986
Hukumpeta,Andhra Pradesh,16.98874,81.8017,16985
Valvachatottam,Tamil Nadu,8.28031,77.25612,16965
Bijaipur,Madhya Pradesh,26.05052,77.37138,16964
Garhshankar,Punjab,31.21537,76.14149,16955
Dirba,Punjab,30.07222,75.99607,16952
Ranpur,Gujarat,22.35161,71.71179,16944
Dukli,Tripura,23.7984,91.29642,16941
Manjhanpur,Uttar Pradesh,25.53046,81.37566,16939
Mihona,Madhya Pradesh,26.28373,78.98048,16935
Gothara,Rajasthan,28.0662,75.81772,16933
Makum,Assam,27.48652,95.43646,16923
Kalghatgi,Karnataka,15.18315,74.97099,16917
Tanakpur,Uttarakhand,29.074,80.11139,16905
Eruvatti,Kerala,11.80621,75.53023,16905
Merta Road,Rajasthan,26.72269,73.91762,16905
Undera,Gujarat,22.34835,73.13313,16902
Khed,Maharashtra,17.71888,73.39693,16892
Sultanpur,Punjab,31.21468,75.19602,16877
Kutiyana,Gujarat,21.6241,69.98494,16877
Ahor,Rajasthan,25.3687,72.78038,16867
Siralkoppa,Karnataka,14.3807,75.25007,16864
Sithurajapuram,Tamil Nadu,9.42137,77.78732,16860
Vandalur,Tamil Nadu,12.8924,80.08079,16852
Moreh,Manipur,24.2508,94.30073,16847
Chelamartam,Kerala,10.13711,76.45696,16844
Challapalle,Andhra Pradesh,16.11756,80.93139,16841
Konarka,Odisha,19.89021,86.09761,16834
Gandevi,Gujarat,20.81214,72.99811,16827
Acharipallam Vaniyakudi,Tamil Nadu,8.17428,77.38486,16822
Peralassery,Kerala,11.83223,75.48252,16821
Bara Uchana,Haryana,29.46747,76.17798,16815
Kamakhyanagar,Odisha,20.93385,85.54489,16810
Arkalgud,Karnataka,12.76171,76.06035,16810
Budhni,Madhya Pradesh,22.78659,77.68109,16808
Pinarayi,Kerala,11.8049,75.481,16801
Pachchal,Tamil Nadu,12.51115,78.55524,16789
Navalpattu,Tamil Nadu,10.75051,78.77626,16788
Vathirairuppu,Tamil Nadu,9.63528,77.63889,16784
Bawal,Haryana,28.07184,76.58312,16776
Hanumana,Madhya Pradesh,24.77888,82.096,16771
Porathissery,Kerala,10.37638,76.20149,16768
Vallam,Tamil Nadu,10.71988,79.05981,16758
Amta,West Bengal,22.58344,88.01039,16753
Vada,Maharashtra,19.65347,73.14811,16750
Kadod,Gujarat,21.21717,73.21972,16747
Valavanur,Tamil Nadu,11.92094,79.58239,16745
Khapat,Gujarat,21.65414,69.61259,16744
Babai,Madhya Pradesh,22.70256,77.93494,16741
Harsud,Madhya Pradesh,22.09947,76.73423,16736
Andada,Gujarat,21.65588,73.02151,16730
Beri Khas,Haryana,28.70146,76.57708,16727
Dera Mandi,Delhi,28.43597,77.17601,16725
Chanaje,Maharashtra,18.86131,72.95257,16714
Samburvadakara,Tamil Nadu,8.99856,77.38763,16709
Thorapadi,Tamil Nadu,12.89154,79.12381,16700
Karingal,Tamil Nadu,8.23634,77.24256,16691
Nal Khera,Madhya Pradesh,23.83602,76.24316,16690
Piriyapatna,Karnataka,12.33497,76.10073,16685
Nohsa,Bihar,25.56528,85.05599,16680
Phaphund,Uttar Pradesh,26.59888,79.46437,16675
Sarangpore,Gujarat,21.63585,73.04752,16671
Babrala,Uttar Pradesh,28.26419,78.4056,16670
Virnur,Tamil Nadu,11.84433,77.8473,16665
Ajaigarh,Madhya Pradesh,24.89879,80.25921,16656
Baihar,Madhya Pradesh,22.10133,80.54967,16650
Malihabad,Uttar Pradesh,26.92223,80.71078,16649
Jhusi,Uttar Pradesh,25.43745,81.9055,16642
Trajpar,Gujarat,22.81567,70.86653,16637
Pudusseri,Kerala,10.75824,76.78594,16629
Pattamadai,Tamil Nadu,8.67258,77.58447,16625
Cuncolim,Goa,15.1773,73.99392,16623
Pathalgaon,Chhattisgarh,22.55656,83.46355,16613
Baliguda,Odisha,20.19966,83.90938,16611
Asind,Rajasthan,25.7342,74.33278,16611
Vaghodia,Gujarat,22.30505,73.40016,16604
Nazareth,Tamil Nadu,8.56102,77.97214,16584
Samurou,Manipur,24.70095,93.90332,16582
Madhuban,Tripura,23.78152,91.28579,16579
Lalpettai,Tamil Nadu,11.30088,79.55612,16561
Salumbar,Rajasthan,24.13524,74.04442,16557
Sonkach,Madhya Pradesh,22.97166,76.34667,16545
Jambai,Tamil Nadu,11.46775,77.64339,16522
Kotekara,Karnataka,12.7929,74.87217,16505
Chandameta,Madhya Pradesh,22.19093,78.73032,16497
Kiphire,Nagaland,25.86785,94.78572,16487
Khatra,West Bengal,22.97617,86.85462,16484
Goraya,Punjab,31.12411,75.7724,16462
Sundakkampalaiyam,Tamil Nadu,10.56659,77.21354,16459
Sindkhed Raja,Maharashtra,19.95363,76.12637,16434
Susner,Madhya Pradesh,23.94667,76.08825,16432
Bharwari,Uttar Pradesh,25.56078,81.49164,16411
Chendrappini,Kerala,10.35552,76.1282,16404
Rani Khera,Delhi,28.70604,77.02584,16402
Bhainsdehi,Madhya Pradesh,21.64491,77.63023,16400
Kankauli,Maharashtra,16.26609,73.71217,16398
Gokavaram,Andhra Pradesh,17.25823,81.84985,16389
Padampur,Odisha,20.99932,83.06325,16387
Curti,Goa,15.41667,74.01667,16385
Nambiyur,Tamil Nadu,11.35811,77.32115,16379
Lochapada,Odisha,19.32873,84.80065,16377
Bargur,Tamil Nadu,12.54288,78.35735,16366
Dharampuri,Madhya Pradesh,22.14951,75.34439,16363
Shopian,Jammu and Kashmir,33.71723,74.83413,16360
Mullanpur,Punjab,30.85457,75.66089,16356
Uttukuli,Tamil Nadu,10.65193,76.9778,16354
Kandari,Maharashtra,21.06076,75.8098,16353
Khada,Uttar Pradesh,27.18333,83.88333,16350
Kargil,Ladakh,34.55765,76.12622,16338
Jasidih,Jharkhand,24.51379,86.64576,16338
Kotaparh,Chhattisgarh,19.14256,82.32536,16326
Tikri Kalan,Delhi,28.68355,76.97007,16313
Chakulia,Jharkhand,22.48301,86.71793,16306
Shahgarh,Madhya Pradesh,24.31365,79.11806,16300
Kadamakudi,Kerala,10.06416,76.24565,16295
Annamalainagar,Tamil Nadu,11.4,79.73333,16289
Ambasa,Tripura,23.936,91.85436,16285
Arumanai,Tamil Nadu,8.36696,77.24333,16283
Anandpur,Punjab,31.23926,76.50253,16282
Omalur,Tamil Nadu,11.74099,78.04559,16279
Hatti,Karnataka,16.19836,76.66037,16278
Chennimalai,Tamil Nadu,11.16378,77.60388,16268
Madukkur,Tamil Nadu,10.48098,79.39939,16266
Bahula,West Bengal,23.65176,87.16475,16264
Ayyampettai,Tamil Nadu,10.90141,79.17984,16263
Nuh,Haryana,28.10296,77.00144,16260
Naroli,Dadra and Nagar Haveli and Daman and Diu,20.27354,72.94167,16260
Thimiri,Tamil Nadu,12.82828,79.30792,16246
Ellakkudi,Tamil Nadu,10.80603,78.75031,16244
Kamalganj,Uttar Pradesh,27.26181,79.63134,16222
Bhikangaon,Madhya Pradesh,21.86764,75.96391,16217
Neelagiri,Tamil Nadu,10.75943,79.09337,16197
Jalakandapuram,Tamil Nadu,11.69779,77.87298,16184
Mullanwala,Punjab,31.06189,74.82277,16183
Pandaria,Chhattisgarh,22.22495,81.40994,16165
Thiruvaiyaru,Tamil Nadu,10.88405,79.10362,16164
Elandakuttai,Tamil Nadu,11.40598,77.77501,16160
Sanwer,Madhya Pradesh,22.97415,75.8271,16150
Nallavila,Tamil Nadu,8.20549,77.34439,16138
Kamayakkavundanpatti,Tamil Nadu,9.73861,77.31999,16134
Bijapur,Chhattisgarh,18.79387,80.81599,16129
Kuthalam,Tamil Nadu,11.07431,79.56222,16125
Cherukunnu,Kerala,11.99564,75.28717,16111
Chengalam,Kerala,9.59657,76.46776,16111
Kuda,Nagaland,25.89086,93.7388,16108
Chevvoor,Kerala,10.45862,76.2088,16086
Vaniyamkulam,Kerala,10.78303,76.33358,16085
Tevaram,Tamil Nadu,9.89666,77.28092,16079
Bhiloda,Gujarat,23.7676,73.24704,16074
Shahi,Uttar Pradesh,28.55023,79.31761,16064
Kedia,Jharkhand,23.79454,85.58724,16054
Simga,Chhattisgarh,21.6281,81.70376,16027
Kandamkunnu,Kerala,11.86948,75.58079,16025
Kudal,Maharashtra,16.01148,73.68867,16015
Utnur,Telangana,19.36798,78.77608,16005
Hindoria,Madhya Pradesh,23.90345,79.56861,16001
Betma,Madhya Pradesh,22.68653,75.61456,15999
Vellakkinar,Tamil Nadu,11.07364,76.95663,15998
Kappiyara,Tamil Nadu,8.24661,77.26171,15998
Balaungi,Punjab,30.73058,76.69368,15982
Hajo,Assam,26.2452,91.52525,15977
Maliya,Gujarat,23.09296,70.75885,15964
Kombai,Tamil Nadu,9.84745,77.29603,15960
Asara,Uttar Pradesh,29.24714,77.30886,15959
Koothappar,Tamil Nadu,10.79709,78.79231,15943
Udalguri,Assam,26.75367,92.10215,15935
Vaso,Gujarat,22.66079,72.75519,15934
Chanasma,Gujarat,23.71472,72.11279,15932
Boothapandi,Tamil Nadu,8.26586,77.44606,15931
Bharanikavu Tekku,Kerala,9.18485,76.56076,15922
Rura,Uttar Pradesh,26.49001,79.90108,15908
Bunjwah,Jammu and Kashmir,33.14584,75.9479,15899
Chandia,Madhya Pradesh,23.65647,80.70911,15891
Vijayapuri North,Telangana,16.58534,79.32046,15887
Khaniadhana,Madhya Pradesh,25.02983,78.12709,15877
Kannampalaiyam,Tamil Nadu,10.99544,77.09904,15868
Pipraich,Uttar Pradesh,26.82745,83.52632,15856
Srivaikuntam,Tamil Nadu,8.62931,77.91281,15847
Abhayapuri,Assam,26.32255,90.68526,15847
Sunel,Rajasthan,24.37065,75.95708,15840
Unhel,Madhya Pradesh,23.33794,75.55931,15837
Sisauli,Uttar Pradesh,29.41386,77.4689,15837
Marattakara,Kerala,10.47327,76.25577,15817
Vadakkekkad,Kerala,10.66354,76.00326,15811
Domchanch,Jharkhand,24.47484,85.69213,15809
Molakalumuru,Karnataka,14.71783,76.74677,15797
Jalda,Odisha,22.1872,84.84359,15789
Jodiya Bandar,Gujarat,22.71667,70.28333,15788
Dera Colliery Township,Odisha,20.95283,85.17174,15787
Holalkere,Karnataka,14.04295,76.18496,15783
Dumra,Bihar,26.56708,85.5204,15778
Mennanyam,Kerala,11.5579,75.75964,15768
Sonpet,Maharashtra,19.02594,76.47394,15765
Binika,Odisha,21.02626,83.81197,15765
Dharni,Madhya Pradesh,21.55333,76.88972,15761
Bangarda,Madhya Pradesh,22.7592,75.79536,15761
Thandla,Madhya Pradesh,23.00959,74.57747,15756
Khuldabad,Maharashtra,20.00671,75.19245,15749
Elumalai,Tamil Nadu,9.86501,77.69923,15746
Khetia,Maharashtra,21.67124,74.58535,15744
Bhudgaon,Maharashtra,16.90742,74.59954,15738
Khusropur,Bihar,25.48174,85.38492,15731
Yerkhera,Maharashtra,21.21649,79.18545,15727
Khatima,Uttarakhand,28.92134,79.97075,15714
Dapoli,Maharashtra,17.75927,73.18816,15713
Bari Sadri,Rajasthan,24.41339,74.47331,15713
Kumarapalaiyam,Tamil Nadu,11.5021,77.25554,15706
Kabilpor,Gujarat,20.95078,72.9583,15699
Periyapatti,Tamil Nadu,11.20516,78.15118,15690
Yamjal,Telangana,17.26944,78.57667,15689
Rahon,Punjab,31.05275,76.11907,15676
Vadakancheri,Kerala,10.66039,76.24656,15674
Bagar,Rajasthan,28.18784,75.50012,15670
Manaveli,Puducherry,11.89091,79.81037,15666
Manthani,Telangana,18.65087,79.66501,15661
Vidyavihar,Rajasthan,28.36812,75.58398,15644
Neb Sarai,Delhi,28.50841,77.20063,15640
Lakhipur,Assam,26.03001,90.30611,15633
Panangad,Kerala,10.27284,76.17475,15630
Chokkanathapuram,Tamil Nadu,9.99207,77.35657,15625
Kamatgi,Maharashtra,16.07786,75.81321,15620
Khutar,Uttar Pradesh,28.20307,80.27046,15618
Satalkheri,Rajasthan,24.65218,75.99826,15617
Maval,Maharashtra,18.75527,73.44428,15612
Kasara,Maharashtra,19.6451,73.47434,15611
Narayankher,Telangana,18.03413,77.77284,15610
Agaram,Tamil Nadu,10.44325,77.94848,15610
Baben,Gujarat,21.13725,73.09647,15610
Salangaippalaiyam,Tamil Nadu,11.42599,77.57074,15609
Baberu,Uttar Pradesh,25.54711,80.70443,15607
Danta,Rajasthan,27.29636,75.18665,15594
Badshahpur,Haryana,28.39317,77.04919,15593
Haripad,Kerala,9.28358,76.45519,15588
Chengala,Kerala,12.49839,75.0503,15588
Gulgam,Jammu and Kashmir,34.55005,74.21729,15587
Kuchinda,Odisha,21.74356,84.34848,15576
Kompalli,Telangana,17.54499,78.48836,15575
Husainpur,Punjab,31.31185,75.32172,15575
Kalher,Maharashtra,19.24724,73.01515,15573
Tosham,Haryana,28.86993,75.9165,15559
Ponmana,Tamil Nadu,8.35525,77.3283,15554
Sanjan,Gujarat,20.19165,72.81827,15544
Bilsanda,Uttar Pradesh,28.24341,79.95135,15538
Leteri,Madhya Pradesh,24.05979,77.40858,15519
Vettavalam,Tamil Nadu,12.10769,79.24516,15506
Mani Majra,Haryana,30.71397,76.83824,15489
Kurwai,Madhya Pradesh,24.11722,78.03833,15487
Taranagar,Tripura,23.96877,91.37081,15481
Kosigi,Andhra Pradesh,15.8551,77.24463,15455
Brahmanan di Bari,Jammu and Kashmir,32.64398,74.91099,15453
Tindal,Tamil Nadu,11.31691,77.67422,15440
Kalugumalai,Tamil Nadu,9.14941,77.70569,15423
Tirthahalli,Karnataka,13.68835,75.24548,15422
Ajeetgarh,Rajasthan,27.41933,75.82143,15414
Parvatsar,Rajasthan,26.88604,74.76602,15405
Kachhwa,Uttar Pradesh,25.20615,82.71442,15381
Ramachandrapuran,Telangana,17.51258,78.28854,15381
Rampur,Odisha,21.07351,84.34095,15379
Sayla,Gujarat,22.54925,71.48324,15376
Seoni Chhapara,Madhya Pradesh,22.39388,79.54236,15371
Purushottampur,Odisha,19.52024,84.88514,15366
Bah,Uttar Pradesh,26.86912,78.59385,15359
Kanhirode,Kerala,11.91842,75.4645,15353
Dornakal,Telangana,17.44475,80.14905,15350
Davorlim,Goa,15.27221,73.99242,15350
Morampudi,Andhra Pradesh,16.98005,81.83715,15346
Penha de Franca,Goa,15.51705,73.83537,15342
Kanchanpur,Tripura,24.03592,92.19959,15341
Badgam,Jammu and Kashmir,34.01524,74.72074,15338
Palaiyam,Tamil Nadu,10.72561,78.13538,15336
Pappinivattom,Kerala,10.29372,76.15835,15336
Mirganj,Uttar Pradesh,28.54012,79.20817,15335
Kushalnagar,Karnataka,12.45795,75.95904,15326
Darasuram,Tamil Nadu,10.9499,79.35607,15326
Sayan,Gujarat,21.31977,72.88167,15324
Bhauri,Rajasthan,24.66094,72.91401,15312
Kathor,Gujarat,21.28854,72.9407,15311
Villukuri,Tamil Nadu,8.2226,77.37323,15304
Baonli,Rajasthan,26.32611,76.22829,15300
Bantva,Gujarat,21.48815,70.07576,15291
Chimbel,Goa,15.49261,73.87474,15289
Dalkola,West Bengal,25.87577,87.84009,15285
Srivardhan,Maharashtra,18.04592,73.01552,15279
Vilattikulam,Tamil Nadu,9.13227,78.16635,15277
Koratagere,Karnataka,13.522,77.2373,15265
Thekkumkara,Kerala,10.28194,76.21322,15258
Bommasandra Industrial Area,Karnataka,12.81774,77.68415,15254
Kudali,Kerala,11.91982,75.47218,15236
Yadagirigutta,Telangana,17.58894,78.94336,15232
Mulanur,Tamil Nadu,10.79426,77.7115,15223
Ichhawar,Madhya Pradesh,23.02816,77.01729,15221
Saram,Jharkhand,23.76254,85.83003,15212
Jugial,Punjab,32.36839,75.67819,15210
Goniana Mandi,Punjab,30.31679,74.91254,15208
Gangolli,Karnataka,13.65024,74.67072,15200
R.S. Pora,Jammu and Kashmir,32.60591,74.7334,15197
Niz-Hajo,Assam,26.24942,91.5243,15188
Kilattingal,Kerala,8.69264,76.79332,15185
Kangeyanallur,Tamil Nadu,12.95081,79.15062,15177
Buguda,Odisha,19.80806,84.79084,15176
Khapa,Maharashtra,21.42243,78.98168,15175
Petlawad,Madhya Pradesh,23.01102,74.79772,15174
Mahabalipuram,Tamil Nadu,12.62091,80.19331,15172
Ghantapada,Odisha,20.93453,85.18788,15169
Sultan Pur,Delhi,28.49555,77.16112,15160
Lormi,Chhattisgarh,22.27434,81.70181,15156
Ottakkadai,Tamil Nadu,9.95795,78.18863,15152
Korwai,Madhya Pradesh,24.11774,78.04007,15136
Kenda,West Bengal,23.1959,86.51499,15131
Pupri,Bihar,26.47079,85.70311,15129
Ayikudi,Tamil Nadu,9.00322,77.34494,15129
Karamuck,Kerala,10.48421,76.10445,15129
Shrivardhan,Maharashtra,18.05318,73.0011,15123
Saligram,Karnataka,13.49908,74.70943,15123
Garot,Madhya Pradesh,24.32342,75.65204,15122
Phek,Manipur,25.66667,94.5,15118
Sorada,Odisha,19.76082,84.42997,15117
Kizhariyur,Kerala,11.4982,75.68069,15116
Kharhial,Odisha,20.28845,82.7606,15087
Tirunageswaram,Tamil Nadu,10.96464,79.4293,15082
Naraini,Madhya Pradesh,25.19033,80.475,15077
Lalpur,Gujarat,22.19073,69.96351,15076
Amingarh,Karnataka,16.05662,75.94773,15073
Panth Piplia,Madhya Pradesh,24.19511,75.00603,15070
Usehat,Uttar Pradesh,27.79796,79.23763,15068
Alur,Tamil Nadu,8.19311,77.36428,15063
Pachperwa,Uttar Pradesh,27.51234,82.64297,15056
Sumbal,Jammu and Kashmir,34.23072,74.6472,15041
Khamaria,Madhya Pradesh,23.22558,79.88007,15019
Un,Uttar Pradesh,29.58479,77.2554,15007
Misrikh,Uttar Pradesh,27.43137,80.53157,15007
Kaveripatnam,Tamil Nadu,12.42186,78.2188,15006
Ahwa,Gujarat,20.75718,73.68626,15004
